DT,TempF,HumidityPct,CloudCoverPct,WindSpeedMph,WindDirectionDeg,PrecipIn,GHI_Wm2,IsDay,Dynamic_Weather_Correction_F
2026-08-01 18:00:00-07:00,102.05777173333333,16.0,1.0,4.0,313.0,0.0,470.0,1,-0.24222826666666608
2026-08-01 19:00:00-07:00,100.76276595181191,17.0,3.0,3.7,308.0,0.0,257.0,1,-0.23723404818808477
2026-08-01 20:00:00-07:00,97.3676572003995,18.0,2.0,3.0,318.0,0.0,50.0,1,-0.23234279960048698
2026-08-01 21:00:00-07:00,88.17244760211068,27.0,0.0,4.4,204.0,0.0,0.0,0,-0.22755239788933215
2026-08-01 22:00:00-07:00,84.177139236188,33.0,0.0,3.4,176.0,0.0,0.0,0,-0.22286076381200842
2026-08-01 23:00:00-07:00,80.08173413900465,38.0,0.0,5.9,143.0,0.0,0.0,0,-0.2182658609953511
2026-08-02 00:00:00-07:00,78.58623430494823,39.0,0.0,5.2,155.0,0.0,0.0,0,-0.21376569505176823
2026-08-02 01:00:00-07:00,75.0906416872864,44.0,0.0,4.8,158.0,0.0,0.0,0,-0.20935831271358943
2026-08-02 02:00:00-07:00,73.89495819901474,45.0,0.0,5.4,161.0,0.0,0.0,0,-0.20504180098526315
2026-08-02 03:00:00-07:00,72.59918571368696,46.0,0.0,4.2,162.0,0.0,0.0,0,-0.20081428631303305
2026-08-02 04:00:00-07:00,68.80332606622827,52.0,0.0,4.1,189.0,0.0,0.0,0,-0.1966739337717345
2026-08-02 05:00:00-07:00,68.40738105373164,50.0,0.0,3.4,90.0,0.0,0.0,0,-0.19261894626835718
2026-08-02 06:00:00-07:00,65.51135243623797,53.0,0.0,1.7,67.0,0.0,0.0,0,-0.18864756376202862
2026-08-02 07:00:00-07:00,66.61524193749992,52.0,0.0,1.9,111.0,0.0,40.0,1,-0.1847580625000798
2026-08-02 08:00:00-07:00,74.41905124573013,42.0,0.0,1.3,135.0,0.0,214.0,1,-0.18094875426986176
2026-08-02 09:00:00-07:00,82.82278201433401,36.0,0.0,0.5,117.0,0.0,415.0,1,-0.17721798566598776
2026-08-02 10:00:00-07:00,87.62643586262732,30.0,0.0,3.2,335.0,0.0,612.0,1,-0.17356413737268356
2026-08-02 11:00:00-07:00,91.23001437653907,28.0,0.0,4.9,321.0,0.0,776.0,1,-0.16998562346093382
2026-08-02 12:00:00-07:00,94.33351910929989,25.0,0.0,5.7,301.0,0.0,896.0,1,-0.16648089070012023
2026-08-02 13:00:00-07:00,97.23695158211615,22.0,0.0,4.6,299.0,0.0,969.0,1,-0.16304841788385152
2026-08-02 14:00:00-07:00,99.9403132848303,21.0,0.0,5.1,293.0,0.0,979.0,1,-0.1596867151696941
2026-08-02 15:00:00-07:00,102.64360567656747,19.0,0.0,5.9,290.0,0.0,925.0,1,-0.15639432343251544
2026-08-02 16:00:00-07:00,103.64683018636883,18.0,0.0,6.1,287.0,0.0,821.0,1,-0.15316981363116045
2026-08-02 17:00:00-07:00,103.54998821381182,18.0,0.0,6.4,306.0,0.0,664.0,1,-0.15001178618818545
2026-08-02 18:00:00-07:00,102.85308112961762,17.0,0.0,6.0,304.0,0.0,469.0,1,-0.14691887038238066
2026-08-02 19:00:00-07:00,101.65611027624618,16.0,0.0,3.7,303.0,0.0,259.0,1,-0.1438897237538177
2026-08-02 20:00:00-07:00,96.35907696847883,16.0,0.0,3.9,294.0,0.0,50.0,1,-0.14092303152116356
2026-08-02 21:00:00-07:00,90.36198249398899,21.0,0.0,4.6,227.0,0.0,0.0,0,-0.1380175060110083
2026-08-02 22:00:00-07:00,82.96482811390104,30.0,0.0,4.1,186.0,0.0,0.0,0,-0.13517188609895883
2026-08-02 23:00:00-07:00,80.26761506333774,34.0,0.0,6.4,129.0,0.0,0.0,0,-0.13238493666225626
2026-08-03 00:00:00-07:00,78.77034455195633,36.0,0.0,5.3,144.0,0.0,0.0,0,-0.1296554480436786
2026-08-03 01:00:00-07:00,76.5730177644735,40.0,0.0,4.7,161.0,0.0,0.0,0,-0.1269822355264972
2026-08-03 02:00:00-07:00,74.57563586117975,47.0,0.0,5.5,153.0,0.0,0.0,0,-0.12436413882025814
2026-08-03 03:00:00-07:00,72.97819997844283,46.0,0.0,3.9,149.0,0.0,0.0,0,-0.12180002155716557
2026-08-03 04:00:00-07:00,71.08071122920116,47.0,0.0,5.0,172.0,0.0,0.0,0,-0.1192887707988489
2026-08-03 05:00:00-07:00,69.68317070344669,47.0,0.0,4.4,150.0,0.0,0.0,0,-0.11682929655329899
2026-08-03 06:00:00-07:00,68.38557946869824,45.0,0.0,5.0,144.0,0.0,0.0,0,-0.1144205313017643
2026-08-03 07:00:00-07:00,69.3879385704646,48.0,0.0,3.0,163.0,0.0,38.0,1,-0.11206142953540135
2026-08-03 08:00:00-07:00,76.19024903269852,39.0,0.0,2.7,156.0,0.0,213.0,1,-0.10975096730147844
2026-08-03 09:00:00-07:00,83.49251185824106,31.0,0.0,0.8,214.0,0.0,417.0,1,-0.10748814175893558
2026-08-03 10:00:00-07:00,89.49472802925689,27.0,0.0,2.0,297.0,0.0,611.0,1,-0.10527197074310789
2026-08-03 11:00:00-07:00,93.99689850766057,23.0,0.0,3.8,310.0,0.0,778.0,1,-0.1031014923394235
2026-08-03 12:00:00-07:00,97.89902423553411,19.0,0.0,4.9,309.0,0.0,902.0,1,-0.10097576446589074
2026-08-03 13:00:00-07:00,100.80110613553582,16.0,0.0,5.1,308.0,0.0,973.0,1,-0.0988938644641936
2026-08-03 14:00:00-07:00,103.00314511130078,16.0,0.0,4.8,292.0,0.0,981.0,1,-0.09685488869921795
2026-08-03 15:00:00-07:00,104.60514204783317,14.0,0.0,5.4,279.0,0.0,926.0,1,-0.09485795216683456
2026-08-03 16:00:00-07:00,105.30709781189023,13.0,0.0,5.8,283.0,0.0,817.0,1,-0.09290218810976886
2026-08-03 17:00:00-07:00,105.10901325235861,12.0,0.0,6.5,286.0,0.0,659.0,1,-0.09098674764139064
2026-08-03 18:00:00-07:00,104.11088920062274,12.0,0.0,6.8,287.0,0.0,462.0,1,-0.08911079937726023
2026-08-03 19:00:00-07:00,102.71272647092573,11.0,0.0,5.8,286.0,0.0,252.0,1,-0.08727352907427165
2026-08-03 20:00:00-07:00,96.31452586072277,16.0,0.0,6.1,264.0,0.0,44.0,1,-0.08547413927723557
2026-08-03 21:00:00-07:00,89.11628815102725,17.0,0.0,4.8,221.0,0.0,0.0,0,-0.0837118489727492
2026-08-03 22:00:00-07:00,84.01801410674979,22.0,0.0,5.0,162.0,0.0,0.0,0,-0.08198589325020245
2026-08-03 23:00:00-07:00,81.31970447703023,24.0,0.0,6.1,147.0,0.0,0.0,0,-0.08029552296977346
2026-08-04 00:00:00-07:00,79.52135999556272,27.0,0.0,6.3,163.0,0.0,0.0,0,-0.07864000443726944
2026-08-04 01:00:00-07:00,77.52298138091432,31.0,0.0,7.5,170.0,0.0,0.0,0,-0.07701861908567136
2026-08-04 02:00:00-07:00,74.92456933683675,34.0,0.0,6.3,172.0,0.0,0.0,0,-0.07543066316324469
2026-08-04 03:00:00-07:00,73.02612455257191,36.0,0.0,6.4,162.0,0.0,0.0,0,-0.07387544742808061
2026-08-04 04:00:00-07:00,71.32764770315107,38.0,0.0,7.0,158.0,0.0,0.0,0,-0.07235229684893495
2026-08-04 05:00:00-07:00,70.12913944968777,40.0,0.0,7.6,159.0,0.0,0.0,0,-0.07086055031223532
2026-08-04 06:00:00-07:00,68.83060043966488,42.0,0.0,7.5,163.0,0.0,0.0,0,-0.06939956033512912
2026-08-04 07:00:00-07:00,70.03203130721555,41.0,0.0,8.0,169.0,0.0,39.0,1,-0.06796869278444777
2026-08-04 08:00:00-07:00,73.63343267339853,39.0,1.0,8.3,174.0,0.0,218.0,1,-0.06656732660146537
2026-08-04 09:00:00-07:00,78.03480514646766,35.0,0.0,8.1,174.0,0.0,424.0,1,-0.06519485353233224
2026-08-04 10:00:00-07:00,83.53614932213593,29.0,0.0,7.6,182.0,0.0,620.0,1,-0.06385067786406627
2026-08-04 11:00:00-07:00,89.33746578383402,25.0,0.0,7.1,198.0,0.0,786.0,1,-0.06253421616598755
2026-08-04 12:00:00-07:00,94.83875510296352,19.0,0.0,6.3,212.0,0.0,906.0,1,-0.06124489703648419
2026-08-04 13:00:00-07:00,99.040017839145,17.0,0.0,6.7,222.0,0.0,973.0,1,-0.059982160854999106
2026-08-04 14:00:00-07:00,101.84125454046088,15.0,0.0,6.5,236.0,0.0,981.0,1,-0.058745459539130344
2026-08-04 15:00:00-07:00,103.64246574369326,12.0,0.0,7.6,238.0,0.0,936.0,1,-0.057534256306739584
2026-08-04 16:00:00-07:00,104.04365197455702,10.0,0.0,7.8,237.0,0.0,832.0,1,-0.056348025442965285
2026-08-04 17:00:00-07:00,103.44481374792797,10.0,0.0,8.1,236.0,0.0,675.0,1,-0.055186252072039546
2026-08-04 18:00:00-07:00,101.54595156806619,10.0,0.0,8.5,227.0,0.0,480.0,1,-0.05404843193380977
2026-08-04 19:00:00-07:00,97.84706592883514,12.0,0.0,8.8,216.0,0.0,263.0,1,-0.052934071164867674
2026-08-04 20:00:00-07:00,90.04815731391581,20.0,0.0,7.9,205.0,0.0,45.0,1,-0.051842686084191195
2026-08-04 21:00:00-07:00,84.7492261970168,25.0,0.0,6.7,188.0,0.0,0.3,0,-0.050773802983205905
2026-08-04 22:00:00-07:00,82.25027304207983,28.0,0.0,7.5,162.0,0.0,0.0,0,-0.049726957920174834
2026-08-04 23:00:00-07:00,81.95129830348117,25.0,0.0,7.9,152.0,0.0,0.0,0,-0.04870169651882761
2026-08-05 00:00:00-07:00,82.25230242622885,21.0,0.0,8.0,150.0,0.0,0.0,0,-0.047697573771141456
2026-08-05 01:00:00-07:00,79.85328584615581,24.0,0.0,8.0,150.0,0.0,0.0,0,-0.04671415384418827
2026-08-05 02:00:00-07:00,77.95424899010904,27.0,0.0,7.9,145.0,0.0,0.0,0,-0.04575100989096424
2026-08-05 03:00:00-07:00,76.15519227613488,29.0,0.0,7.9,145.0,0.0,0.0,0,-0.0448077238651197
2026-08-05 04:00:00-07:00,74.35611611366049,33.0,0.0,7.8,147.0,0.0,0.0,0,-0.0438838863395088
2026-08-05 05:00:00-07:00,73.05702090367151,35.0,0.0,7.3,146.0,0.0,0.0,0,-0.04297909632848034
2026-08-05 06:00:00-07:00,71.75790703888616,38.0,0.0,6.7,150.0,0.0,0.0,0,-0.04209296111383258
2026-08-05 07:00:00-07:00,71.65877490392565,40.0,0.0,6.0,149.0,0.0,29.0,1,-0.04122509607435641
2026-08-05 08:00:00-07:00,73.95962487548111,38.0,0.0,5.7,149.0,0.0,195.0,1,-0.04037512451889313
2026-08-05 09:00:00-07:00,77.76045732247717,33.0,0.0,5.8,164.0,0.0,399.0,1,-0.039542677522834
2026-08-05 10:00:00-07:00,82.26127260623201,27.0,0.0,5.6,185.0,0.0,595.0,1,-0.038727393767990954
2026-08-05 11:00:00-07:00,87.66207108061424,20.0,0.0,4.7,205.0,0.0,762.0,1,-0.03792891938576885
2026-08-05 12:00:00-07:00,92.36285309219643,15.0,0.0,4.8,214.0,0.0,886.0,1,-0.03714690780357107
2026-08-05 13:00:00-07:00,96.46361898040563,11.0,0.0,4.7,215.0,0.0,957.0,1,-0.0363810195943719
2026-08-05 14:00:00-07:00,99.86436907767062,9.0,0.0,4.5,207.0,0.0,969.0,1,-0.03563092232939054
2026-08-05 15:00:00-07:00,102.26510370956619,9.0,0.0,5.4,197.0,0.0,920.0,1,-0.0348962904338025
2026-08-05 16:00:00-07:00,103.66582319495458,9.0,0.0,6.2,201.0,0.0,815.0,1,-0.03417680504542599
2026-08-05 17:00:00-07:00,104.06652784612368,9.0,0.0,8.2,209.0,0.0,662.0,1,-0.03347215387632183
2026-08-05 18:00:00-07:00,102.26721796892275,8.0,0.0,9.4,211.0,0.0,476.0,1,-0.032782031077247004
2026-08-05 19:00:00-07:00,98.6678938628951,9.0,0.0,9.2,206.0,0.0,273.0,1,-0.03210613710490267
2026-08-05 20:00:00-07:00,93.26855582140807,13.0,0.0,7.7,197.0,0.0,78.0,1,-0.031444178591919454
2026-08-05 21:00:00-07:00,88.76920413178047,18.0,0.0,6.7,176.0,0.0,0.0,0,-0.030795868219523157
2026-08-05 22:00:00-07:00,85.66983907540718,21.0,0.0,7.0,153.0,0.0,0.0,0,-0.030160924592825995
2026-08-05 23:00:00-07:00,83.17046092788131,23.0,0.0,8.1,152.0,0.0,0.0,0,-0.029539072118688982
2026-08-06 00:00:00-07:00,80.77106995911389,25.0,0.0,8.5,153.0,0.0,0.0,0,-0.028930040886102428
2026-08-06 01:00:00-07:00,78.27166643345096,29.0,0.0,8.5,157.0,0.0,0.0,0,-0.028333566549032956
2026-08-06 02:00:00-07:00,76.27225060978832,33.0,0.0,8.4,151.0,0.0,0.0,0,-0.02774939021168576
2026-08-06 03:00:00-07:00,74.47282274168387,35.0,0.0,8.4,148.0,0.0,0.0,0,-0.02717725831613256
2026-08-06 04:00:00-07:00,73.47338307746774,36.0,0.0,7.4,151.0,0.0,0.0,0,-0.026616922532256494
2026-08-06 05:00:00-07:00,72.37393186035004,38.0,0.0,6.8,153.0,0.0,0.0,0,-0.026068139649966005
2026-08-06 06:00:00-07:00,71.67446932852637,40.0,0.0,6.0,153.0,0.0,0.0,0,-0.025530671473631094
2026-08-06 07:00:00-07:00,71.67499571528131,41.0,0.0,5.4,150.0,0.0,27.0,1,-0.025004284718696087
2026-08-06 08:00:00-07:00,74.17551124908958,37.0,0.0,4.8,158.0,0.0,190.0,1,-0.024488750910423976
2026-08-06 09:00:00-07:00,78.07601615371527,31.0,0.0,4.3,180.0,0.0,393.0,1,-0.02398384628472842
2026-08-06 10:00:00-07:00,82.57651064830894,26.0,0.0,3.9,204.0,0.0,587.0,1,-0.023489351691050483
2026-08-06 11:00:00-07:00,87.47699494750276,20.0,0.0,4.3,208.0,0.0,755.0,1,-0.02300505249723768
2026-08-06 12:00:00-07:00,92.17746926150362,15.0,0.0,4.3,215.0,0.0,879.0,1,-0.02253073849638433
2026-08-06 13:00:00-07:00,96.4779337961844,11.0,5.0,4.8,214.0,0.0,948.0,1,-0.022066203815592628
2026-08-06 14:00:00-07:00,99.8783887531734,9.0,8.0,5.0,207.0,0.0,957.0,1,-0.021611246826614847
2026-08-06 15:00:00-07:00,102.27883432994166,8.0,100.0,5.0,198.0,0.0,871.0,1,-0.02116567005833789
2026-08-06 16:00:00-07:00,104.17927071988893,7.0,100.0,5.9,205.0,0.0,759.0,1,-0.020729280111072276
2026-08-06 17:00:00-07:00,104.57969811242738,6.0,100.0,8.1,212.0,0.0,622.0,1,-0.020301887572608264
2026-08-06 18:00:00-07:00,102.78011669306399,6.0,54.0,9.3,207.0,0.0,466.0,1,-0.019883306936002678
2026-08-06 19:00:00-07:00,99.38052664348095,8.0,100.0,8.7,198.0,0.0,253.0,1,-0.019473356519060875
2026-08-06 20:00:00-07:00,93.98092814161453,13.0,100.0,8.1,183.0,0.0,69.0,1,-0.019071858385478774
2026-08-06 21:00:00-07:00,89.48132136173238,17.0,50.0,7.7,165.0,0.0,0.0,0,-0.018678638267610702
2026-08-06 22:00:00-07:00,86.38170647450917,18.0,57.0,8.0,157.0,0.0,0.0,0,-0.018293525490829743
2026-08-06 23:00:00-07:00,83.68208364710055,20.0,5.0,8.2,151.0,0.0,0.0,0,-0.017916352899447482
2026-08-07 00:00:00-07:00,81.58245304321584,22.0,5.0,8.0,150.0,0.0,0.0,0,-0.017546956784161162
2026-08-07 01:00:00-07:00,79.88281482318901,23.0,6.0,7.9,151.0,0.0,0.0,0,-0.017185176810996763
2026-08-07 02:00:00-07:00,78.68316914404829,23.0,0.0,7.7,150.0,0.0,0.0,0,-0.016830855951717058
2026-08-07 03:00:00-07:00,77.08351615958433,24.0,0.0,7.6,152.0,0.0,0.0,0,-0.016483840415664537
2026-08-07 04:00:00-07:00,75.58385602041699,26.0,0.0,6.8,148.0,0.0,0.0,0,-0.016143979583009588
2026-08-07 05:00:00-07:00,74.48418887406062,27.0,0.0,5.6,146.0,0.0,0.0,0,-0.015811125939374938
2026-08-07 06:00:00-07:00,73.78451486498818,27.0,0.0,4.6,151.0,0.0,0.0,0,-0.015485135011807979
2026-08-07 07:00:00-07:00,74.18483413469393,27.0,0.0,3.3,152.0,0.0,27.0,1,-0.015165865306073258
2026-08-07 08:00:00-07:00,77.58514682175476,24.0,0.0,2.5,170.0,0.0,189.0,1,-0.014853178245237806
2026-08-07 09:00:00-07:00,81.58545306189048,20.0,0.0,3.2,205.0,0.0,392.0,1,-0.014546938109522723
2026-08-07 10:00:00-07:00,86.0857529880226,17.0,0.0,3.4,233.0,0.0,587.0,1,-0.014247011977394908
2026-08-07 11:00:00-07:00,90.58604673033211,14.0,0.0,3.8,234.0,0.0,753.0,1,-0.013953269667873334
2026-08-07 12:00:00-07:00,95.08633441631596,11.0,0.0,4.3,223.0,0.0,876.0,1,-0.013665583684024814
2026-08-07 13:00:00-07:00,99.18661617084238,9.0,0.0,4.6,219.0,0.0,948.0,1,-0.013383829157624825
2026-08-07 14:00:00-07:00,102.38689211620505,7.0,0.0,4.8,214.0,0.0,959.0,1,-0.01310788379495926
2026-08-07 15:00:00-07:00,105.08716237217625,6.0,0.0,4.9,210.0,0.0,909.0,1,-0.012837627823743612
2026-08-07 16:00:00-07:00,106.88742705605887,6.0,0.0,5.0,201.0,0.0,804.0,1,-0.012572943941136639
2026-08-07 17:00:00-07:00,107.98768628273717,5.0,0.0,6.4,205.0,0.0,652.0,1,-0.012313717262825805
2026-08-07 18:00:00-07:00,106.78794016472683,4.0,0.0,8.6,213.0,0.0,466.0,1,-0.012059835273162484
2026-08-07 19:00:00-07:00,103.18818881222367,6.0,0.0,8.4,209.0,0.0,264.0,1,-0.011811187776325303
2026-08-07 20:00:00-07:00,96.88843233315151,11.0,0.0,7.9,190.0,0.0,72.0,1,-0.011567666848490359
2026-08-07 21:00:00-07:00,91.98867083320901,15.0,0.0,7.4,164.0,0.0,0.0,0,-0.011329166790987558
2026-08-07 22:00:00-07:00,88.58890441591556,17.0,0.0,8.0,150.0,0.0,0.0,0,-0.01109558408442284
2026-08-07 23:00:00-07:00,86.08913318265625,18.0,0.0,8.5,145.0,0.0,0.0,0,-0.010866817343746235
2026-08-08 00:00:00-07:00,83.48935723272575,19.0,0.0,8.7,145.0,0.0,0.0,0,-0.01064276727424634
2026-08-08 01:00:00-07:00,81.68957666337155,20.0,0.0,8.5,150.0,0.0,0.0,0,-0.010423336628452115
2026-08-08 02:00:00-07:00,79.88979156983608,21.0,0.0,8.1,156.0,0.0,0.0,0,-0.01020843016392325
2026-08-08 03:00:00-07:00,78.29000204539808,22.0,0.0,7.3,157.0,0.0,0.0,0,-0.00999795460191078
2026-08-08 04:00:00-07:00,76.99020818141312,24.0,0.0,6.2,159.0,0.0,0.0,0,-0.00979181858687009
2026-08-08 05:00:00-07:00,76.29041006735319,25.0,0.0,5.0,159.0,0.0,0.0,0,-0.009589932646808613
2026-08-08 06:00:00-07:00,76.29060779084554,25.0,0.0,3.8,159.0,0.0,0.0,0,-0.009392209154451091
2026-08-08 07:00:00-07:00,76.7908014377108,25.0,0.0,2.8,166.0,0.0,36.0,1,-0.00919856228920555
2026-08-08 08:00:00-07:00,78.69099109200009,24.0,0.0,2.0,180.0,0.0,179.0,1,-0.009008907999913421
2026-08-08 09:00:00-07:00,82.59117683603162,21.0,0.0,2.1,212.0,0.0,353.0,1,-0.008823163968367666
2026-08-08 10:00:00-07:00,87.69135875042642,17.0,0.0,3.0,228.0,0.0,551.0,1,-0.008641249573583126
2026-08-08 11:00:00-07:00,92.4915369141432,13.0,0.0,4.0,232.0,0.0,738.0,1,-0.008463085856803491
2026-08-08 12:00:00-07:00,96.69171140451277,11.0,0.0,4.4,225.0,0.0,873.0,1,-0.00828859548722977
2026-08-08 13:00:00-07:00,100.49188229727154,9.0,0.0,4.7,211.0,0.0,949.0,1,-0.008117702728455365
2026-08-08 14:00:00-07:00,103.49204966659441,7.0,0.0,5.4,204.0,0.0,966.0,1,-0.007950333405593176
2026-08-08 15:00:00-07:00,106.29221358512692,5.0,0.0,6.4,205.0,0.0,927.0,1,-0.007786414873080471
2026-08-08 16:00:00-07:00,108.39237412401685,4.0,0.0,7.4,209.0,0.0,830.0,1,-0.007625875983147562
2026-08-08 17:00:00-07:00,108.39253135294507,4.0,0.0,8.1,208.0,0.0,681.0,1,-0.007468647054936578
2026-08-08 18:00:00-07:00,105.09268534015574,6.0,0.0,8.1,201.0,0.0,489.0,1,-0.007314659844256928
2026-08-08 19:00:00-07:00,99.69283615248604,10.0,0.0,8.2,191.0,0.0,287.0,1,-0.007163847513964378
2026-08-08 20:00:00-07:00,94.49298385539505,14.0,0.0,8.5,180.0,0.0,98.0,1,-0.007016144604950816
2026-08-08 21:00:00-07:00,90.39312851299228,17.0,0.0,8.9,168.0,0.0,0.0,0,-0.006871487007732141
2026-08-08 22:00:00-07:00,86.49327018806538,21.0,0.0,9.7,157.0,0.0,0.0,0,-0.006729811934621981
2026-08-08 23:00:00-07:00,83.19340894210752,24.0,0.0,10.2,151.0,0.0,0.0,0,-0.006591057892479091
2026-08-09 00:00:00-07:00,80.69354483534399,27.0,0.0,9.7,154.0,0.0,0.0,0,-0.006455164656016657
2026-08-09 01:00:00-07:00,78.79367792675833,30.0,0.0,8.4,163.0,0.0,0.0,0,-0.006322073241661918
2026-08-09 02:00:00-07:00,77.19380827411806,32.0,0.0,7.7,172.0,0.0,0.0,0,-0.006191725881954715
2026-08-09 03:00:00-07:00,75.89393593399953,34.0,1.0,7.0,174.0,0.0,0.0,0,-0.0060640660004739055
2026-08-09 04:00:00-07:00,74.89406096181273,36.0,2.0,6.5,178.0,0.0,0.0,0,-0.005939038187280742
2026-08-09 05:00:00-07:00,74.39418341182514,37.0,3.0,5.8,178.0,0.0,0.0,0,-0.005816588174868549
2026-08-09 06:00:00-07:00,73.89430333718539,38.0,2.0,5.1,178.0,0.0,0.0,0,-0.005696662814608255
2026-08-09 07:00:00-07:00,73.89442078994632,38.0,1.0,4.5,174.0,0.0,34.0,1,-0.005579210053679595
2026-08-09 08:00:00-07:00,75.29453582108752,37.0,0.0,4.1,174.0,0.0,175.0,1,-0.005464178912477908
2026-08-09 09:00:00-07:00,78.69464848053751,33.0,0.0,4.0,183.0,0.0,346.0,1,-0.005351519462486776
2026-08-09 10:00:00-07:00,83.49475881719539,26.0,0.0,4.6,194.0,0.0,542.0,1,-0.005241182804606885
2026-08-09 11:00:00-07:00,87.99486687895207,21.0,0.0,5.2,200.0,0.0,726.0,1,-0.005133121047931679
2026-08-09 12:00:00-07:00,92.39497271271105,17.0,2.0,5.4,199.0,0.0,860.0,1,-0.005027287288960629
2026-08-09 13:00:00-07:00,96.59507636440875,13.0,4.0,5.7,198.0,0.0,936.0,1,-0.004923635591241076
2026-08-09 14:00:00-07:00,99.69517787903457,11.0,6.0,6.2,199.0,0.0,954.0,1,-0.004822120965429818
2026-08-09 15:00:00-07:00,101.69527730065023,10.0,6.0,7.2,206.0,0.0,914.0,1,-0.004722699349765759
2026-08-09 16:00:00-07:00,102.59537467240905,10.0,5.0,8.6,213.0,0.0,816.0,1,-0.004625327590945218
2026-08-09 17:00:00-07:00,101.89547003657461,11.0,4.0,9.3,215.0,0.0,666.0,1,-0.0045299634253914995
2026-08-09 18:00:00-07:00,98.79556343453909,12.0,3.0,8.9,208.0,0.0,476.0,1,-0.004436565460910662
2026-08-09 19:00:00-07:00,94.29565490684128,14.0,1.0,8.1,196.0,0.0,276.0,1,-0.004345093158725525
2026-08-09 20:00:00-07:00,89.79574449318412,17.0,0.0,8.1,183.0,0.0,92.0,1,-0.00425550681588005
2026-08-09 21:00:00-07:00,86.19583223245199,20.0,0.0,8.6,171.0,0.0,0.0,0,-0.004167767548006566
2026-08-09 22:00:00-07:00,82.79591816272755,24.0,0.0,9.7,161.0,0.0,0.0,0,-0.004081837272448225
2026-08-09 23:00:00-07:00,79.79600232130826,28.0,0.0,10.1,158.0,0.0,0.0,0,-0.003997678691729501
2026-08-10 00:00:00-07:00,77.19608474472264,32.0,0.0,9.4,162.0,0.0,0.0,0,-0.003915255277367457
2026-08-10 01:00:00-07:00,74.99616546874599,36.0,0.0,8.3,174.0,0.0,0.0,0,-0.0038345312540167915
2026-08-10 02:00:00-07:00,73.29624452841605,40.0,0.0,7.6,183.0,0.0,0.0,0,-0.003755471583941779
2026-08-10 03:00:00-07:00,71.99632195804818,43.0,0.0,7.0,187.0,0.0,0.0,0,-0.003678041951808388
2026-08-10 04:00:00-07:00,71.2963977912502,45.0,0.0,6.4,190.0,0.0,0.0,0,-0.0036022087497899124
2026-08-10 05:00:00-07:00,70.89647206093703,46.0,0.0,5.9,189.0,0.0,0.0,0,-0.0035279390629797216
2026-08-10 06:00:00-07:00,70.79654479934489,47.0,0.0,5.6,182.0,0.0,0.0,0,-0.0034552006551047724
2026-08-10 07:00:00-07:00,70.89661603804547,46.0,0.0,5.6,175.0,0.0,32.0,1,-0.003383961954533643
2026-08-10 08:00:00-07:00,72.39668580795943,44.0,0.0,5.4,171.0,0.0,171.0,1,-0.0033141920405730845
2026-08-10 09:00:00-07:00,75.79675413936995,39.0,0.0,5.1,178.0,0.0,341.0,1,-0.003245860630047102
2026-08-10 10:00:00-07:00,80.49682106193585,31.0,0.0,5.0,190.0,0.0,536.0,1,-0.0031789380641527257
2026-08-10 11:00:00-07:00,84.99688660470441,25.0,0.0,5.0,201.0,0.0,720.0,1,-0.0031133952955868043
2026-08-10 12:00:00-07:00,89.19695079612407,21.0,0.0,5.2,205.0,0.0,854.0,1,-0.0030492038759382264
2026-08-10 13:00:00-07:00,93.29701366405666,17.0,0.0,5.1,209.0,0.0,931.0,1,-0.0029863359433400533
2026-08-10 14:00:00-07:00,96.49707523578962,15.0,0.0,5.4,210.0,0.0,949.0,1,-0.0029247642103762666
2026-08-10 15:00:00-07:00,98.79713553804775,13.0,0.0,6.3,215.0,0.0,910.0,1,-0.002864461952237851
2026-08-10 16:00:00-07:00,100.09719459700487,12.0,0.0,7.2,219.0,0.0,812.0,1,-0.0028054029951230497
2026-08-10 17:00:00-07:00,100.09725243829511,12.0,0.0,7.8,219.0,0.0,663.0,1,-0.0027475617048768053
2026-08-10 18:00:00-07:00,97.99730908702414,13.0,0.0,7.5,217.0,0.0,473.0,1,-0.0026909129758644276
2026-08-10 19:00:00-07:00,94.59736456777992,15.0,0.0,7.1,212.0,0.0,273.0,1,-0.002635432220074643
2026-08-10 20:00:00-07:00,91.09741890464355,17.0,0.0,6.5,202.0,0.0,89.0,1,-0.0025810953564473355
2026-08-10 21:00:00-07:00,87.79747212119958,20.0,0.0,6.5,184.0,0.0,0.0,0,-0.0025278788004213268
2026-08-10 22:00:00-07:00,84.3975242405463,23.0,0.0,7.4,166.0,0.0,0.0,0,-0.002475759453697638
2026-08-10 23:00:00-07:00,81.39757528530579,26.0,0.0,8.3,156.0,0.0,0.0,0,-0.0024247146942138315
2026-08-11 00:00:00-07:00,78.89762527763368,30.0,0.0,8.5,153.0,0.0,0.0,0,-0.0023747223663250533
2026-08-11 01:00:00-07:00,76.59767423922881,34.0,0.0,8.5,153.0,0.0,0.0,0,-0.0023257607711875163
2026-08-11 02:00:00-07:00,74.69772219134266,38.0,0.0,8.1,156.0,0.0,0.0,0,-0.0022778086573402557
2026-08-11 03:00:00-07:00,73.09776915478851,41.0,0.0,7.7,158.0,0.0,0.0,0,-0.0022308452114810835
2026-08-11 04:00:00-07:00,71.79781514995057,44.0,0.0,7.3,162.0,0.0,0.0,0,-0.0021848500494326957
2026-08-11 05:00:00-07:00,71.0978601967927,46.0,0.0,6.7,166.0,0.0,0.0,0,-0.0021398032072950605
2026-08-11 06:00:00-07:00,70.89790431486722,47.0,0.0,6.0,167.0,0.0,0.0,0,-0.0020956851327802208
2026-08-11 07:00:00-07:00,71.19794752332328,46.0,0.0,5.1,165.0,0.0,31.0,1,-0.0020524766767257433
2026-08-11 08:00:00-07:00,72.89798984091522,44.0,0.0,4.3,168.0,0.0,167.0,1,-0.0020101590847831515
2026-08-11 09:00:00-07:00,76.59803128601072,39.0,0.0,3.8,183.0,0.0,335.0,1,-0.0019687139892777326
2026-08-11 10:00:00-07:00,81.69807187659876,31.0,0.0,3.7,205.0,0.0,529.0,1,-0.0019281234012361542
2026-08-11 11:00:00-07:00,86.39811163029742,25.0,0.0,4.0,218.0,0.0,713.0,1,-0.0018883697025784737
2026-08-11 12:00:00-07:00,90.49815056436152,21.0,0.0,4.2,216.0,0.0,846.0,1,-0.0018494356384711314
2026-08-11 13:00:00-07:00,94.19818869569016,18.0,0.0,4.5,207.0,0.0,921.0,1,-0.001811304309837592
2026-08-11 14:00:00-07:00,97.19822604083397,15.0,0.0,4.8,202.0,0.0,937.0,1,-0.0017739591660234162
2026-08-11 15:00:00-07:00,99.8982626160024,13.0,0.0,5.0,201.0,0.0,897.0,1,-0.0017373839976125617
2026-08-11 16:00:00-07:00,101.9982984370706,11.0,0.0,5.2,200.0,0.0,799.0,1,-0.0017015629293917812
2026-08-11 17:00:00-07:00,102.39833351958654,11.0,0.0,5.4,199.0,0.0,651.0,1,-0.0016664804134600968
2026-08-11 18:00:00-07:00,100.29836787877751,12.0,0.0,5.8,203.0,0.0,462.0,1,-0.001632121222480337
2026-08-11 19:00:00-07:00,96.49840152955693,14.0,0.0,6.5,207.0,0.0,264.0,1,-0.0015984704430698033
2026-08-11 20:00:00-07:00,92.89843448653068,17.0,0.0,6.7,206.0,0.0,83.0,1,-0.001565513469327217
2026-08-11 21:00:00-07:00,89.99846676400351,20.0,31.0,6.2,193.0,0.0,0.0,0,-0.0015332359964931278
2026-08-11 22:00:00-07:00,87.39849837598527,23.0,74.0,5.9,169.0,0.0,0.0,0,-0.0015016240147410177
2026-08-11 23:00:00-07:00,84.99852933619691,26.0,100.0,6.5,153.0,0.0,0.0,0,-0.0014706638030964312
2026-08-12 00:00:00-07:00,82.79855965807651,28.0,95.0,6.9,151.0,0.0,0.0,0,-0.0014403419234814807
2026-08-12 01:00:00-07:00,80.89858935478513,29.0,74.0,7.2,154.0,0.0,0.0,0,-0.0014106452148821272
2026-08-12 02:00:00-07:00,79.19861843921237,30.0,52.0,7.1,156.0,0.0,0.0,0,-0.001381560787635733
2026-08-12 03:00:00-07:00,77.49864692398216,33.0,33.0,6.8,157.0,0.0,0.0,0,-0.0013530760178363907
2026-08-12 04:00:00-07:00,75.99867482145814,36.0,13.0,6.1,156.0,0.0,0.0,0,-0.001325178541855593
2026-08-12 05:00:00-07:00,75.09870214374902,38.0,0.0,5.6,157.0,0.0,0.0,0,-0.0012978562509758818
2026-08-12 06:00:00-07:00,74.69872890271387,39.0,0.0,5.3,158.0,0.0,0.0,0,-0.0012710972861351452
2026-08-12 07:00:00-07:00,74.99875510996722,39.0,3.0,5.0,162.0,0.0,29.0,1,-0.0012448900327792583
2026-08-12 08:00:00-07:00,76.49878077688417,37.0,6.0,4.6,169.0,0.0,162.0,1,-0.0012192231158208685
2026-08-12 09:00:00-07:00,79.8988059146053,33.0,5.0,4.0,183.0,0.0,329.0,1,-0.0011940853947021138
2026-08-12 10:00:00-07:00,84.39883053404145,27.0,2.0,3.8,208.0,0.0,521.0,1,-0.0011694659585591313
2026-08-12 11:00:00-07:00,88.7988546458785,22.0,0.0,4.0,223.0,0.0,703.0,1,-0.001145354121486271
2026-08-12 12:00:00-07:00,92.9988782605821,18.0,0.0,4.1,225.0,0.0,835.0,1,-0.0011217394178979507
2026-08-12 13:00:00-07:00,97.29890138840202,15.0,1.0,4.1,221.0,0.0,910.0,1,-0.0010986115979861309
2026-08-12 14:00:00-07:00,100.59892403937673,13.0,2.0,4.3,215.0,0.0,927.0,1,-0.0010759606232714557
2026-08-12 15:00:00-07:00,103.19894622333776,12.0,2.0,5.1,209.0,0.0,887.0,1,-0.0010537766622461192
2026-08-12 16:00:00-07:00,104.8989679499139,11.0,1.0,6.3,203.0,0.0,789.0,1,-0.0010320500861065581
2026-08-12 17:00:00-07:00,104.79898922853542,11.0,0.0,7.4,201.0,0.0,642.0,1,-0.0010107714645741347
2026-08-12 18:00:00-07:00,101.79901006843819,12.0,0.0,8.3,204.0,0.0,455.0,1,-0.0009899315618019885
2026-08-12 19:00:00-07:00,97.09903047866763,13.0,0.0,9.0,207.0,0.0,259.0,1,-0.0009695213323662733
2026-08-12 20:00:00-07:00,92.69905046808266,15.0,0.0,8.9,205.0,0.0,80.0,1,-0.0009495319173400503
2026-08-12 21:00:00-07:00,89.49907004535955,17.0,0.0,7.8,192.0,0.0,0.0,0,-0.0009299546404481337
2026-08-12 22:00:00-07:00,86.59908921899569,20.0,0.0,7.1,167.0,0.0,0.0,0,-0.0009107810043012025
2026-08-12 23:00:00-07:00,84.09910799731328,23.0,0.0,7.5,150.0,0.0,0.0,0,-0.0008920026867075689
2026-08-13 00:00:00-07:00,81.99912638846294,25.0,1.0,8.1,146.0,0.0,0.0,0,-0.0008736115370609859
2026-08-13 01:00:00-07:00,80.3991444004272,27.0,1.0,8.3,149.0,0.0,0.0,0,-0.0008555995728029261
2026-08-13 02:00:00-07:00,78.69916204102404,30.0,2.0,8.6,152.0,0.0,0.0,0,-0.0008379589759578065
2026-08-13 03:00:00-07:00,76.69917931791026,34.0,3.0,8.6,152.0,0.0,0.0,0,-0.0008206820897396491
2026-08-13 04:00:00-07:00,74.69919623858478,38.0,3.0,8.4,151.0,0.0,0.0,0,-0.0008037614152286983
2026-08-13 05:00:00-07:00,73.49921281039188,41.0,4.0,7.9,151.0,0.0,0.0,0,-0.0007871896081165667
2026-08-13 06:00:00-07:00,73.09922904052448,42.0,5.0,7.4,151.0,0.0,0.0,0,-0.0007709594755184874
2026-08-13 07:00:00-07:00,73.49924493602715,42.0,5.0,6.7,154.0,0.0,27.0,1,-0.0007550639728512854
2026-08-13 08:00:00-07:00,75.09926050379921,40.0,5.0,6.0,158.0,0.0,158.0,1,-0.0007394962007757237
2026-08-13 09:00:00-07:00,78.4992757505978,35.0,4.0,5.2,170.0,0.0,323.0,1,-0.0007242494022018933
2026-08-13 10:00:00-07:00,83.09929068304064,29.0,3.0,4.8,191.0,0.0,516.0,1,-0.0007093169593563371
2026-08-13 11:00:00-07:00,87.6993053076091,23.0,2.0,4.7,205.0,0.0,699.0,1,-0.0006946923909096517
2026-08-13 12:00:00-07:00,92.29931963065083,19.0,1.0,4.6,209.0,0.0,832.0,1,-0.0006803693491633095
2026-08-13 13:00:00-07:00,96.89933365838272,15.0,0.0,4.3,208.0,0.0,908.0,1,-0.0006663416172944783
2026-08-13 14:00:00-07:00,100.49934739689334,13.0,0.0,4.4,204.0,0.0,925.0,1,-0.0006526031066576522
2026-08-13 15:00:00-07:00,103.19936085214586,12.0,0.0,5.4,204.0,0.0,885.0,1,-0.0006391478541419157
2026-08-13 16:00:00-07:00,104.89937402998042,12.0,1.0,6.9,205.0,0.0,787.0,1,-0.0006259700195826908
2026-08-13 17:00:00-07:00,104.79938693611678,13.0,2.0,8.0,203.0,0.0,638.0,1,-0.0006130638832268545
2026-08-13 18:00:00-07:00,101.69939957615675,15.0,3.0,8.5,198.0,0.0,450.0,1,-0.0006004238432501177
2026-08-13 19:00:00-07:00,96.79941195558668,19.0,4.0,8.6,190.0,0.0,254.0,1,-0.0005880444133255871
2026-08-13 20:00:00-07:00,92.19942407977976,22.0,5.0,8.7,183.0,0.0,76.0,1,-0.0005759202202424625
2026-08-13 21:00:00-07:00,88.79943595399843,24.0,4.0,8.4,172.0,0.0,0.0,0,-0.0005640460015738314
2026-08-13 22:00:00-07:00,85.7994475833966,26.0,3.0,8.1,159.0,0.0,0.0,0,-0.0005524166033925432
2026-08-13 23:00:00-07:00,83.19945897302196,28.0,2.0,8.2,151.0,0.0,0.0,0,-0.0005410269780341833
2026-08-14 00:00:00-07:00,81.1994701278181,30.0,1.0,8.5,150.0,0.0,0.0,0,-0.0005298721819061675
2026-08-14 01:00:00-07:00,79.59948105262666,31.0,0.0,8.5,153.0,0.0,0.0,0,-0.0005189473733420061
2026-08-14 02:00:00-07:00,78.0994917521895,33.0,0.0,8.6,155.0,0.0,0.0,0,-0.0005082478104998111
2026-08-14 03:00:00-07:00,76.5995022311507,35.0,1.0,8.3,153.0,0.0,0.0,0,-0.0004977688493041319
2026-08-14 04:00:00-07:00,75.19951249405857,37.0,3.0,8.1,148.0,0.0,0.0,0,-0.0004875059414302223
2026-08-14 05:00:00-07:00,74.39952254536767,38.0,4.0,7.8,147.0,0.0,0.0,0,-0.0004774546323298706
2026-08-14 06:00:00-07:00,73.9995323894407,39.0,4.0,7.5,150.0,0.0,0.0,0,-0.0004676105592979341
2026-08-14 07:00:00-07:00,74.19954203055042,39.0,4.0,7.1,156.0,0.0,26.0,1,-0.00045796944957873206
2026-08-14 08:00:00-07:00,75.59955147288149,37.0,5.0,6.8,163.0,0.0,156.0,1,-0.0004485271185114857
2026-08-14 09:00:00-07:00,78.99956072053229,33.0,6.0,6.1,174.0,0.0,322.0,1,-0.0004392794677139947
2026-08-14 10:00:00-07:00,83.4995697775167,27.0,7.0,5.2,190.0,0.0,515.0,1,-0.00043022248330375836
2026-08-14 11:00:00-07:00,87.99957864776584,22.0,10.0,5.1,203.0,0.0,698.0,1,-0.00042135223415577767
2026-08-14 12:00:00-07:00,92.4995873351298,18.0,18.0,4.9,204.0,0.0,828.0,1,-0.0004126648701962771
2026-08-14 13:00:00-07:00,96.89959584337927,15.0,29.0,5.0,198.0,0.0,901.0,1,-0.0004041566207316031
2026-08-14 14:00:00-07:00,100.29960417620718,13.0,33.0,5.4,197.0,0.0,916.0,1,-0.0003958237928115799
2026-08-14 15:00:00-07:00,102.49961233723037,11.0,25.0,6.9,205.0,0.0,877.0,1,-0.0003876627696266101
2026-08-14 16:00:00-07:00,103.89962032999107,11.0,11.0,9.1,213.0,0.0,782.0,1,-0.00037967000893781953
2026-08-14 17:00:00-07:00,103.49962815795845,11.0,0.0,10.2,213.0,0.0,636.0,1,-0.00037184204153957294
2026-08-14 18:00:00-07:00,100.79963582453024,13.0,0.0,9.7,206.0,0.0,449.0,1,-0.00036417546975368864
2026-08-14 19:00:00-07:00,96.49964333303404,15.0,0.0,8.7,192.0,0.0,253.0,1,-0.0003566669659546968
2026-08-14 20:00:00-07:00,92.39965068672888,18.0,0.0,8.3,177.0,0.0,73.0,1,-0.0003493132711255059
2026-08-14 21:00:00-07:00,88.89965788880656,20.0,0.0,8.4,164.0,0.0,0.0,0,-0.000342111193442849
2026-08-14 22:00:00-07:00,85.5996649423931,22.0,0.0,8.6,155.0,0.0,0.0,0,-0.0003350576068918914
2026-08-14 23:00:00-07:00,82.79967185055008,24.0,2.0,8.8,150.0,0.0,0.0,0,-0.0003281494499094056
2026-08-15 00:00:00-07:00,80.69967861627595,26.0,23.0,8.7,151.0,0.0,0.0,0,-0.00032138372405492025
2026-08-15 01:00:00-07:00,78.9996852425073,28.0,51.0,8.6,155.0,0.0,0.0,0,-0.00031475749270926524
2026-08-15 02:00:00-07:00,77.59969173212019,30.0,68.0,8.4,160.0,0.0,0.0,0,-0.00030826787979995195
2026-08-15 03:00:00-07:00,76.19969808793145,32.0,64.0,8.1,161.0,0.0,0.0,0,-0.00030191206855283354
2026-08-15 04:00:00-07:00,74.99970431269973,34.0,48.0,7.6,159.0,0.0,0.0,0,-0.00029568730026950115
2026-08-15 05:00:00-07:00,74.19971040912688,36.0,33.0,7.1,160.0,0.0,0.0,0,-0.00028959087312988924
2026-08-15 06:00:00-07:00,73.59971637985898,37.0,22.0,6.9,161.0,0.0,0.0,0,-0.00028362014101956945
2026-08-15 07:00:00-07:00,73.59972222748762,37.0,11.0,6.5,164.0,0.0,25.0,1,-0.00027777251238121994
2026-08-15 08:00:00-07:00,74.89972795455091,36.0,3.0,6.1,170.0,0.0,157.0,1,-0.00027204544908977795
2026-08-15 09:00:00-07:00,78.19973356353465,32.0,0.0,5.6,182.0,0.0,323.0,1,-0.00026643646535078367
2026-08-15 10:00:00-07:00,82.79973905687338,25.0,0.0,5.2,198.0,0.0,515.0,1,-0.00026094312662143596
2026-08-15 11:00:00-07:00,87.29974443695144,20.0,2.0,5.2,211.0,0.0,697.0,1,-0.0002555630485538958
2026-08-15 12:00:00-07:00,91.59974970610403,16.0,10.0,5.2,211.0,0.0,828.0,1,-0.0002502938959603762
2026-08-15 13:00:00-07:00,95.7997548666182,13.0,21.0,5.1,209.0,0.0,900.0,1,-0.0002451333817995678
2026-08-15 14:00:00-07:00,98.99975992073382,11.0,27.0,5.4,204.0,0.0,915.0,1,-0.00024007926618396428
2026-08-15 15:00:00-07:00,101.09976487064459,10.0,24.0,6.7,206.0,0.0,876.0,1,-0.00023512935540765447
2026-08-15 16:00:00-07:00,102.19976971849901,9.0,17.0,8.2,206.0,0.0,779.0,1,-0.00023028150099415712
2026-08-15 17:00:00-07:00,101.69977446640124,10.0,11.0,9.2,206.0,0.0,632.0,1,-0.0002255335987638896
2026-08-15 18:00:00-07:00,98.89977911641209,12.0,8.0,9.3,204.0,0.0,444.0,1,-0.000220883587920863
2026-08-15 19:00:00-07:00,94.59978367054984,15.0,7.0,8.6,200.0,0.0,248.0,1,-0.0002163294501582056
2026-08-15 20:00:00-07:00,90.59978813079121,18.0,6.0,8.0,193.0,0.0,70.0,0,-0.00021186920878213107
2026-08-15 21:00:00-07:00,87.39979249907215,20.0,3.0,7.6,180.0,0.0,0.0,0,-0.00020750092785396754
2026-08-15 22:00:00-07:00,84.49979677728865,22.0,1.0,7.8,162.0,0.0,0.0,0,-0.00020322271134987508
2026-08-15 23:00:00-07:00,81.89980096729767,24.0,2.0,8.2,151.0,0.0,0.0,0,-0.0001990327023378895
2026-08-16 00:00:00-07:00,79.49980507091783,26.0,9.0,8.6,149.0,0.0,0.0,0,-0.00019492908217193372
2026-08-16 01:00:00-07:00,77.1998090899303,29.0,20.0,8.9,152.0,0.0,0.0,0,-0.00019091006970244504
2026-08-16 02:00:00-07:00,75.29981302607949,31.0,32.0,9.0,153.0,0.0,0.0,0,-0.00018697392050327964
2026-08-16 03:00:00-07:00,73.59981688107388,33.0,46.0,8.8,153.0,0.0,0.0,0,-0.00018311892611455594
2026-08-16 04:00:00-07:00,72.29982065658669,35.0,61.0,8.5,150.0,0.0,0.0,0,-0.00017934341330110804
2026-08-16 05:00:00-07:00,71.49982435425667,37.0,72.0,8.0,150.0,0.0,0.0,0,-0.00017564574332622925
2026-08-16 06:00:00-07:00,70.89982797568877,39.0,78.0,7.7,150.0,0.0,0.0,0,-0.00017202431124038959
2026-08-16 07:00:00-07:00,70.79983152245481,40.0,80.0,7.4,155.0,0.0,24.0,1,-0.00016847754518461698
2026-08-16 08:00:00-07:00,71.9998349960943,39.0,78.0,6.9,159.0,0.0,153.0,1,-0.00016500390570824264
2026-08-16 09:00:00-07:00,75.39983839811491,35.0,67.0,6.1,170.0,0.0,316.0,1,-0.000161601885100713
2026-08-16 10:00:00-07:00,80.19984172999327,28.0,52.0,5.6,182.0,0.0,505.0,1,-0.00015827000673717678
2026-08-16 11:00:00-07:00,84.99984499317556,22.0,41.0,5.3,195.0,0.0,685.0,1,-0.00015500682443756622
2026-08-16 12:00:00-07:00,89.39984818907817,18.0,41.0,5.0,198.0,0.0,821.0,1,-0.0001518109218388922
2026-08-16 13:00:00-07:00,93.69985131908822,14.0,45.0,4.7,197.0,0.0,904.0,1,-0.0001486809117804807
2026-08-16 14:00:00-07:00,97.1998543845643,11.0,46.0,4.7,197.0,0.0,928.0,1,-0.00014561543570188476
2026-08-16 15:00:00-07:00,99.89985738683696,9.0,40.0,5.2,200.0,0.0,890.0,1,-0.0001426131630532109
2026-08-16 16:00:00-07:00,101.79986032720927,9.0,30.0,6.1,204.0,0.0,792.0,1,-0.00013967279071760156
2026-08-16 17:00:00-07:00,101.89986320695756,9.0,23.0,6.8,203.0,0.0,642.0,1,-0.00013679304244562632
2026-08-16 18:00:00-07:00,99.39986602733171,11.0,21.0,7.7,197.0,0.0,451.0,1,-0.0001339726683013345
2026-08-16 19:00:00-07:00,95.09986878955587,14.0,20.0,8.6,190.0,0.0,251.0,1,-0.0001312104441197277
2026-08-16 20:00:00-07:00,90.69987149482903,17.0,19.0,9.0,183.0,0.0,68.0,0,-0.00012850517097541964
2026-08-16 21:00:00-07:00,86.89987414432534,20.0,14.0,8.6,171.0,0.0,0.0,0,-0.00012585567466225048
2026-08-16 22:00:00-07:00,83.09987673919481,23.0,8.0,8.1,156.0,0.0,0.0,0,-0.00012326080518362982
2026-08-16 23:00:00-07:00,79.89987928056375,26.0,7.0,8.1,143.0,0.0,0.0,0,-0.00012071943625338833
2026-08-17 00:00:00-07:00,77.79988176953519,28.0,17.0,8.2,139.0,0.0,0.0,0,-0.00011823046480692109
2026-08-17 01:00:00-07:00,76.29988420718948,29.0,32.0,8.1,138.0,0.0,0.0,0,-0.00011579281052240884
2026-08-17 02:00:00-07:00,74.89988659458466,30.0,43.0,7.6,140.0,0.0,0.0,0,-0.00011340541535191167
2026-08-17 03:00:00-07:00,73.59988893275693,32.0,45.0,7.0,140.0,0.0,0.0,0,-0.0001110672430621306
2026-08-17 04:00:00-07:00,72.49989122272122,35.0,43.0,6.0,141.0,0.0,0.0,0,-0.00010877727878463655
2026-08-17 05:00:00-07:00,71.99989346547143,36.0,37.0,4.8,143.0,0.0,0.0,0,-0.00010653452857537372
2026-08-17 06:00:00-07:00,72.29989566198101,35.0,26.0,3.4,148.0,0.0,0.0,0,-0.00010433801898324487
2026-08-17 07:00:00-07:00,73.19989781320338,33.0,12.0,1.9,159.0,0.0,23.0,1,-0.00010218679662759074
2026-08-17 08:00:00-07:00,75.2998999200722,30.0,2.0,1.0,207.0,0.0,156.0,1,-0.00010007992778438158
2026-08-17 09:00:00-07:00,79.09990198350201,26.0,0.0,1.6,254.0,0.0,325.0,1,-9.801649798094065e-05
2026-08-17 10:00:00-07:00,84.1999040043884,22.0,3.0,2.5,270.0,0.0,519.0,1,-9.599561159902277e-05
2026-08-17 11:00:00-07:00,88.89990598360852,18.0,5.0,3.1,266.0,0.0,703.0,1,-9.401639148607736e-05
2026-08-17 12:00:00-07:00,93.09990792202142,16.0,3.0,3.5,252.0,0.0,837.0,1,-9.207797857452632e-05
2026-08-17 13:00:00-07:00,96.99990982046849,14.0,1.0,4.0,232.0,0.0,912.0,1,-9.01795315088908e-05
2026-08-17 14:00:00-07:00,100.09991167977371,12.0,0.0,4.8,217.0,0.0,929.0,1,-8.832022628060674e-05
2026-08-17 15:00:00-07:00,102.89991350074413,10.0,2.0,5.3,213.0,0.0,889.0,1,-8.649925587036938e-05
2026-08-17 16:00:00-07:00,105.0999152841701,8.0,5.0,5.9,209.0,0.0,791.0,1,-8.471582989785147e-05
2026-08-17 17:00:00-07:00,105.29991703082572,7.0,7.0,6.4,205.0,0.0,641.0,1,-8.2969174278644e-05
2026-08-17 18:00:00-07:00,102.89991874146912,8.0,8.0,7.1,198.0,0.0,450.0,1,-8.125853088827022e-05
2026-08-17 19:00:00-07:00,98.59992041684276,10.0,8.0,8.0,193.0,0.0,249.0,1,-7.9583157233126e-05
2026-08-17 20:00:00-07:00,94.19992205767387,13.0,7.0,8.3,185.0,0.0,65.0,0,-7.794232612820609e-05
2026-08-17 21:00:00-07:00,89.79992366467462,16.0,5.0,7.9,172.0,0.0,0.0,0,-7.633532538147335e-05
2026-08-17 22:00:00-07:00,85.39992523854252,19.0,3.0,7.8,153.0,0.0,0.0,0,-7.47614574847373e-05
2026-08-17 23:00:00-07:00,81.69992677996069,22.0,2.0,8.1,141.0,0.0,0.0,0,-7.322003931090488e-05
2026-08-18 00:00:00-07:00,79.3999282895982,24.0,2.0,8.1,138.0,0.0,0.0,0,-7.171040181747314e-05
2026-08-18 01:00:00-07:00,77.79992976811025,25.0,2.0,7.8,139.0,0.0,0.0,0,-7.023188975613652e-05
2026-08-18 02:00:00-07:00,76.2999312161386,26.0,3.0,7.2,141.0,0.0,0.0,0,-6.878386138838026e-05
2026-08-18 03:00:00-07:00,74.69993263431179,28.0,4.0,6.4,144.0,0.0,0.0,0,-6.736568820693747e-05
2026-08-18 04:00:00-07:00,73.29993402324533,30.0,6.0,5.5,145.0,0.0,0.0,0,-6.597675466299058e-05
2026-08-18 05:00:00-07:00,72.3999353835421,32.0,6.0,4.7,149.0,0.0,0.0,0,-6.461645789899587e-05
2026-08-18 06:00:00-07:00,71.79993671579251,33.0,4.0,4.3,145.0,0.0,0.0,0,-6.328420748701678e-05
2026-08-18 07:00:00-07:00,71.79993802057483,33.0,1.0,4.3,141.0,0.0,23.0,1,-6.197942517245326e-05
2026-08-18 08:00:00-07:00,73.09993929845537,32.0,0.0,4.2,144.0,0.0,157.0,1,-6.070154462305372e-05
2026-08-18 09:00:00-07:00,76.49994054998882,29.0,0.0,4.0,164.0,0.0,330.0,1,-5.945001118310194e-05
2026-08-18 10:00:00-07:00,81.19994177571837,25.0,0.0,4.6,191.0,0.0,530.0,1,-5.8224281632672956e-05
2026-08-18 11:00:00-07:00,85.69994297617605,21.0,7.0,5.3,202.0,0.0,713.0,1,-5.7023823951851774e-05
2026-08-18 12:00:00-07:00,89.59994415188291,18.0,35.0,5.0,201.0,0.0,834.0,1,-5.584811708981317e-05
2026-08-18 13:00:00-07:00,93.19994530334927,14.0,73.0,4.2,196.0,0.0,886.0,1,-5.4696650738663705e-05
2026-08-18 14:00:00-07:00,95.99994643107489,12.0,100.0,4.1,189.0,0.0,867.0,1,-5.356892511194551e-05
2026-08-18 15:00:00-07:00,97.99994753554927,10.0,100.0,5.4,197.0,0.0,779.0,1,-5.2464450727707014e-05
2026-08-18 16:00:00-07:00,99.39994861725181,9.0,100.0,7.2,202.0,0.0,638.0,1,-5.138274819604703e-05
2026-08-18 17:00:00-07:00,98.999949676652,9.0,100.0,8.4,202.0,0.0,469.0,1,-5.032334801103845e-05
2026-08-18 18:00:00-07:00,96.09995071420964,11.0,100.0,8.1,194.0,0.0,290.0,1,-4.928579034694193e-05
2026-08-18 19:00:00-07:00,91.69995173037515,15.0,100.0,7.4,180.0,0.0,135.0,1,-4.826962485862214e-05
2026-08-18 20:00:00-07:00,87.49995272558951,19.0,100.0,7.4,166.0,0.0,29.0,0,-4.7274410486078066e-05
2026-08-18 21:00:00-07:00,83.89995370028474,22.0,100.0,8.1,156.0,0.0,0.0,0,-4.629971526300356e-05
2026-08-18 22:00:00-07:00,80.49995465488387,26.0,100.0,9.1,149.0,0.0,0.0,0,-4.534511612929572e-05
2026-08-18 23:00:00-07:00,78.09995558980124,28.0,100.0,9.9,144.0,0.0,0.0,0,-4.441019874742809e-05
2026-08-19 00:00:00-07:00,78.09995650544268,28.0,100.0,9.9,144.0,0.0,0.0,0,-4.349455732261001e-05
2026-08-19 01:00:00-07:00,78.09995740220556,28.0,100.0,9.9,144.0,0.0,0.0,0,-4.259779442665443e-05
2026-08-19 02:00:00-07:00,78.09995828047917,28.0,100.0,9.9,144.0,0.0,0.0,0,-4.171952082547661e-05
2026-08-19 03:00:00-07:00,,,,,,,,0,-4.085935531014936e-05
2026-08-19 04:00:00-07:00,,,,,,,,0,-4.0016924531442246e-05
2026-08-19 05:00:00-07:00,,,,,,,,0,-3.9191862837771566e-05
