Audit,Source,N,Mean_Adjustment_MWH,MeanAbs_Adjustment_MWH,Min_Adjustment_MWH,Max_Adjustment_MWH,Before_MAE_MWH,After_MAE_MWH,Delta_MAE_MWH,Before_RMSE_MWH,After_RMSE_MWH,Delta_RMSE_MWH,Before_Bias_MWH,After_Bias_MWH,Delta_Bias_MWH,Before_P90_AbsError_MWH,After_P90_AbsError_MWH,Delta_P90_AbsError_MWH,Before_P99_AbsError_MWH,After_P99_AbsError_MWH,Delta_P99_AbsError_MWH
focused_guard_source,july_long_mild_hot_peak_soft_down+july_long_92_95_clear_high_state_hot_recovery_up,2,5.0,5.0,5.0,5.0,1.6914258951824763,5.100420251583131,3.4089943564006546,1.6944042569062026,5.373565697156141,3.6791614402499384,-0.10042025158313095,-5.100420251583131,-5.0,1.771762096448981,6.453560967729112,4.681798871280131,1.7898377417339446,6.758017628861958,4.968179887128013
focused_guard_source,july_long_mild_hot_peak_soft_down,13,-1.0,1.0,-1.0,-1.0,5.301081487152122,6.301081487152122,1.0,5.6991222531125585,6.6394395418760315,0.940317288763473,5.301081487152122,6.301081487152122,1.0,7.638729935074145,8.638729935074146,1.0000000000000009,9.166907946763402,10.166907946763402,1.0
focused_guard_source,june_long_cloudy_mild_peak_window_extra_up,12,8.0,8.0,8.0,8.0,6.630589644054903,7.301213393794882,0.6706237497399785,8.943660552546262,8.033392954696394,-0.9102675978498684,4.9658538571629025,-3.034146142837097,-8.0,16.25490237746537,10.745028754610123,-5.509873622855247,17.895376790328616,12.95772985925928,-4.937646931069336
focused_guard_source,june_long_hot_100_105_morning_ramp_up,12,2.0,2.0,2.0,2.0,4.315343824539364,4.98201049120603,0.6666666666666661,4.79401006399245,5.306739710384074,0.512729646391624,-0.2947384650265879,-2.294738465026588,-2.0,6.969612282389844,7.198329458448197,0.2287171760583533,7.877946266634109,7.799883656674527,-0.07806260995958247
focused_guard_source,june_long_90_95_cloudy_peak_extra_up,6,6.0,6.0,6.0,6.0,6.137006658110546,6.587724605148267,0.45071794703772117,10.61114782107811,8.832174744948178,-1.7789730761299314,5.882428946289191,-0.1175710537108093,-6.0,14.39634510699858,13.08709689488822,-1.3092482121103615,24.309049099581,18.778124278369962,-5.530924821211038
focused_guard_source,july_warm_partly_cloudy_overnight_lift,5,4.0,4.0,4.0,4.0,2.3142581614274405,2.704901861072557,0.39064369964511636,3.1940226745440965,2.772672998043997,-0.4213496765000997,2.3142581614274405,-1.6857418385725567,-3.9999999999999973,4.645292343000818,3.3932480173952997,-1.2520443256055187,6.3576392849250825,3.8184308082382934,-2.539208476686789
focused_guard_source,june_recent_85_93_clear_afternoon_backoff,41,-3.0,3.0,-3.0,-3.0,3.9959717762832923,4.367680187019915,0.37170841073662286,5.126810424084914,5.467189634793911,0.34037921070899735,-0.8990037702846244,2.1009962297153764,3.000000000000001,8.679421561810244,10.217954380076804,1.5385328182665603,11.608237889796987,11.855646687374525,0.2474087975775383
focused_guard_source,shoulder_heat_days2to7_bias_up,242,2.0,2.0,2.0,2.0,4.54156315271124,4.64192129173799,0.10035813902675006,5.77514962837546,5.7595294130264465,-0.015620215349013478,1.0450435426521123,-0.9549564573478879,-2.0,9.605089162450772,9.547340823912185,-0.05774833853858752,13.022827976002302,13.586912909896885,0.5640849338945824
focused_guard_source,july_long_95_98_peak_recovery_up+july_long_95_98_low_state_peak_backoff,4,4.0,4.0,4.0,4.0,5.35297357105258,5.428309977609011,0.07533640655643126,5.778944339963394,6.368989304244147,0.5900449642807528,1.104021615852325,-2.895978384147675,-4.0,7.768770201844391,8.447379134451513,0.6786089326071219,8.935073888414843,8.715255826440709,-0.21981806197413434
focused_guard_source,shoulder_heat_days8to16_bias_up+may_long_85_93_early_peak_recovery_up,12,7.25,7.25,7.25,7.25,5.822301078718862,5.834549439418506,0.012248360699643968,7.070168731665888,6.791104410044169,-0.27906432162171857,3.891771502489977,-3.358228497510023,-7.25,10.418954921614844,9.481239964761173,-0.9377149568536716,11.074156897508573,9.989090896951824,-1.0850660005567487
focused_guard_source,june_long_mild_hot_peak_backoff+june_long_90_95_cloudy_peak_extra_up,2,-4.0,4.0,-4.0,-4.0,10.635508358025476,10.635508358025476,0.0,14.201191064598316,11.93268028555159,-2.268510779046725,-9.410621107004431,-5.410621107004431,4.0,18.16400524362902,14.964005243629021,-3.1999999999999993,19.857917042889817,15.937917042889818,-3.919999999999998
focused_guard_source,shoulder_heat_days8to16_bias_up,332,1.25,1.25,1.25,1.25,3.891415223916314,3.758869618085835,-0.13254560583047859,5.277907853359442,5.0073478632346635,-0.27055999012477816,1.738111474045006,0.48811147404500577,-1.2500000000000004,8.114051175827198,8.00466718880229,-0.10938398702490737,16.28921457285807,15.039214572858072,-1.25
focused_guard_source,june_days4to7_hot_evening_finish_recovery_up+june_days4to7_clear_98_100_hot_recovery_trim_down,2,-2.0,2.0,-2.0,-2.0,1.326316080826274,0.673683919173726,-0.6526321616525479,1.3901537744881765,0.7919994907944246,-0.5981542836937519,-1.326316080826274,0.673683919173726,2.0,1.6594593369456618,1.006827175293114,-0.6526321616525479,1.734416569572524,1.081784407919976,-0.6526321616525479
focused_guard_source,august_long_95_100_clear_peak_soft_backoff,17,-4.0,4.0,-4.0,-4.0,7.33217200318014,6.3078266797497005,-1.0243453234304392,9.21750454849743,7.232645843937218,-1.9848587045602128,-6.081403024718561,-2.081403024718561,4.0,15.02696555923684,11.02696555923684,-4.0,18.592373328966865,14.592373328966865,-4.0
focused_guard_source,june_recent_100_105_hot_evening_lift,17,3.0,3.0,3.0,3.0,3.3586583048620935,2.190970939060555,-1.1676873658015383,4.030864910922305,2.807514394554347,-1.223350516367958,2.8942891424124704,-0.10571085758752975,-3.0,6.945604928311446,4.529009356904021,-2.4165955714074245,7.5734720080950595,5.337348813523542,-2.236123194571517
focused_guard_source,august_day4to7_highload_peak_up,19,5.0,5.0,5.0,5.0,6.4423011690291,5.075102216491286,-1.367198952537814,7.647744468281816,6.527208917823021,-1.1205355504587953,4.088353919522674,-0.9116460804773262,-5.0,11.942616674123734,8.585419882247162,-3.3571967918765715,13.501656850385864,17.057012819487216,3.5553559691013525
focused_guard_source,shoulder_heat_days8to16_bias_up+may_long_75_85_clear_peak_recovery_up,22,7.25,7.25,7.25,7.25,9.150811775742952,7.7677155740675055,-1.3830962016754462,10.341413948867435,8.90903628710738,-1.4323776617600554,5.526649303229925,-1.723350696770077,-7.250000000000002,14.949871548509364,14.256677626879695,-0.6931939216296694,15.654910223381545,16.90979084219593,1.2548806188143864
focused_guard_source,shoulder_heat_days8to16_bias_up+march_long_65_85_clear_peak_recovery_up,1,7.25,7.25,7.25,7.25,4.354561110719374,2.8954388892806264,-1.4591222214387471,4.354561110719374,2.8954388892806264,-1.4591222214387471,4.354561110719374,-2.8954388892806264,-7.25,4.354561110719374,2.8954388892806264,-1.4591222214387471,4.354561110719374,2.8954388892806264,-1.4591222214387471
focused_guard_source,july_long_95_98_peak_recovery_up,28,8.0,8.0,8.0,8.0,7.904199100043778,6.294775964778735,-1.6094231352650432,8.883208822941391,7.9454362794502025,-0.9377725434911888,4.98634008257377,-3.0136599174262306,-8.0,13.247676942970704,13.802158228082426,0.5544812851117218,14.822664935671044,16.512984894909636,1.6903199592385914
focused_guard_source,june_long_95_100_low_forecast_hot_extra_up,9,2.0,2.0,2.0,2.0,6.247154203519212,4.530493608810143,-1.7166605947090696,7.445662214535252,5.869349963912627,-1.5763122506226255,6.247154203519212,4.247154203519212,-2.0,10.730358572311305,8.730358572311305,-2.0,14.915596792116816,12.915596792116816,-2.0
focused_guard_source,june_long_hot_100_105_core_ramp_up,3,10.0,10.0,10.0,10.0,7.071247468048284,5.238204629218008,-1.8330428388302762,7.517184489322658,7.827653239054047,0.31046874973138916,4.761795370781992,-5.238204629218008,-10.0,8.87983842813686,10.998071523899728,2.118233095762868,8.882872207545354,13.217567483699467,4.334695276154113
focused_guard_source,july_holiday_hot_peak_down,7,-30.0,30.0,-30.0,-30.0,15.930720136984835,14.069279863015169,-1.8614402739696665,16.57287644000027,14.792465152111264,-1.7804112878890077,-15.930720136984835,14.069279863015169,30.000000000000004,20.332061128282977,20.038687944576477,-0.2933731837064997,22.312998640236636,21.81840274006143,-0.4945959001752058
focused_guard_source,july_clear_warm_late_evening_lift,20,3.0,3.0,3.0,3.0,5.639025887672257,3.697742876902582,-1.9412830107696748,6.29339672166115,4.263416912888763,-2.029979808772387,5.071686420518226,2.071686420518226,-3.0,9.972416645943529,6.972416645943529,-3.0,10.757603438504594,7.757603438504595,-2.999999999999999
focused_guard_source,june_recent_100_105_hot_evening_lift+june_long_hot_100_105_peak_finish_up,18,4.5,4.5,4.5,4.5,5.735330848567021,3.5852110966932034,-2.150119751873818,6.709428765242489,4.25077220997388,-2.4586565552686093,5.244152219419681,0.7441522194196813,-4.5,10.023169460427823,6.458643213204683,-3.5645262472231405,12.047939993184189,8.334880898982696,-3.7130590942014923
focused_guard_source,may_long_hot_93_97_down,10,-4.0,4.0,-4.0,-4.0,7.198207063324233,4.826665298114821,-2.371541765209412,8.563637063126146,6.010670329785212,-2.5529667333409343,-6.650965241948441,-2.650965241948441,4.0,13.279551581425524,9.279551581425524,-4.0,14.920841758881517,10.920841758881517,-4.0
focused_guard_source,july_long_95_98_peak_recovery_up+july_long_clear_hot_peak_ramp_up,10,15.0,15.0,15.0,15.0,8.855014311393237,6.144985688606764,-2.7100286227864734,9.742479422853096,7.366510433232203,-2.375968989620893,8.855014311393237,-6.144985688606764,-15.0,12.987188329081931,11.563822746592233,-1.4233655824896978,12.991976942972244,13.055331548022293,0.06335460505004953
focused_guard_source,august_long_95_100_clear_peak_soft_backoff+august_long_clear_hot_rebound_up,2,3.0,3.0,3.0,3.0,12.164367887745755,9.164367887745755,-3.0,12.190427687810615,9.198930366366795,-2.99149732144382,12.164367887745755,9.164367887745755,-3.0,12.801702890804984,9.801702890804984,-3.0,12.94510326649331,9.94510326649331,-3.0
focused_guard_source,june_long_mild_clear_weekend_peak_down,6,-8.0,8.0,-8.0,-8.0,6.884104753446422,3.110693575535104,-3.7734111779113184,7.62754300377675,3.468967601365121,-4.158575402411628,-6.884104753446422,1.1158952465535776,8.0,10.44970365725682,4.746020909651605,-5.703682747605214,11.228028218581004,5.714583595145604,-5.5134446234354
focused_guard_source,august_long_100_plus_peak_finish_up,3,5.0,5.0,5.0,5.0,6.081012644701805,2.1933396165140002,-3.887673028187805,6.471764987141274,2.4644706534608276,-4.007294333680447,6.081012644701805,1.0810126447018054,-5.0,8.235236805227931,3.3376062606945767,-4.897630544533355,8.702920370817576,3.7131573163642404,-4.989763054453336
focused_guard_source,june_long_95_100_low_forecast_hot_extra_up+june_long_98_100_clear_high_state_overstack_backoff,3,-4.0,4.0,-4.0,-4.0,7.354441724598739,3.3544417245987384,-4.0,7.67774970909758,4.014013801515645,-3.663735907581935,-7.354441724598739,-3.3544417245987384,4.0,8.986398842356966,4.986398842356965,-4.000000000000001,9.031259713306126,5.0312597133061265,-3.999999999999999
focused_guard_source,june_long_hot_100_105_peak_ramp_up,5,8.0,8.0,8.0,8.0,10.576989431370873,5.776989431370874,-4.799999999999999,11.221802969444356,6.366019835816973,-4.855783133627384,9.33766583343844,1.3376658334384388,-8.0,12.724483119521187,8.588917270769162,-4.135565848752025,12.814795028160766,10.847369822424893,-1.9674252057358732
focused_guard_source,may_days4to7_100plus_peak_recovery_up,10,8.0,8.0,8.0,8.0,7.569441085406621,2.3221220595596863,-5.247319025846934,8.066704516213596,2.821464936056251,-5.245239580157345,7.569441085406621,-0.4305589145933794,-8.0,11.550088482575381,4.844140858018648,-6.7059476245567335,12.710961455423487,4.878108343476152,-7.832853111947335
focused_guard_source,august_long_95_100_clear_peak_soft_backoff+august_long_95_98_high_state_rebound_up,10,6.0,6.0,6.0,6.0,7.806297302629412,2.243225033378215,-5.563072269251197,8.023496511758264,2.588615197870103,-5.434881313888161,7.806297302629412,1.806297302629409,-6.0000000000000036,10.236410389539339,4.236410389539338,-6.000000000000001,10.65788509061819,4.657885090618191,-6.0
focused_guard_source,june_long_98_100_clear_high_state_overstack_backoff,3,-6.0,6.0,-6.0,-6.0,9.169798559123365,3.1697985591233646,-6.0,9.214537691782361,3.2969868310015182,-5.9175508607808425,-9.169798559123365,-3.1697985591233646,6.0,9.811331038601883,3.811331038601884,-6.0,9.811478065616264,3.811478065616263,-6.000000000000001
focused_guard_source,june_recent_85_93_clear_afternoon_backoff+june_long_mild_hot_peak_backoff+june_long_90_92_clear_hot_extra_backoff,2,-25.0,25.0,-25.0,-25.0,15.822531835409322,9.177468164590678,-6.645063670818644,15.999768601890555,9.479768116550993,-6.520000485339562,-15.822531835409322,9.177468164590678,25.0,17.722440318510778,11.077376647692134,-6.645063670818644,18.149919727208605,11.504856056389961,-6.645063670818644
focused_guard_source,june_long_mild_hot_peak_backoff+june_long_90_92_clear_hot_extra_backoff,4,-22.0,22.0,-22.0,-22.0,14.437654439681978,7.562345560318029,-6.875308879363949,14.502251845761437,7.68495369224071,-6.817298153520727,-14.437654439681978,7.562345560318029,22.000000000000007,15.987517619923578,8.644662939058824,-7.342854680864754,16.641569240713824,8.667527727823,-7.974041512890825
focused_guard_source,september_day4to7_cloudy_92_95_hot_down,5,-14.0,14.0,-14.0,-14.0,12.851138230695307,5.914574181880932,-6.936564048814375,14.607909673718625,7.039826317179539,-7.568083356539086,-12.851138230695307,1.1488617693046934,14.0,19.832730753878014,10.372081122190115,-9.460649631687899,21.61043283271125,11.91055662395522,-9.69987620875603
focused_guard_source,june_recent_85_93_clear_afternoon_backoff+june_long_mild_clear_weekend_peak_down,15,-11.0,11.0,-11.0,-11.0,10.748040720383264,3.655211794149746,-7.092828926233517,11.843605596693786,4.982424788773274,-6.861180807920512,-10.747565307011545,0.2524346929884549,11.0,15.566570111820795,9.143708419020692,-6.422861692800103,15.89832418544449,10.75875042808517,-5.1395737573593205
focused_guard_source,july_long_95_98_peak_recovery_up+july_long_95_98_low_state_peak_backoff+july_long_clear_hot_peak_ramp_up,3,11.0,11.0,11.0,11.0,9.271735589750818,1.7282644102491815,-7.543471179501637,9.33042570616469,2.0195694798002983,-7.3108562263643915,9.271735589750818,-1.7282644102491815,-11.0,10.3267849069784,2.541405749766932,-7.785379157211468,10.700244240816387,2.588289313696645,-8.111954927119742
focused_guard_source,september_long_90_92_cloudy_low_state_hot_backoff,4,-8.0,8.0,-8.0,-8.0,13.283903393302104,5.283903393302104,-8.0,13.620505806263012,6.080766738299596,-7.539739067963415,-13.283903393302104,-5.283903393302104,8.0,16.598735501088772,8.598735501088772,-8.0,18.24584487913034,10.24584487913034,-7.999999999999998
focused_guard_source,june_98_100_mixed_high_state_morning_midday_backoff,2,-8.0,8.0,-8.0,-8.0,14.37882286993596,6.378822869935959,-8.0,14.399506193081876,6.425310318235841,-7.9741958748460355,-14.37882286993596,-6.378822869935959,8.0,14.996032839841144,6.996032839841144,-8.0,15.13490508306981,7.1349050830698095,-8.0
focused_guard_source,june_long_cloudy_mild_peak_window_up+june_long_cloudy_mild_peak_window_extra_up,3,16.0,16.0,16.0,16.0,12.020145052593401,3.979854947406608,-8.040290105186793,12.076964492476176,4.148304433083664,-7.928660059392512,12.020145052593401,-3.979854947406608,-16.000000000000007,13.091209321172755,5.166514979702856,-7.924694341469899,13.267176164512364,5.49853610406026,-7.768640060452104
focused_guard_source,july_long_mild_hot_peak_soft_down+july_long_92_95_low_state_hot_backoff,5,-9.0,9.0,-9.0,-9.0,15.875529818514547,6.875529818514548,-9.0,16.073657706318105,7.321402551876082,-8.752255154442024,-15.875529818514547,-6.875529818514548,9.0,18.329105884695757,9.329105884695759,-8.999999999999998,18.518673866556995,9.518673866556995,-9.0
focused_guard_source,june_long_mild_hot_peak_backoff,2,-10.0,10.0,-10.0,-10.0,18.104733421036656,8.104733421036656,-10.0,18.741554891221924,9.441991914842507,-9.299562976379416,-18.104733421036656,-8.104733421036656,10.0,21.97994758235535,11.97994758235535,-10.0,22.851870768652056,12.851870768652057,-9.999999999999998
focused_guard_source,shoulder_heat_days8to16_bias_up+may_long_warm_cloudy_peak_recovery_up+may_long_85_93_hot_peak_recovery_up,7,21.25,21.25,21.25,21.25,16.91366194368888,4.336338056311116,-12.577323887377762,17.025262081178788,4.753042849170078,-12.272219232008709,16.91366194368888,-4.336338056311116,-21.249999999999996,19.170603072123573,6.510475999780942,-12.66012707234263,19.764181406296665,6.642774784788407,-13.121406621508257
focused_guard_source,june_recent_98_100_low_loss_midday_backoff+june_98_100_mixed_high_state_morning_midday_backoff,8,-16.0,16.0,-16.0,-16.0,16.103190095819308,2.1143732314903865,-13.988816864328921,16.291718875581054,2.4734633319995116,-13.818255543581543,-16.103190095819308,-0.10319009581930416,16.000000000000004,18.773012984754992,3.723544343182044,-15.049468641572947,19.83763435357042,3.932687489413125,-15.904946864157294
focused_guard_source,july_days2to3_cloudy_warm_evening_up,4,18.0,18.0,18.0,18.0,22.322864004753782,4.322864004753775,-18.000000000000007,22.401209768237905,4.710742500865549,-17.690467267372355,22.322864004753782,4.322864004753775,-18.000000000000007,24.2890745794831,6.289074579483091,-18.000000000000007,24.57351539886244,6.5735153988624395,-18.0
focused_guard_source,august_long_clear_hot_high_forecast_backoff+august_long_95_100_clear_peak_soft_backoff+august_long_95_97_low_state_he17_18_rebound_up,2,-22.0,22.0,-22.0,-22.0,24.25477230920289,4.438903871893146,-19.815868437309746,24.6576123611996,4.978741382142288,-19.67887097905731,-24.25477230920289,-2.2547723092028917,22.0,27.805895406717408,6.242721719255459,-21.563173687461948,28.604898103658176,6.64858073491198,-21.956317368746195
focused_guard_source,august_days8to12_clear_hot_noon_backoff,2,-24.0,24.0,-24.0,-24.0,24.305909464736814,4.288245883267265,-20.01766358146955,24.68129428663216,4.299143328149716,-20.38215095848244,-24.305909464736814,-0.30590946473681413,24.0,27.736506171350626,4.532973455056717,-23.20353271629391,28.508390430338736,4.588037158709343,-23.92035327162939
focused_guard_source,august_long_clear_hot_high_forecast_backoff+august_long_95_100_clear_peak_soft_backoff,1,-29.0,29.0,-29.0,-29.0,34.83194350841734,5.831943508417311,-29.00000000000003,34.83194350841734,5.831943508417311,-29.00000000000003,-34.83194350841734,-5.831943508417311,29.00000000000003,34.83194350841734,5.831943508417311,-29.00000000000003,34.83194350841734,5.831943508417311,-29.00000000000003
focused_guard_source,august_days8to12_clear_hot_midafternoon_backoff,1,-32.0,32.0,-32.0,-32.0,39.09114234576657,7.091142345766542,-32.00000000000003,39.09114234576657,7.091142345766542,-32.00000000000003,-39.09114234576657,-7.091142345766542,32.00000000000003,39.09114234576657,7.091142345766542,-32.00000000000003,39.09114234576657,7.091142345766542,-32.00000000000003
focused_guard_source,august_days8to12_clear_hot_midafternoon_backoff+august_long_95_100_clear_peak_soft_backoff,1,-36.0,36.0,-36.0,-36.0,35.110232806260456,0.8897671937395444,-34.22046561252091,35.110232806260456,0.8897671937395444,-34.22046561252091,-35.110232806260456,0.8897671937395444,36.0,35.110232806260456,0.8897671937395444,-34.22046561252091,35.110232806260456,0.8897671937395444,-34.22046561252091
