Stage,ForecastColumn,Replay_Origin_ID,Replay_Origin_DT,Replay_Origin_Year,Replay_Origin_Season,Replay_Origin_Month,N,Actual_Mean_MWH,Forecast_Mean_MWH,Bias_MWH,MAE_MWH,MAPE_PCT,Underforecast_Rate_PCT,P90_AbsError_MWH,Max_Underforecast_MWH,Max_Overforecast_MWH,RMSE_MWH
xgb_component,XGB_Pred_MWH,origin_17,2026-04-26 00:00:00-07:00,2026,Spring,4,384,127.136992640625,120.51608814795811,6.62090449266688,7.260653149855297,5.407064103394386,89.32291666666666,15.475713189941395,23.2686026533203,9.815091189941413,9.02910729714524
xgb_component,XGB_Pred_MWH,origin_07,2025-07-20 00:00:00-07:00,2025,Summer,7,384,157.82088622916666,151.45041473706564,6.370471492101033,6.630319847147624,4.008638754523333,91.66666666666666,14.251972663574215,25.304079623046903,5.582089053710945,8.685279516286636
xgb_component,XGB_Pred_MWH,origin_12,2025-12-06 23:00:00-08:00,2025,Winter,12,384,139.45845884114584,134.07695116599402,5.381507675151824,5.824787613852183,3.9527017921459966,90.88541666666666,13.386315609765626,20.661959423828137,13.93708089941407,7.4521546675373385
xgb_component,XGB_Pred_MWH,origin_16,2026-03-29 00:00:00-07:00,2026,Spring,3,384,120.51718188281251,116.80148134628932,3.715700536523183,4.927631160907745,3.929731222974866,79.16666666666666,11.23291044384766,25.068996801757805,11.433255484374996,6.575511781019395
xgb_component,XGB_Pred_MWH,origin_08,2025-08-17 00:00:00-07:00,2025,Summer,8,384,187.771909734375,188.53700506687164,-0.7650953324966435,4.90087412171173,2.645606700075114,44.79166666666667,9.646198874511718,19.067470785156274,35.250728710937494,6.750696322864935
xgb_component,XGB_Pred_MWH,origin_11,2025-11-08 23:00:00-08:00,2025,Fall,11,384,122.29222068489582,118.23284220695496,4.059378477940878,4.6293324763488775,3.655210541684537,89.0625,8.691415369384766,23.84054944726563,7.846896972656253,5.840160821985501
xgb_component,XGB_Pred_MWH,origin_13,2026-01-03 23:00:00-08:00,2026,Winter,1,384,128.126853875,124.24522258838017,3.881631286619822,4.622687679548899,3.53347055683326,87.5,9.191977020312498,19.48023374462892,8.95729283789062,5.801416407284706
xgb_component,XGB_Pred_MWH,origin_04,2025-04-27 00:00:00-07:00,2025,Spring,4,384,121.913576171875,124.3573192358017,-2.443743063926697,4.295460340716043,3.3459146587547317,42.70833333333333,10.11962609716797,17.17036462402345,27.206217626953134,6.31599281861919
xgb_component,XGB_Pred_MWH,origin_05,2025-05-25 00:00:00-07:00,2025,Spring,5,384,153.69139593489584,155.07079648971558,-1.3794005548197426,4.188463479131062,2.648117191845699,46.09375,9.816419899999998,16.441503043945318,22.919045124999997,5.815554389928333
xgb_component,XGB_Pred_MWH,origin_10,2025-10-12 00:00:00-07:00,2025,Fall,10,384,118.67937204947917,115.02781295776367,3.6515590917154945,4.029935871378581,3.341701968197492,90.88541666666666,7.164443175683591,18.53314270898437,7.846379858398436,4.822509506537989
xgb_component,XGB_Pred_MWH,origin_20,2026-05-29 00:00:00-07:00,2026,Spring,5,384,163.7729361171875,164.80185703436533,-1.0289209171778364,4.016646553067525,2.4933734176060125,46.09375,8.787376489648429,14.23490716210938,19.964308015624994,5.456749532732405
xgb_component,XGB_Pred_MWH,origin_06,2025-06-22 00:00:00-07:00,2025,Summer,6,384,168.52844033593752,167.6184956630071,0.9099446729303997,3.9823062892278034,2.313744561010899,55.729166666666664,8.702258910058593,19.92241396484374,25.535458447265626,5.75808332426213
xgb_component,XGB_Pred_MWH,origin_19,2026-05-28 00:00:00-07:00,2026,Spring,5,384,158.50971714583332,158.7242270708084,-0.21450992497507762,3.950471812187194,2.531977665425317,57.03125,8.319150226464835,14.981596004882817,19.283404573242194,5.28216949091157
xgb_component,XGB_Pred_MWH,origin_14,2026-01-31 23:00:00-08:00,2026,Winter,1,384,120.6618153359375,117.25316941738129,3.4086459185562137,3.9370114273249315,3.145248793455858,85.67708333333334,8.517392561132818,24.434631380859372,6.926773762695319,5.694927560210779
xgb_component,XGB_Pred_MWH,origin_18,2026-05-24 00:00:00-07:00,2026,Spring,5,384,142.90284213541665,143.4936070640882,-0.5907649286715189,3.8176908737347914,2.7651035147674876,52.083333333333336,8.434242150878909,15.61167718164063,20.36059402636718,5.039437853600164
xgb_component,XGB_Pred_MWH,origin_09,2025-09-14 00:00:00-07:00,2025,Summer,9,384,162.83103684895835,163.27988803386688,-0.4488511849085483,3.7096360912195845,2.2855820544721346,50.0,7.857090787207036,14.90155412597656,34.31464669531249,5.664518670715524
xgb_component,XGB_Pred_MWH,origin_01,2024-10-13 00:00:00-07:00,2024,Fall,10,384,116.30257716666667,117.9761932293574,-1.6736160626907346,3.6411498936055495,3.238985292070652,26.5625,6.306493196777341,11.079999381835933,11.236136628906252,4.292946796831575
xgb_component,XGB_Pred_MWH,origin_15,2026-02-28 23:00:00-08:00,2026,Winter,2,384,115.88717167708334,113.69288786252339,2.194283814559937,3.363836652671814,2.8571763849152005,75.78125,6.615171909374993,12.902088354492179,7.942527322753904,4.100422708219575
xgb_component,XGB_Pred_MWH,origin_02,2024-11-09 23:00:00-08:00,2024,Fall,11,384,116.68925462760417,114.71421599388123,1.9750386337229413,3.3505165866444906,2.7512597171265654,71.09375,7.108364235742192,19.112760661132825,9.017331591796875,4.6097273876026215
xgb_component,XGB_Pred_MWH,origin_03,2025-03-30 00:00:00-07:00,2025,Spring,3,384,111.3258731328125,109.79666028420131,1.529212848611196,3.2083345313351948,2.8683050683625377,73.4375,6.145316170703118,15.524406051269537,9.577335241699217,4.036343699113231
lgb_component,LGB_Pred_MWH,origin_17,2026-04-26 00:00:00-07:00,2026,Spring,4,384,127.136992640625,120.45386866762311,6.683123973001891,7.255837622071998,5.408819478931924,89.32291666666666,14.937699766091459,24.729777402101462,8.964852599294574,9.011954624612871
lgb_component,LGB_Pred_MWH,origin_07,2025-07-20 00:00:00-07:00,2025,Summer,7,384,157.82088622916666,151.504939959437,6.315946269729679,6.592993184305148,4.016398763089427,91.40625,14.353907439182276,27.51746176813657,4.8607664052250925,8.661736855428328
lgb_component,LGB_Pred_MWH,origin_12,2025-12-06 23:00:00-08:00,2025,Winter,12,384,139.45845884114584,133.95419293641078,5.5042659047350595,5.95004247672463,4.034052122620065,91.40625,13.786677159095733,20.951781790142434,14.859403664802613,7.584335152004071
lgb_component,LGB_Pred_MWH,origin_16,2026-03-29 00:00:00-07:00,2026,Spring,3,384,120.51718188281251,116.78787178398038,3.729310098832135,4.9786510162857995,3.9610596394250184,77.08333333333334,11.041102900870607,25.17108832384868,11.95245060668455,6.629333286036216
lgb_component,LGB_Pred_MWH,origin_08,2025-08-17 00:00:00-07:00,2025,Summer,8,384,187.771909734375,188.49308243900649,-0.7211727046314845,4.910760088772155,2.6575859005094093,45.57291666666667,10.132903609275237,17.28053357085423,34.9696865302231,6.75940582209285
lgb_component,LGB_Pred_MWH,origin_11,2025-11-08 23:00:00-08:00,2025,Fall,11,384,122.29222068489582,118.25489178428444,4.037328900611397,4.624683293818534,3.6340937744441124,88.28125,8.58735844556102,23.73400513364092,10.034468995332489,5.879984281748974
lgb_component,LGB_Pred_MWH,origin_13,2026-01-03 23:00:00-08:00,2026,Winter,1,384,128.126853875,124.27638391667354,3.8504699583264554,4.624208259943007,3.5303826806310834,85.41666666666666,9.151820191821763,19.468935160837106,9.161439133436929,5.793256048887402
lgb_component,LGB_Pred_MWH,origin_04,2025-04-27 00:00:00-07:00,2025,Spring,4,384,121.913576171875,124.33696717446806,-2.423391002593069,4.275695882049619,3.315198881270272,41.92708333333333,9.919839285590978,17.96349185593232,29.298751440324708,6.374077157677201
lgb_component,LGB_Pred_MWH,origin_05,2025-05-25 00:00:00-07:00,2025,Spring,5,384,153.69139593489584,155.0895007062414,-1.3981047713455668,4.262164398598235,2.6806217878390304,45.05208333333333,9.523187765351633,19.107196759161212,23.517585236941187,5.937926392595212
lgb_component,LGB_Pred_MWH,origin_20,2026-05-29 00:00:00-07:00,2026,Spring,5,384,163.7729361171875,165.04777821758978,-1.2748421004022785,4.044054351199653,2.4845666377481255,43.75,8.956408996419977,13.036663229500547,20.67488303117173,5.511156439957708
lgb_component,LGB_Pred_MWH,origin_10,2025-10-12 00:00:00-07:00,2025,Fall,10,384,118.67937204947917,115.01916344167749,3.66020860780167,4.04247764923264,3.3461047704419102,90.88541666666666,6.870152707223764,18.54616046072698,8.172726117126189,4.810824464175227
lgb_component,LGB_Pred_MWH,origin_06,2025-06-22 00:00:00-07:00,2025,Summer,6,384,168.52844033593752,167.65132001602043,0.877120319917049,4.037327864275564,2.325901304909563,55.46875,9.49320682499119,21.709464415315097,25.35767506305791,5.865330016915321
lgb_component,LGB_Pred_MWH,origin_19,2026-05-28 00:00:00-07:00,2026,Spring,5,384,158.50971714583332,158.74076801301464,-0.2310508671813094,3.9681235644186685,2.5289068083693778,57.552083333333336,8.52666371982523,14.59431653104221,19.73008462974289,5.30192472506612
lgb_component,LGB_Pred_MWH,origin_14,2026-01-31 23:00:00-08:00,2026,Winter,1,384,120.6618153359375,117.34835753354012,3.31345780239738,3.9050131160369657,3.127373028145596,84.89583333333334,8.137187817248657,22.11551534915054,6.741990663273015,5.581414285184494
lgb_component,LGB_Pred_MWH,origin_18,2026-05-24 00:00:00-07:00,2026,Spring,5,384,142.90284213541665,143.4824087155463,-0.5795665801296622,3.828348129313102,2.7789851411560935,52.34375,8.150657766459505,15.437447714541605,19.66439265563247,5.059485692057807
lgb_component,LGB_Pred_MWH,origin_09,2025-09-14 00:00:00-07:00,2025,Summer,9,384,162.83103684895835,163.45844704300694,-0.627410194048605,3.663076834471843,2.2461829368589092,48.69791666666667,7.954434864698113,12.428011930117378,32.93276449568583,5.557648390942769
lgb_component,LGB_Pred_MWH,origin_01,2024-10-13 00:00:00-07:00,2024,Fall,10,384,116.30257716666667,117.9617273990263,-1.6591502323596306,3.5778559431329793,3.1939978081167357,28.125,6.454074248187595,11.980338600862638,12.155609474943248,4.278009137210281
lgb_component,LGB_Pred_MWH,origin_15,2026-02-28 23:00:00-08:00,2026,Winter,2,384,115.88717167708334,113.69807436951889,2.189097307564441,3.399800558718532,2.88755995358648,73.69791666666666,6.703529177688033,11.815210548887379,8.602391662187287,4.14578416943479
lgb_component,LGB_Pred_MWH,origin_02,2024-11-09 23:00:00-08:00,2024,Fall,11,384,116.68925462760417,114.7350721704442,1.9541824571599697,3.392188595710863,2.7872218395392347,70.05208333333334,7.501207001554548,16.91464655323692,9.40948889327042,4.5927988489366065
lgb_component,LGB_Pred_MWH,origin_03,2025-03-30 00:00:00-07:00,2025,Spring,3,384,111.3258731328125,109.66535601022514,1.6605171225873663,3.2452765438685565,2.9055389494748414,72.91666666666666,6.373913172860551,14.762504065300575,8.766903674993003,4.030175858315228
catboost_benchmark,CatBoost_Pred_MWH,origin_17,2026-04-26 00:00:00-07:00,2026,Spring,4,384,127.136992640625,120.55224899478964,6.584743645835371,7.194434116247064,5.38586881104576,89.84375,14.75091413431434,23.08766705147235,9.784871305743692,8.876949052341546
catboost_benchmark,CatBoost_Pred_MWH,origin_07,2025-07-20 00:00:00-07:00,2025,Summer,7,384,157.82088622916666,151.55770230735124,6.263183921815423,6.497887862938729,3.9915070033354265,93.75,14.115667515844526,25.653343469995235,7.092745577426797,8.32133696057654
catboost_benchmark,CatBoost_Pred_MWH,origin_16,2026-03-29 00:00:00-07:00,2026,Spring,3,384,120.51718188281251,116.91336989702431,3.603811985788189,4.9286631562587875,3.943047151089227,76.04166666666666,11.237869688814564,24.007634830521255,13.192692614242276,6.545994215867415
catboost_benchmark,CatBoost_Pred_MWH,origin_12,2025-12-06 23:00:00-08:00,2025,Winter,12,384,139.45845884114584,135.23349930862008,4.2249595325257525,4.808990650228607,3.2407299488116195,84.89583333333334,11.279821413993478,17.712065287526116,17.053578699260584,6.297050411407237
catboost_benchmark,CatBoost_Pred_MWH,origin_08,2025-08-17 00:00:00-07:00,2025,Summer,8,384,187.771909734375,189.2611125259646,-1.4892027915896107,4.590698386164848,2.4993927096622324,38.28125,9.25600658768997,15.454392913938364,33.35572094341413,6.338367442310416
catboost_benchmark,CatBoost_Pred_MWH,origin_11,2025-11-08 23:00:00-08:00,2025,Fall,11,384,122.29222068489582,118.49626891311051,3.795951771785321,4.413649587198078,3.5007650480797694,88.54166666666666,7.817264943855632,22.507340409985602,9.636448400792275,5.560465343654552
catboost_benchmark,CatBoost_Pred_MWH,origin_13,2026-01-03 23:00:00-08:00,2026,Winter,1,384,128.126853875,124.73960133412692,3.3872525408730882,4.360259885127918,3.3212877102925944,81.51041666666666,9.07646079223092,19.536655954288562,10.530367479231103,5.548438995512706
catboost_benchmark,CatBoost_Pred_MWH,origin_05,2025-05-25 00:00:00-07:00,2025,Spring,5,384,153.69139593489584,155.19644566994916,-1.5050497350533298,4.218281471071831,2.6310322306988905,45.57291666666667,9.712198092177607,16.994953296319437,23.285133813971896,5.815279065856202
catboost_benchmark,CatBoost_Pred_MWH,origin_04,2025-04-27 00:00:00-07:00,2025,Spring,4,384,121.913576171875,124.34579846233413,-2.4322222904591264,4.051482487165788,3.1242579951685574,41.66666666666667,9.115423722426476,16.741865905348874,25.277650033517233,5.956453950503158
catboost_benchmark,CatBoost_Pred_MWH,origin_14,2026-01-31 23:00:00-08:00,2026,Winter,1,384,120.6618153359375,117.43922987672539,3.2225854592121013,3.8579663647015665,3.0758122868265705,80.72916666666666,8.588695534190492,22.82336097899787,6.043698682534995,5.583657631372827
catboost_benchmark,CatBoost_Pred_MWH,origin_06,2025-06-22 00:00:00-07:00,2025,Summer,6,384,168.52844033593752,167.08818711862799,1.4402532173095068,3.7685600638385366,2.1550744956044787,64.32291666666666,8.32081227930747,19.29884908883298,21.491859078758324,5.3137935052454806
catboost_benchmark,CatBoost_Pred_MWH,origin_19,2026-05-28 00:00:00-07:00,2026,Spring,5,384,158.50971714583332,157.9810596597959,0.5286574860374326,3.766436703238677,2.408083985193444,60.9375,7.446520575523712,16.317092224598923,20.94069797668442,5.053833646649196
catboost_benchmark,CatBoost_Pred_MWH,origin_20,2026-05-29 00:00:00-07:00,2026,Spring,5,384,163.7729361171875,164.17300002801323,-0.4000639108257397,3.7161445629839336,2.2802202125365127,51.822916666666664,8.00236024350161,14.987374607032962,20.354854928585183,5.128530333758752
catboost_benchmark,CatBoost_Pred_MWH,origin_10,2025-10-12 00:00:00-07:00,2025,Fall,10,384,118.67937204947917,115.58767122065298,3.091700828826187,3.6388640324537285,2.9983486953788745,89.32291666666666,6.598218694801124,17.336888598927658,11.671453707712473,4.4201790699347425
catboost_benchmark,CatBoost_Pred_MWH,origin_18,2026-05-24 00:00:00-07:00,2026,Spring,5,384,142.90284213541665,142.645181202596,0.25766093282066116,3.5336824733401926,2.5688444669239474,58.072916666666664,7.064821620959375,15.442147461456585,18.441338090167477,4.567189303083626
catboost_benchmark,CatBoost_Pred_MWH,origin_15,2026-02-28 23:00:00-08:00,2026,Winter,2,384,115.88717167708334,113.62450495794087,2.2626667191424708,3.5331595772464213,2.9971177093766315,77.08333333333334,6.755561760291873,13.906586911837735,9.647375030754944,4.282429446168485
catboost_benchmark,CatBoost_Pred_MWH,origin_01,2024-10-13 00:00:00-07:00,2024,Fall,10,384,116.30257716666667,117.7179477994676,-1.415370632800921,3.457086706218842,3.040640840327064,28.645833333333332,6.388870361277416,13.026196684035739,14.727722680798934,4.225514844701849
catboost_benchmark,CatBoost_Pred_MWH,origin_09,2025-09-14 00:00:00-07:00,2025,Summer,9,384,162.83103684895835,163.1436333610562,-0.312596512097859,3.4561325368206535,2.1324065537485857,53.385416666666664,7.246834485755056,11.207424246221649,37.107775356604236,5.507709204381177
catboost_benchmark,CatBoost_Pred_MWH,origin_02,2024-11-09 23:00:00-08:00,2024,Fall,11,384,116.68925462760417,114.49303138029829,2.196223247305888,3.357123958425241,2.7704314720613,76.04166666666666,6.738723701808025,15.472463470713365,11.592198759372522,4.422435904635659
catboost_benchmark,CatBoost_Pred_MWH,origin_03,2025-03-30 00:00:00-07:00,2025,Spring,3,384,111.3258731328125,109.76538307160213,1.5604900612103696,3.1140362619662754,2.7667069019470625,71.35416666666666,6.0974903462894545,14.10618912039331,7.732407547088485,3.9357113776022024
raw_xgb_lgb_production,Raw_Forecast_MWH,origin_17,2026-04-26 00:00:00-07:00,2026,Spring,4,384,127.136992640625,120.49452373016489,6.642468910460104,7.216710582303512,5.385553087168908,89.58333333333334,14.703306962219509,22.78442071454262,9.232567905101902,8.942524506467914
raw_xgb_lgb_production,Raw_Forecast_MWH,origin_07,2025-07-20 00:00:00-07:00,2025,Summer,7,384,157.82088622916666,151.51795425896984,6.30293197019682,6.54509875425542,3.9951710709391697,92.70833333333334,14.473159721319352,26.036515126788288,5.036174423255034,8.509642488123772
raw_xgb_lgb_production,Raw_Forecast_MWH,origin_12,2025-12-06 23:00:00-08:00,2025,Winter,12,384,139.45845884114584,134.41422598964235,5.044232851503474,5.50681648839305,3.7223631437594586,90.625,13.110543831446563,19.062618956765647,15.535132650324044,7.0814966023291985
raw_xgb_lgb_production,Raw_Forecast_MWH,origin_16,2026-03-29 00:00:00-07:00,2026,Spring,3,384,120.51718188281251,116.83315707977664,3.684024803035855,4.932813861417129,3.931961884626896,76.5625,11.0900853174535,24.659974362873868,12.334615797098792,6.568485486093778
raw_xgb_lgb_production,Raw_Forecast_MWH,origin_08,2025-08-17 00:00:00-07:00,2025,Summer,8,384,187.771909734375,188.76628523222834,-0.9943754978533509,4.7092988172723125,2.5560779217289116,44.01041666666667,9.37256705702868,15.999676550707761,34.43290279291142,6.522967229393155
raw_xgb_lgb_production,Raw_Forecast_MWH,origin_11,2025-11-08 23:00:00-08:00,2025,Fall,11,384,122.29222068489582,118.33716882164062,3.955051863255214,4.544671583231852,3.583489015107041,88.54166666666666,8.418548134191171,23.315326911724014,9.6764045849758,5.742470362479638
raw_xgb_lgb_production,Raw_Forecast_MWH,origin_13,2026-01-03 23:00:00-08:00,2026,Winter,1,384,128.126853875,124.43539387995288,3.69145999504711,4.4946843047475715,3.427968107060607,84.11458333333334,9.223085730555601,19.49376729692429,9.620149424910267,5.676576167380177
raw_xgb_lgb_production,Raw_Forecast_MWH,origin_05,2025-05-25 00:00:00-07:00,2025,Spring,5,384,153.69139593489584,155.12506102188652,-1.4336650869907068,4.182773488023096,2.624462468611488,44.79166666666667,9.239077349355943,18.101342175644987,23.37637322770783,5.819619503109647
raw_xgb_lgb_production,Raw_Forecast_MWH,origin_04,2025-04-27 00:00:00-07:00,2025,Spring,4,384,121.913576171875,124.34209333135455,-2.428517159479556,4.170457394301613,3.230324813284367,41.66666666666667,9.491600244979912,17.456610050037227,27.68211256660493,6.187411435323361
raw_xgb_lgb_production,Raw_Forecast_MWH,origin_10,2025-10-12 00:00:00-07:00,2025,Fall,10,384,118.67937204947917,115.21900611592754,3.4603659335516297,3.8926552446997533,3.2176907043441187,90.88541666666666,6.85747667145859,18.109517467901853,9.164498329574187,4.647262430393601
raw_xgb_lgb_production,Raw_Forecast_MWH,origin_06,2025-06-22 00:00:00-07:00,2025,Summer,6,384,168.52844033593752,167.45094106663177,1.0774992693057388,3.8731576480200647,2.225902482242872,57.291666666666664,9.371601650596919,19.556502089652184,23.650220996520716,5.585702664219442
raw_xgb_lgb_production,Raw_Forecast_MWH,origin_14,2026-01-31 23:00:00-08:00,2026,Winter,1,384,120.6618153359375,117.37064404203909,3.291171293898412,3.8637574999684037,3.0872761429461058,84.89583333333334,8.092142467969689,22.0983329815095,5.663905765702538,5.572608571383184
raw_xgb_lgb_production,Raw_Forecast_MWH,origin_19,2026-05-28 00:00:00-07:00,2026,Spring,5,384,158.50971714583332,158.47321599516746,0.036501150665868086,3.8438413428537896,2.4575047077843233,58.072916666666664,8.344941505602621,14.656555772570783,19.007785875600177,5.124917169716808
raw_xgb_lgb_production,Raw_Forecast_MWH,origin_20,2026-05-29 00:00:00-07:00,2026,Spring,5,384,163.7729361171875,164.71701373291555,-0.9440776157280499,3.834441714434929,2.3633862483400883,46.61458333333333,8.432961792351522,13.363668941949811,19.628890589620028,5.268011265243365
raw_xgb_lgb_production,Raw_Forecast_MWH,origin_18,2026-05-24 00:00:00-07:00,2026,Spring,5,384,142.90284213541665,143.1904989208679,-0.2876567854512397,3.6629904054881135,2.663293251829703,54.427083333333336,7.781021485415427,15.456515572671748,19.30594369479317,4.811471467681276
raw_xgb_lgb_production,Raw_Forecast_MWH,origin_01,2024-10-13 00:00:00-07:00,2024,Fall,10,384,116.30257716666667,117.87785112221387,-1.5752739555471968,3.516550448287814,3.1247174875168544,27.604166666666668,6.3400583456305055,11.217701470079334,12.963901812389054,4.227213355636329
raw_xgb_lgb_production,Raw_Forecast_MWH,origin_09,2025-09-14 00:00:00-07:00,2025,Summer,9,384,162.83103684895835,163.33040635341018,-0.49936950445184375,3.5018168604290807,2.1539556815153733,49.73958333333333,7.593070144220725,12.03910799053915,34.53220651696995,5.445113410531331
raw_xgb_lgb_production,Raw_Forecast_MWH,origin_15,2026-02-28 23:00:00-08:00,2026,Winter,2,384,115.88717167708334,113.67180642476704,2.2153652523162974,3.431947758310921,2.913068284466421,75.26041666666666,6.532899697645232,12.310464405037948,8.902149407242632,4.165737168220418
raw_xgb_lgb_production,Raw_Forecast_MWH,origin_02,2024-11-09 23:00:00-08:00,2024,Fall,11,384,116.68925462760417,114.64827227623682,2.0409823513673353,3.35184817013504,2.7549145243766193,71.875,7.0015307323193,16.629693885143254,9.816054290275204,4.50266018597639
raw_xgb_lgb_production,Raw_Forecast_MWH,origin_03,2025-03-30 00:00:00-07:00,2025,Spring,3,384,111.3258731328125,109.71349590910471,1.6123772237077967,3.170863542469215,2.8304034298514664,73.69791666666666,6.383714159283394,14.527026852854377,8.35759291259707,3.9637415126396185
targeted_residual_meta_adjusted,Targeted_Meta_Adjusted_Forecast_MWH,origin_07,2025-07-20 00:00:00-07:00,2025,Summer,7,384,157.82088622916666,152.0684562254948,5.752430003671869,6.094498645715498,3.6898689002909184,89.58333333333334,13.489762210344006,25.750685556695885,5.494310000571431,8.09576207984215
targeted_residual_meta_adjusted,Targeted_Meta_Adjusted_Forecast_MWH,origin_17,2026-04-26 00:00:00-07:00,2026,Spring,4,384,127.136992640625,122.10959239459287,5.027400246032143,5.979727687968771,4.437527159774924,85.15625,12.74545071716256,21.031342327899324,11.892898967300567,7.551444415862702
targeted_residual_meta_adjusted,Targeted_Meta_Adjusted_Forecast_MWH,origin_08,2025-08-17 00:00:00-07:00,2025,Summer,8,384,187.771909734375,189.9250849639193,-2.1531752295442774,5.22934776054774,2.846542303381088,33.07291666666667,10.765399510919922,15.999676550707761,37.41383411353277,7.122706423395634
targeted_residual_meta_adjusted,Targeted_Meta_Adjusted_Forecast_MWH,origin_16,2026-03-29 00:00:00-07:00,2026,Spring,3,384,120.51718188281251,117.74155037629414,2.7756315065183466,4.497264044734445,3.577836322740773,69.79166666666666,10.186158865626146,23.218328025237398,12.21991844695728,6.066902817316034
targeted_residual_meta_adjusted,Targeted_Meta_Adjusted_Forecast_MWH,origin_05,2025-05-25 00:00:00-07:00,2025,Spring,5,384,153.69139593489584,153.74652824802862,-0.05513231313277467,4.168166254274458,2.570712368513029,55.208333333333336,9.562828984626647,22.20349667102417,23.37637322770783,5.898700081046297
targeted_residual_meta_adjusted,Targeted_Meta_Adjusted_Forecast_MWH,origin_02,2024-11-09 23:00:00-08:00,2024,Fall,11,384,116.68925462760417,113.19235685254102,3.4968977750631445,4.036612346891193,3.295026535616183,83.59375,8.166216666629191,19.261901491933244,8.50849389276496,5.324226274447453
targeted_residual_meta_adjusted,Targeted_Meta_Adjusted_Forecast_MWH,origin_06,2025-06-22 00:00:00-07:00,2025,Summer,6,384,168.52844033593752,166.73381575123736,1.7946245847001447,3.9484218430255127,2.2539373443196715,66.92708333333334,9.777522881064183,19.556502089652184,23.650220996520716,5.706021161761429
targeted_residual_meta_adjusted,Targeted_Meta_Adjusted_Forecast_MWH,origin_04,2025-04-27 00:00:00-07:00,2025,Spring,4,384,121.913576171875,124.38329942149375,-2.469723249618743,3.8182576908999124,2.9250796846753246,38.54166666666667,8.485787242021836,16.23847403711291,27.68211256660493,5.858072689815649
targeted_residual_meta_adjusted,Targeted_Meta_Adjusted_Forecast_MWH,origin_09,2025-09-14 00:00:00-07:00,2025,Summer,9,384,162.83103684895835,164.4847799683994,-1.6537431194410699,3.7440323949789267,2.3366606042186926,40.36458333333333,7.490815264209749,11.491855691198793,35.61300695954998,5.795520521871943
targeted_residual_meta_adjusted,Targeted_Meta_Adjusted_Forecast_MWH,origin_13,2026-01-03 23:00:00-08:00,2026,Winter,1,384,128.126853875,125.58121234752666,2.545641527473346,3.743428821253445,2.860243667797583,78.125,8.122780370676864,19.878827405630673,11.658014540425441,4.971653189569813
targeted_residual_meta_adjusted,Targeted_Meta_Adjusted_Forecast_MWH,origin_20,2026-05-29 00:00:00-07:00,2026,Spring,5,384,163.7729361171875,165.419112746575,-1.6461766293874867,3.6545984762637453,2.219543186068742,33.85416666666667,8.358639367902182,13.114409529989302,18.97747800914675,5.038500603115239
targeted_residual_meta_adjusted,Targeted_Meta_Adjusted_Forecast_MWH,origin_18,2026-05-24 00:00:00-07:00,2026,Spring,5,384,142.90284213541665,144.44083393424037,-1.5379917988237224,3.5821151760970547,2.571997753110027,40.36458333333333,7.844187316467274,12.441002259882183,18.785598111369467,4.728814104815557
targeted_residual_meta_adjusted,Targeted_Meta_Adjusted_Forecast_MWH,origin_15,2026-02-28 23:00:00-08:00,2026,Winter,2,384,115.88717167708334,113.55448387638917,2.332687800694166,3.511998420001716,2.986760939541698,76.82291666666666,6.851867861683566,12.837015753420673,9.054775211043804,4.257827431606911
targeted_residual_meta_adjusted,Targeted_Meta_Adjusted_Forecast_MWH,origin_11,2025-11-08 23:00:00-08:00,2025,Fall,11,384,122.29222068489582,119.82128145077395,2.4709392341218672,3.5104858361166156,2.772799508642732,80.20833333333334,6.510684834264199,22.435819946135368,11.665611958513878,4.7555323902327435
targeted_residual_meta_adjusted,Targeted_Meta_Adjusted_Forecast_MWH,origin_19,2026-05-28 00:00:00-07:00,2026,Spring,5,384,158.50971714583332,159.18953233772643,-0.6798151918931169,3.4012350127726325,2.0826983202550804,46.61458333333333,8.162249581582813,14.8524477138792,17.633565286604636,4.774157095980037
targeted_residual_meta_adjusted,Targeted_Meta_Adjusted_Forecast_MWH,origin_12,2025-12-06 23:00:00-08:00,2025,Winter,12,384,139.45845884114584,137.68913768478595,1.76932115635988,3.1228211776752555,2.1545062505737107,70.3125,6.396730193357417,11.062618956765647,23.535132650324044,4.1815427943336445
targeted_residual_meta_adjusted,Targeted_Meta_Adjusted_Forecast_MWH,origin_14,2026-01-31 23:00:00-08:00,2026,Winter,1,384,120.6618153359375,118.72134340566521,1.9404719302722955,3.0544068350676663,2.43966347276453,66.92708333333334,6.840807692011672,19.39812608100985,8.112316580341144,4.4198929268168525
targeted_residual_meta_adjusted,Targeted_Meta_Adjusted_Forecast_MWH,origin_03,2025-03-30 00:00:00-07:00,2025,Spring,3,384,111.3258731328125,110.52445770303484,0.8014154297776525,2.8256530726085334,2.508922683428737,63.28125,5.6805880444881796,13.818686224981903,9.845336667245164,3.680555748186537
targeted_residual_meta_adjusted,Targeted_Meta_Adjusted_Forecast_MWH,origin_10,2025-10-12 00:00:00-07:00,2025,Fall,10,384,118.67937204947917,116.76065366975813,1.9187183797210352,2.762700686057105,2.287624650596178,80.98958333333334,5.148837641699038,17.338892068638643,12.6709584561264,3.568913009882501
targeted_residual_meta_adjusted,Targeted_Meta_Adjusted_Forecast_MWH,origin_01,2024-10-13 00:00:00-07:00,2024,Fall,10,384,116.30257716666667,115.36290797089133,0.9396691957753482,2.7540457708107833,2.251633548684489,51.5625,6.084000759551481,16.675376436519883,8.297972961181813,3.960972797692194
residual_calibrated,Residual_Calibrated_Forecast_MWH,origin_08,2025-08-17 00:00:00-07:00,2025,Summer,8,384,187.771909734375,191.27910720974657,-3.507197475371567,5.759987680744835,3.1920693401902516,25.0,11.725217610530024,14.083961290107425,39.62448488841784,7.736211495663866
residual_calibrated,Residual_Calibrated_Forecast_MWH,origin_07,2025-07-20 00:00:00-07:00,2025,Summer,7,384,157.82088622916666,152.66925465369306,5.1516315754736,5.627031838018862,3.42401933308135,86.45833333333334,12.396207346239844,24.605119934349034,6.5200685556102655,7.535689052200764
residual_calibrated,Residual_Calibrated_Forecast_MWH,origin_17,2026-04-26 00:00:00-07:00,2026,Spring,4,384,127.136992640625,123.22873853661763,3.9082541040073733,5.168152698194471,3.8210250651976043,79.16666666666666,11.282927823843556,20.018305750155633,12.346659427408284,6.682779919890604
residual_calibrated,Residual_Calibrated_Forecast_MWH,origin_02,2024-11-09 23:00:00-08:00,2024,Fall,11,384,116.68925462760417,112.34284526651362,4.346409361090538,4.65752192235789,3.8487126462793078,89.58333333333334,8.835461828252765,20.120158255352578,7.6873752518048235,5.867806115826057
residual_calibrated,Residual_Calibrated_Forecast_MWH,origin_05,2025-05-25 00:00:00-07:00,2025,Spring,5,384,153.69139593489584,153.08895566947697,0.6024402654188526,4.309109761656221,2.6378611766957696,60.15625,10.493847441825087,23.49703740781277,22.725651622300177,6.067060133897822
residual_calibrated,Residual_Calibrated_Forecast_MWH,origin_06,2025-06-22 00:00:00-07:00,2025,Summer,6,384,168.52844033593752,166.15067619890985,2.3777641370276603,4.186716654232199,2.387179571302929,74.73958333333334,9.881378849600697,20.149058507428265,22.610997330021576,5.9007877175038095
residual_calibrated,Residual_Calibrated_Forecast_MWH,origin_16,2026-03-29 00:00:00-07:00,2026,Spring,3,384,120.51718188281251,118.59624201706809,1.9209398657444157,4.142221610308993,3.2996500341269868,64.58333333333334,9.661476036152056,22.819637484153972,13.09751079781617,5.654266964173447
residual_calibrated,Residual_Calibrated_Forecast_MWH,origin_20,2026-05-29 00:00:00-07:00,2026,Spring,5,384,163.7729361171875,166.4085867159295,-2.6356505987420022,4.036253833819879,2.4820249676283224,24.479166666666664,9.212799802324682,13.060105450076264,18.836622423788953,5.389948282954893
residual_calibrated,Residual_Calibrated_Forecast_MWH,origin_09,2025-09-14 00:00:00-07:00,2025,Summer,9,384,162.83103684895835,165.47624009525867,-2.645203246300332,4.017968785309682,2.5390308679159843,30.989583333333332,7.671464559806758,9.704450602198506,36.46027709377313,6.2180187370246385
residual_calibrated,Residual_Calibrated_Forecast_MWH,origin_18,2026-05-24 00:00:00-07:00,2026,Spring,5,384,142.90284213541665,145.48670203000444,-2.583859894587773,3.9720386309448688,2.8429684044022943,29.6875,8.841209699412044,11.862952357552018,18.842858828382134,5.147295895229215
residual_calibrated,Residual_Calibrated_Forecast_MWH,origin_04,2025-04-27 00:00:00-07:00,2025,Spring,4,384,121.913576171875,125.07438810683298,-3.1608119349579744,3.893585099278043,2.9864799194546356,22.916666666666664,8.952897702659337,16.02449631721619,27.057271038663373,5.982828618220932
residual_calibrated,Residual_Calibrated_Forecast_MWH,origin_19,2026-05-28 00:00:00-07:00,2026,Spring,5,384,158.50971714583332,160.01878781576832,-1.509070669934992,3.479622555839317,2.115217808196223,36.19791666666667,8.275444949170003,14.949364616532534,17.849098246226674,4.899154933004178
residual_calibrated,Residual_Calibrated_Forecast_MWH,origin_13,2026-01-03 23:00:00-08:00,2026,Winter,1,384,128.126853875,127.56185579072557,0.5649980842744381,3.188382118844473,2.46192466761644,54.427083333333336,6.9265040761474035,18.02277211795996,14.846754224368581,4.407775368719589
residual_calibrated,Residual_Calibrated_Forecast_MWH,origin_15,2026-02-28 23:00:00-08:00,2026,Winter,2,384,115.88717167708334,114.36270059439254,1.524471082690802,3.1125655792456346,2.641390448838992,69.79166666666666,6.596252964871421,11.84527645887438,9.72558993637874,3.8851778788987796
residual_calibrated,Residual_Calibrated_Forecast_MWH,origin_11,2025-11-08 23:00:00-08:00,2025,Fall,11,384,122.29222068489582,120.86919057320593,1.4230301116898996,3.005331094816505,2.3854129215090256,67.70833333333334,6.617608323989515,21.86583365978636,12.26035643138728,4.331444823779645
residual_calibrated,Residual_Calibrated_Forecast_MWH,origin_01,2024-10-13 00:00:00-07:00,2024,Fall,10,384,116.30257716666667,114.22754516177174,2.0750320048949256,2.8823136675487095,2.3184719611142923,70.3125,6.966174605049394,17.706317969365614,6.923770537778921,4.29381384147572
residual_calibrated,Residual_Calibrated_Forecast_MWH,origin_14,2026-01-31 23:00:00-08:00,2026,Winter,1,384,120.6618153359375,120.39485387826564,0.26696145767186813,2.8647429956637502,2.3110609188495146,46.875,6.29634724335991,17.790342185818446,9.720100475532547,3.9782651696865474
residual_calibrated,Residual_Calibrated_Forecast_MWH,origin_12,2025-12-06 23:00:00-08:00,2025,Winter,12,384,139.45845884114584,139.36326387239114,0.09519496875469735,2.600576097568125,1.8271628585680162,54.427083333333336,5.413575513535643,9.444700245213625,26.385097709996273,3.7029223123013946
residual_calibrated,Residual_Calibrated_Forecast_MWH,origin_03,2025-03-30 00:00:00-07:00,2025,Spring,3,384,111.3258731328125,111.66175763981609,-0.3358845070035866,2.5646303536634893,2.271498806410227,46.875,5.663340587752134,13.404004140104263,10.259301502800952,3.441092980571284
residual_calibrated,Residual_Calibrated_Forecast_MWH,origin_10,2025-10-12 00:00:00-07:00,2025,Fall,10,384,118.67937204947917,117.6817634603528,0.997608589126358,2.2720731144719926,1.8823062878188592,68.75,4.770485446689178,16.90105102501768,13.16860682198842,3.1390954451794215
warm_ramp_adjusted,Warm_Ramp_Adjusted_Forecast_MWH,origin_08,2025-08-17 00:00:00-07:00,2025,Summer,8,384,187.771909734375,191.27910720974657,-3.507197475371567,5.759987680744835,3.1920693401902516,25.0,11.725217610530024,14.083961290107425,39.62448488841784,7.736211495663866
warm_ramp_adjusted,Warm_Ramp_Adjusted_Forecast_MWH,origin_07,2025-07-20 00:00:00-07:00,2025,Summer,7,384,157.82088622916666,152.66925465369306,5.1516315754736,5.627031838018862,3.42401933308135,86.45833333333334,12.396207346239844,24.605119934349034,6.5200685556102655,7.535689052200764
warm_ramp_adjusted,Warm_Ramp_Adjusted_Forecast_MWH,origin_17,2026-04-26 00:00:00-07:00,2026,Spring,4,384,127.136992640625,123.57834650647357,3.558646134151443,4.89125135622683,3.660612343161523,77.86458333333334,10.895479280688235,20.018305750155633,12.346659427408284,6.256717294403778
warm_ramp_adjusted,Warm_Ramp_Adjusted_Forecast_MWH,origin_02,2024-11-09 23:00:00-08:00,2024,Fall,11,384,116.68925462760417,112.34284526651362,4.346409361090538,4.65752192235789,3.8487126462793078,89.58333333333334,8.835461828252765,20.120158255352578,7.6873752518048235,5.867806115826057
warm_ramp_adjusted,Warm_Ramp_Adjusted_Forecast_MWH,origin_05,2025-05-25 00:00:00-07:00,2025,Spring,5,384,153.69139593489584,152.96820157495134,0.7231943599444902,4.394084255861649,2.691482456522143,60.416666666666664,10.849703361910992,23.49703740781277,22.725651622300177,6.194394456338282
warm_ramp_adjusted,Warm_Ramp_Adjusted_Forecast_MWH,origin_06,2025-06-22 00:00:00-07:00,2025,Summer,6,384,168.52844033593752,166.15067619890985,2.3777641370276603,4.186716654232199,2.387179571302929,74.73958333333334,9.881378849600697,20.149058507428265,22.610997330021576,5.9007877175038095
warm_ramp_adjusted,Warm_Ramp_Adjusted_Forecast_MWH,origin_18,2026-05-24 00:00:00-07:00,2026,Spring,5,384,142.90284213541665,145.62669204315242,-2.7238499077357328,4.098376129100107,2.9258729997817965,28.645833333333332,9.01733559185812,11.862952357552018,18.842858828382134,5.309489720297892
warm_ramp_adjusted,Warm_Ramp_Adjusted_Forecast_MWH,origin_20,2026-05-29 00:00:00-07:00,2026,Spring,5,384,163.7729361171875,166.42458674367919,-2.651650626491677,4.067785578317706,2.5031965883847254,24.739583333333336,9.212799802324682,13.060105450076264,18.836622423788953,5.410018320036586
warm_ramp_adjusted,Warm_Ramp_Adjusted_Forecast_MWH,origin_09,2025-09-14 00:00:00-07:00,2025,Summer,9,384,162.83103684895835,165.47624009525867,-2.645203246300332,4.017968785309682,2.5390308679159843,30.989583333333332,7.671464559806758,9.704450602198506,36.46027709377313,6.2180187370246385
warm_ramp_adjusted,Warm_Ramp_Adjusted_Forecast_MWH,origin_16,2026-03-29 00:00:00-07:00,2026,Spring,3,384,120.51718188281251,119.05017396342119,1.4670079193913164,3.9727982756903426,3.1787020025452524,61.71875,9.125651600300756,22.819637484153972,13.09751079781617,5.444833037474409
warm_ramp_adjusted,Warm_Ramp_Adjusted_Forecast_MWH,origin_04,2025-04-27 00:00:00-07:00,2025,Spring,4,384,121.913576171875,125.04401910365317,-3.130442931778164,3.862454541015253,2.9605148472976435,23.4375,8.952897702659337,16.02449631721619,27.057271038663373,5.955057186462404
warm_ramp_adjusted,Warm_Ramp_Adjusted_Forecast_MWH,origin_19,2026-05-28 00:00:00-07:00,2026,Spring,5,384,158.50971714583332,160.03510655885358,-1.5253894130202443,3.5061171630387995,2.133322231896695,36.19791666666667,8.275444949170003,14.949364616532534,17.849098246226674,4.918209249981202
warm_ramp_adjusted,Warm_Ramp_Adjusted_Forecast_MWH,origin_13,2026-01-03 23:00:00-08:00,2026,Winter,1,384,128.126853875,127.56185579072557,0.5649980842744381,3.188382118844473,2.46192466761644,54.427083333333336,6.9265040761474035,18.02277211795996,14.846754224368581,4.407775368719589
warm_ramp_adjusted,Warm_Ramp_Adjusted_Forecast_MWH,origin_15,2026-02-28 23:00:00-08:00,2026,Winter,2,384,115.88717167708334,114.36270059439254,1.524471082690802,3.1125655792456346,2.641390448838992,69.79166666666666,6.596252964871421,11.84527645887438,9.72558993637874,3.8851778788987796
warm_ramp_adjusted,Warm_Ramp_Adjusted_Forecast_MWH,origin_01,2024-10-13 00:00:00-07:00,2024,Fall,10,384,116.30257716666667,113.9788229319601,2.32375423470658,3.0489527974398514,2.4332557801386594,71.61458333333334,7.431573245411379,18.192942951769737,6.923770537778921,4.507808947193676
warm_ramp_adjusted,Warm_Ramp_Adjusted_Forecast_MWH,origin_11,2025-11-08 23:00:00-08:00,2025,Fall,11,384,122.29222068489582,120.91925859149192,1.3729620934039044,3.039194673580487,2.4093792136726777,66.92708333333334,6.908264292200407,21.86583365978636,12.26035643138728,4.375922495432066
warm_ramp_adjusted,Warm_Ramp_Adjusted_Forecast_MWH,origin_14,2026-01-31 23:00:00-08:00,2026,Winter,1,384,120.6618153359375,120.39485387826564,0.26696145767186813,2.8647429956637502,2.3110609188495146,46.875,6.29634724335991,17.790342185818446,9.720100475532547,3.9782651696865474
warm_ramp_adjusted,Warm_Ramp_Adjusted_Forecast_MWH,origin_03,2025-03-30 00:00:00-07:00,2025,Spring,3,384,111.3258731328125,111.78965304180917,-0.4637799089966796,2.6237502948792075,2.3158559395592855,45.83333333333333,5.707464384887161,13.404004140104263,11.332786252466974,3.5230232911396757
warm_ramp_adjusted,Warm_Ramp_Adjusted_Forecast_MWH,origin_12,2025-12-06 23:00:00-08:00,2025,Winter,12,384,139.45845884114584,139.36326387239114,0.09519496875469735,2.600576097568125,1.8271628585680162,54.427083333333336,5.413575513535643,9.444700245213625,26.385097709996273,3.7029223123013946
warm_ramp_adjusted,Warm_Ramp_Adjusted_Forecast_MWH,origin_10,2025-10-12 00:00:00-07:00,2025,Fall,10,384,118.67937204947917,117.84227662001246,0.8370954294667202,2.200729827444747,1.8366296719733002,66.40625,4.362744728379037,16.90105102501768,13.16860682198842,3.042525179520853
cloud_solar_adjusted,Cloud_Solar_Adjusted_Forecast_MWH,origin_08,2025-08-17 00:00:00-07:00,2025,Summer,8,384,187.771909734375,191.2878882267172,-3.515978492342208,5.76840872940729,3.196112001482463,25.0,11.641488302652007,14.083961290107425,39.62448488841784,7.746658613549208
cloud_solar_adjusted,Cloud_Solar_Adjusted_Forecast_MWH,origin_07,2025-07-20 00:00:00-07:00,2025,Summer,7,384,157.82088622916666,152.6636598125664,5.157226416600252,5.631020117830064,3.427946672467614,86.19791666666666,12.396207346239844,24.605119934349034,6.5200685556102655,7.53684399486439
cloud_solar_adjusted,Cloud_Solar_Adjusted_Forecast_MWH,origin_17,2026-04-26 00:00:00-07:00,2026,Spring,4,384,127.136992640625,123.64231520215253,3.4946774384724777,4.862091192594522,3.6385948104614108,77.86458333333334,10.79478219135126,20.018305750155633,12.464720991140382,6.22999589005712
cloud_solar_adjusted,Cloud_Solar_Adjusted_Forecast_MWH,origin_02,2024-11-09 23:00:00-08:00,2024,Fall,11,384,116.68925462760417,112.3995830623773,4.289671565226856,4.587036656060575,3.8008468057553593,89.84375,8.709827323449137,20.100993956430486,7.250497944745462,5.765733803853239
cloud_solar_adjusted,Cloud_Solar_Adjusted_Forecast_MWH,origin_05,2025-05-25 00:00:00-07:00,2025,Spring,5,384,153.69139593489584,152.97749559663615,0.7139003382597063,4.387384318855296,2.6865473449299717,60.416666666666664,10.812654339151338,23.4464911361637,22.725651622300177,6.18872635708869
cloud_solar_adjusted,Cloud_Solar_Adjusted_Forecast_MWH,origin_06,2025-06-22 00:00:00-07:00,2025,Summer,6,384,168.52844033593752,166.12190187485874,2.4065384610787652,4.205413997143599,2.399193398343287,75.0,9.877843120386835,20.149058507428265,22.610997330021576,5.911254385022042
cloud_solar_adjusted,Cloud_Solar_Adjusted_Forecast_MWH,origin_18,2026-05-24 00:00:00-07:00,2026,Spring,5,384,142.90284213541665,145.65945829130573,-2.756616155889063,4.113788539351214,2.9380953771287555,28.125,9.01733559185812,10.102894953366317,18.842858828382134,5.316403044974724
cloud_solar_adjusted,Cloud_Solar_Adjusted_Forecast_MWH,origin_20,2026-05-29 00:00:00-07:00,2026,Spring,5,384,163.7729361171875,166.43759507510416,-2.6646589579166737,4.068037259069606,2.5033702059541096,24.479166666666664,9.212799802324682,14.003459894909497,18.836622423788953,5.410956959521919
cloud_solar_adjusted,Cloud_Solar_Adjusted_Forecast_MWH,origin_09,2025-09-14 00:00:00-07:00,2025,Summer,9,384,162.83103684895835,165.480926791476,-2.6498899425176674,4.026514581776597,2.54337891677092,31.25,7.556413902341135,9.704450602198506,36.81674741763106,6.244176408395568
cloud_solar_adjusted,Cloud_Solar_Adjusted_Forecast_MWH,origin_16,2026-03-29 00:00:00-07:00,2026,Spring,3,384,120.51718188281251,119.10911802573169,1.4080638570808126,3.9329906925636062,3.150087971469207,61.71875,9.21371369435542,21.130819886649263,13.09751079781617,5.3782777450635235
cloud_solar_adjusted,Cloud_Solar_Adjusted_Forecast_MWH,origin_04,2025-04-27 00:00:00-07:00,2025,Spring,4,384,121.913576171875,125.04960116192639,-3.136024990051389,3.869867452255139,2.9669101587586173,23.697916666666664,8.96871123372046,15.953171927975845,27.057271038663373,5.954302282798725
cloud_solar_adjusted,Cloud_Solar_Adjusted_Forecast_MWH,origin_19,2026-05-28 00:00:00-07:00,2026,Spring,5,384,158.50971714583332,160.05451328733488,-1.5447961415015596,3.5000203217011943,2.1285195129777947,35.67708333333333,8.275444949170003,15.610034612274376,17.849098246226674,4.912869869199443
cloud_solar_adjusted,Cloud_Solar_Adjusted_Forecast_MWH,origin_13,2026-01-03 23:00:00-08:00,2026,Winter,1,384,128.126853875,127.72233962845964,0.4045142465403592,3.2837955929942972,2.5429437652048894,53.645833333333336,7.106677898640255,18.044875951986498,18.265857559751254,4.5751171080145605
cloud_solar_adjusted,Cloud_Solar_Adjusted_Forecast_MWH,origin_15,2026-02-28 23:00:00-08:00,2026,Winter,2,384,115.88717167708334,114.32125682694937,1.565914850133969,3.1383716014546152,2.664402237834896,70.05208333333334,6.596252964871421,12.059225311494075,9.815834767348449,3.922037587941093
cloud_solar_adjusted,Cloud_Solar_Adjusted_Forecast_MWH,origin_01,2024-10-13 00:00:00-07:00,2024,Fall,10,384,116.30257716666667,113.90891748459903,2.3936596820676384,3.081710343572525,2.460320055918264,72.39583333333334,7.431573245411379,18.59173724315417,6.923770537778921,4.579480004316372
cloud_solar_adjusted,Cloud_Solar_Adjusted_Forecast_MWH,origin_11,2025-11-08 23:00:00-08:00,2025,Fall,11,384,122.29222068489582,120.99890517618138,1.29331550871446,3.0446485960117866,2.4151550909204444,66.40625,6.8286608083408,22.131055066558332,12.166174059702996,4.380224957871724
cloud_solar_adjusted,Cloud_Solar_Adjusted_Forecast_MWH,origin_14,2026-01-31 23:00:00-08:00,2026,Winter,1,384,120.6618153359375,120.4668106562583,0.19500467967920085,2.8646689744153853,2.3157165415904477,47.13541666666667,6.1689454872975205,16.884317035714005,10.784543359218603,3.9362016780574423
cloud_solar_adjusted,Cloud_Solar_Adjusted_Forecast_MWH,origin_03,2025-03-30 00:00:00-07:00,2025,Spring,3,384,111.3258731328125,111.81608117194712,-0.4902080391346191,2.6354835672229466,2.3245631803942213,46.09375,5.758084567915419,13.404004140104263,11.387458465664452,3.540707673251129
cloud_solar_adjusted,Cloud_Solar_Adjusted_Forecast_MWH,origin_12,2025-12-06 23:00:00-08:00,2025,Winter,12,384,139.45845884114584,139.635238700904,-0.17677985975818547,2.582770397494372,1.8201486905811415,52.604166666666664,5.215724506460949,9.444700245213625,27.16830773450434,3.777020267934139
cloud_solar_adjusted,Cloud_Solar_Adjusted_Forecast_MWH,origin_10,2025-10-12 00:00:00-07:00,2025,Fall,10,384,118.67937204947917,117.842582664034,0.8367893854451692,2.2317680140432308,1.861724736109499,66.66666666666666,4.398119186650711,17.11965303840303,13.836222045468546,3.0952278822492705
peak_risk_adjusted,Peak_Risk_Adjusted_Forecast_MWH,origin_08,2025-08-17 00:00:00-07:00,2025,Summer,8,384,187.771909734375,191.2878882267172,-3.515978492342208,5.76840872940729,3.196112001482463,25.0,11.641488302652007,14.083961290107425,39.62448488841784,7.746658613549208
peak_risk_adjusted,Peak_Risk_Adjusted_Forecast_MWH,origin_07,2025-07-20 00:00:00-07:00,2025,Summer,7,384,157.82088622916666,152.6636598125664,5.157226416600252,5.631020117830064,3.427946672467614,86.19791666666666,12.396207346239844,24.605119934349034,6.5200685556102655,7.53684399486439
peak_risk_adjusted,Peak_Risk_Adjusted_Forecast_MWH,origin_17,2026-04-26 00:00:00-07:00,2026,Spring,4,384,127.136992640625,123.64231520215253,3.4946774384724777,4.862091192594522,3.6385948104614108,77.86458333333334,10.79478219135126,20.018305750155633,12.464720991140382,6.22999589005712
peak_risk_adjusted,Peak_Risk_Adjusted_Forecast_MWH,origin_02,2024-11-09 23:00:00-08:00,2024,Fall,11,384,116.68925462760417,112.3995830623773,4.289671565226856,4.587036656060575,3.8008468057553593,89.84375,8.709827323449137,20.100993956430486,7.250497944745462,5.765733803853239
peak_risk_adjusted,Peak_Risk_Adjusted_Forecast_MWH,origin_05,2025-05-25 00:00:00-07:00,2025,Spring,5,384,153.69139593489584,153.12012851471704,0.571267420178796,4.312882708798921,2.6525550985822632,58.854166666666664,10.704369857909883,23.4464911361637,22.725651622300177,6.075758273616743
peak_risk_adjusted,Peak_Risk_Adjusted_Forecast_MWH,origin_06,2025-06-22 00:00:00-07:00,2025,Summer,6,384,168.52844033593752,166.14025503449906,2.3881853014384293,4.189712507210526,2.392853734029005,75.0,9.811370204426172,19.756812759297247,22.610997330021576,5.885207062986548
peak_risk_adjusted,Peak_Risk_Adjusted_Forecast_MWH,origin_18,2026-05-24 00:00:00-07:00,2026,Spring,5,384,142.90284213541665,145.66117499878578,-2.758332863369121,4.1142836520848265,2.9382399482403447,28.125,9.01733559185812,10.102894953366317,18.842858828382134,5.316395663732434
peak_risk_adjusted,Peak_Risk_Adjusted_Forecast_MWH,origin_20,2026-05-29 00:00:00-07:00,2026,Spring,5,384,163.7729361171875,166.44443646542484,-2.6715003482373363,4.068038615996437,2.5035036376856836,24.479166666666664,9.15366105636573,14.003459894909497,18.836622423788953,5.408246354341014
peak_risk_adjusted,Peak_Risk_Adjusted_Forecast_MWH,origin_09,2025-09-14 00:00:00-07:00,2025,Summer,9,384,162.83103684895835,165.480926791476,-2.6498899425176674,4.026514581776597,2.54337891677092,31.25,7.556413902341135,9.704450602198506,36.81674741763106,6.244176408395568
peak_risk_adjusted,Peak_Risk_Adjusted_Forecast_MWH,origin_16,2026-03-29 00:00:00-07:00,2026,Spring,3,384,120.51718188281251,119.10911802573169,1.4080638570808126,3.9329906925636062,3.150087971469207,61.71875,9.21371369435542,21.130819886649263,13.09751079781617,5.3782777450635235
peak_risk_adjusted,Peak_Risk_Adjusted_Forecast_MWH,origin_04,2025-04-27 00:00:00-07:00,2025,Spring,4,384,121.913576171875,125.0513755902709,-3.1377994183958973,3.8705702944163094,2.967461909927934,23.4375,8.96871123372046,15.953171927975845,27.057271038663373,5.955493875829511
peak_risk_adjusted,Peak_Risk_Adjusted_Forecast_MWH,origin_19,2026-05-28 00:00:00-07:00,2026,Spring,5,384,158.50971714583332,160.05911602233735,-1.5493988765040243,3.4964890332939693,2.127347758628121,35.67708333333333,8.234191659835798,15.610034612274376,17.849098246226674,4.907497975949763
peak_risk_adjusted,Peak_Risk_Adjusted_Forecast_MWH,origin_13,2026-01-03 23:00:00-08:00,2026,Winter,1,384,128.126853875,127.72233962845964,0.4045142465403592,3.2837955929942972,2.5429437652048894,53.645833333333336,7.106677898640255,18.044875951986498,18.265857559751254,4.5751171080145605
peak_risk_adjusted,Peak_Risk_Adjusted_Forecast_MWH,origin_15,2026-02-28 23:00:00-08:00,2026,Winter,2,384,115.88717167708334,114.32125682694937,1.565914850133969,3.1383716014546152,2.664402237834896,70.05208333333334,6.596252964871421,12.059225311494075,9.815834767348449,3.922037587941093
peak_risk_adjusted,Peak_Risk_Adjusted_Forecast_MWH,origin_11,2025-11-08 23:00:00-08:00,2025,Fall,11,384,122.29222068489582,120.99890517618138,1.29331550871446,3.0446485960117866,2.4151550909204444,66.40625,6.8286608083408,22.131055066558332,12.166174059702996,4.380224957871724
peak_risk_adjusted,Peak_Risk_Adjusted_Forecast_MWH,origin_01,2024-10-13 00:00:00-07:00,2024,Fall,10,384,116.30257716666667,113.95505424030694,2.347522926359724,3.043295163277144,2.43729002230649,72.13541666666666,7.244174092058422,18.59173724315417,6.923770537778921,4.520159951789801
peak_risk_adjusted,Peak_Risk_Adjusted_Forecast_MWH,origin_14,2026-01-31 23:00:00-08:00,2026,Winter,1,384,120.6618153359375,120.4668106562583,0.19500467967920085,2.8646689744153853,2.3157165415904477,47.13541666666667,6.1689454872975205,16.884317035714005,10.784543359218603,3.9362016780574423
peak_risk_adjusted,Peak_Risk_Adjusted_Forecast_MWH,origin_03,2025-03-30 00:00:00-07:00,2025,Spring,3,384,111.3258731328125,111.81608117194712,-0.4902080391346191,2.6354835672229466,2.3245631803942213,46.09375,5.758084567915419,13.404004140104263,11.387458465664452,3.540707673251129
peak_risk_adjusted,Peak_Risk_Adjusted_Forecast_MWH,origin_12,2025-12-06 23:00:00-08:00,2025,Winter,12,384,139.45845884114584,139.635238700904,-0.17677985975818547,2.582770397494372,1.8201486905811415,52.604166666666664,5.215724506460949,9.444700245213625,27.16830773450434,3.777020267934139
peak_risk_adjusted,Peak_Risk_Adjusted_Forecast_MWH,origin_10,2025-10-12 00:00:00-07:00,2025,Fall,10,384,118.67937204947917,117.842582664034,0.8367893854451692,2.2317680140432308,1.861724736109499,66.66666666666666,4.398119186650711,17.11965303840303,13.836222045468546,3.0952278822492705
recent_corrected_simulation,Recent_Corrected_Forecast_MWH,origin_08,2025-08-17 00:00:00-07:00,2025,Summer,8,384,187.771909734375,191.76416978098038,-3.9922600466053684,5.998861948203591,3.3405400947178143,23.697916666666664,12.401565165068911,13.190579916578997,40.48114234576656,8.031556464708693
recent_corrected_simulation,Recent_Corrected_Forecast_MWH,origin_07,2025-07-20 00:00:00-07:00,2025,Summer,7,384,157.82088622916666,153.13089183368837,4.689994395478285,5.316916550424051,3.2213083693405906,81.77083333333334,11.8484070452813,23.952223705501325,7.2707989434332205,7.194093452986324
recent_corrected_simulation,Recent_Corrected_Forecast_MWH,origin_02,2024-11-09 23:00:00-08:00,2024,Fall,11,384,116.68925462760417,112.0649177851234,4.6243368424807585,4.855498698716711,4.039421683642066,92.1875,8.887678604643932,20.3353497569329,6.934514352625257,5.99394226679731
recent_corrected_simulation,Recent_Corrected_Forecast_MWH,origin_17,2026-04-26 00:00:00-07:00,2026,Spring,4,384,127.136992640625,124.02142134224839,3.115571298376612,4.683624812669713,3.4981623662042245,73.4375,10.490031634965863,19.742575408896442,12.78979136886916,6.055640158199616
recent_corrected_simulation,Recent_Corrected_Forecast_MWH,origin_05,2025-05-25 00:00:00-07:00,2025,Spring,5,384,153.69139593489584,153.28879873287602,0.40259720201980764,4.276767890663261,2.624828033233011,56.770833333333336,10.611692551137171,23.29046065431237,22.948751122685024,6.053361176890087
recent_corrected_simulation,Recent_Corrected_Forecast_MWH,origin_06,2025-06-22 00:00:00-07:00,2025,Summer,6,384,168.52844033593752,166.03992132397192,2.4885190119655856,4.251775073705926,2.4319512709062403,76.30208333333334,9.903507732012985,19.879775468543187,22.53310280823149,5.929541227817331
recent_corrected_simulation,Recent_Corrected_Forecast_MWH,origin_09,2025-09-14 00:00:00-07:00,2025,Summer,9,384,162.83103684895835,165.85904227583413,-3.028005426875779,4.2038131591468275,2.670232833113601,25.520833333333332,8.03081644533641,9.704450602198506,37.15471386368682,6.434598255722697
recent_corrected_simulation,Recent_Corrected_Forecast_MWH,origin_18,2026-05-24 00:00:00-07:00,2026,Spring,5,384,142.90284213541665,145.58348005810592,-2.6806379226892556,4.084774408416441,2.9208635542913974,28.125,8.85159290155547,10.29213469052523,18.647630800332564,5.260823310837756
recent_corrected_simulation,Recent_Corrected_Forecast_MWH,origin_20,2026-05-29 00:00:00-07:00,2026,Spring,5,384,163.7729361171875,166.22998373152595,-2.4570476143384568,3.995090250773911,2.4645749737106133,26.5625,8.621400812486037,14.432669836840034,18.485193721885054,5.306891524968175
recent_corrected_simulation,Recent_Corrected_Forecast_MWH,origin_04,2025-04-27 00:00:00-07:00,2025,Spring,4,384,121.913576171875,125.15204296749341,-3.2384667956184274,3.9339276661873526,3.026220770364881,21.354166666666664,9.059999382432116,15.77098464502133,27.103207334154433,5.994755910829125
recent_corrected_simulation,Recent_Corrected_Forecast_MWH,origin_16,2026-03-29 00:00:00-07:00,2026,Spring,3,384,120.51718188281251,119.22668471589917,1.290497166913331,3.9202568529118373,3.139457814257215,60.677083333333336,9.249705521637923,21.084795142995375,13.225745866545068,5.3587504608828365
recent_corrected_simulation,Recent_Corrected_Forecast_MWH,origin_19,2026-05-28 00:00:00-07:00,2026,Spring,5,384,158.50971714583332,160.0463780698992,-1.5366609240658662,3.4908313687415915,2.1296436006876953,34.63541666666667,8.171804033794416,15.8260782432707,17.742789207777122,4.885511893645588
recent_corrected_simulation,Recent_Corrected_Forecast_MWH,origin_01,2024-10-13 00:00:00-07:00,2024,Fall,10,384,116.30257716666667,113.357141076005,2.9454360906616786,3.3564277059390926,2.7052048314400796,81.77083333333334,7.85371200289656,19.109108203506963,6.145826767830357,4.859950116277482
recent_corrected_simulation,Recent_Corrected_Forecast_MWH,origin_13,2026-01-03 23:00:00-08:00,2026,Winter,1,384,128.126853875,127.65022666833276,0.4766272066672434,3.269646310638334,2.5285496553962594,52.604166666666664,6.846281584571682,18.409312244416157,17.95952623080902,4.55981799837247
recent_corrected_simulation,Recent_Corrected_Forecast_MWH,origin_15,2026-02-28 23:00:00-08:00,2026,Winter,2,384,115.88717167708334,114.07513320154082,1.812038475542507,3.2216363036745235,2.7338571955188526,71.875,6.812799707501184,12.31796721837408,9.43121202624026,4.013005063513272
recent_corrected_simulation,Recent_Corrected_Forecast_MWH,origin_11,2025-11-08 23:00:00-08:00,2025,Fall,11,384,122.29222068489582,121.23967530958033,1.0525453753154934,2.966225140474233,2.3620989923953437,64.0625,6.600742779220336,21.86371727943255,12.499946424357603,4.297888822003469
recent_corrected_simulation,Recent_Corrected_Forecast_MWH,origin_14,2026-01-31 23:00:00-08:00,2026,Winter,1,384,120.6618153359375,120.64219676306305,0.0196185728744368,2.8717318442157675,2.325356982913794,44.27083333333333,6.210693502093572,16.872583205629766,10.85243381610482,3.932963652716346
recent_corrected_simulation,Recent_Corrected_Forecast_MWH,origin_03,2025-03-30 00:00:00-07:00,2025,Spring,3,384,111.3258731328125,112.3109721311448,-0.985098998332294,2.708595813677034,2.400047949354136,38.02083333333333,6.380178594211868,12.832691478752125,11.756807832209716,3.6261249429757503
recent_corrected_simulation,Recent_Corrected_Forecast_MWH,origin_12,2025-12-06 23:00:00-08:00,2025,Winter,12,384,139.45845884114584,140.7012336671393,-1.242774825993441,2.675280382587197,1.9205262410330117,38.28125,5.462586539268716,8.540967173647175,28.384726455943962,3.9800115624642665
recent_corrected_simulation,Recent_Corrected_Forecast_MWH,origin_10,2025-10-12 00:00:00-07:00,2025,Fall,10,384,118.67937204947917,118.04381144865859,0.6355606008205741,2.1838448801940187,1.8221442652126945,64.0625,4.359164975052072,16.923595249675017,13.903512513169389,3.0574831261493305
stage_selected_production,Stage_Selected_Forecast_MWH,origin_08,2025-08-17 00:00:00-07:00,2025,Summer,8,384,187.771909734375,190.5607504074528,-2.7888406730777877,4.661047350139761,2.6726080550609392,26.302083333333332,9.950256422996828,12.45624562671793,19.181780240129683,5.897697341194469
stage_selected_production,Stage_Selected_Forecast_MWH,origin_04,2025-04-27 00:00:00-07:00,2025,Spring,4,384,121.913576171875,125.66396344420438,-3.750387272329375,4.353238825150133,3.380482785772644,19.791666666666664,9.855041710637837,16.23847403711291,22.48887724985289,6.0306450054653435
stage_selected_production,Stage_Selected_Forecast_MWH,origin_07,2025-07-20 00:00:00-07:00,2025,Summer,7,384,157.82088622916666,154.77012790652066,3.0507583226460198,4.250020870246888,2.7509146495203716,79.94791666666666,8.553240484050708,18.95025002992989,16.55169525723531,5.4137229309263395
stage_selected_production,Stage_Selected_Forecast_MWH,origin_17,2026-04-26 00:00:00-07:00,2026,Spring,4,384,127.136992640625,124.80215734219293,2.3348352984320604,4.1114979872954205,3.207496219304138,73.17708333333334,8.763113308389249,15.990161225414056,11.892898967300567,5.1809053128983615
stage_selected_production,Stage_Selected_Forecast_MWH,origin_02,2024-11-09 23:00:00-08:00,2024,Fall,11,384,116.68925462760417,113.05889714614251,3.6303574814616453,4.102353572087394,3.4585830343293043,86.45833333333334,7.79399724928789,18.25780472365446,7.250497944745462,5.152261439686423
stage_selected_production,Stage_Selected_Forecast_MWH,origin_06,2025-06-22 00:00:00-07:00,2025,Summer,6,384,168.52844033593752,166.66793286045606,1.8605074754814286,3.823838576961094,2.2356985886853824,71.09375,9.031826830720235,22.01614882844865,21.21097914971523,5.268516595638154
stage_selected_production,Stage_Selected_Forecast_MWH,origin_16,2026-03-29 00:00:00-07:00,2026,Spring,3,384,120.51718188281251,119.14356582386561,1.3736160589468982,3.808099126880012,3.0560000607721407,60.416666666666664,8.939900755373364,21.130819886649263,11.794714062644886,5.313389330168322
stage_selected_production,Stage_Selected_Forecast_MWH,origin_09,2025-09-14 00:00:00-07:00,2025,Summer,9,384,162.83103684895835,164.75240078595652,-1.921363936998184,3.80394624898666,2.4228594723894523,33.59375,7.316445821462941,12.081498346373564,30.763380369494286,5.463325044005369
stage_selected_production,Stage_Selected_Forecast_MWH,origin_20,2026-05-29 00:00:00-07:00,2026,Spring,5,384,163.7729361171875,166.2744978999199,-2.501561782732408,3.801035581707003,2.356010878715448,25.520833333333332,8.41618987796537,12.180371415605038,18.32493829993882,4.973603113789075
stage_selected_production,Stage_Selected_Forecast_MWH,origin_05,2025-05-25 00:00:00-07:00,2025,Spring,5,384,153.69139593489584,152.81599089138723,0.8754050435086106,3.800656061149541,2.3912346556654236,58.072916666666664,8.958286740351163,19.410460654312374,14.456129465029903,5.323147382319424
stage_selected_production,Stage_Selected_Forecast_MWH,origin_18,2026-05-24 00:00:00-07:00,2026,Spring,5,384,142.90284213541665,145.3951066965249,-2.4922645611082106,3.7579664347122503,2.7198009748673386,27.604166666666668,8.218730065080228,10.29213469052523,15.487849254987253,4.777256215469458
stage_selected_production,Stage_Selected_Forecast_MWH,origin_13,2026-01-03 23:00:00-08:00,2026,Winter,1,384,128.126853875,127.23873099970076,0.8881228752992324,3.3120688630516923,2.545054237220569,60.15625,7.379880986685261,18.409312244416157,18.265857559751254,4.686507183473694
stage_selected_production,Stage_Selected_Forecast_MWH,origin_19,2026-05-28 00:00:00-07:00,2026,Spring,5,384,158.50971714583332,159.93074079520835,-1.4210236493750195,3.2688505275023267,2.032962236991464,36.19791666666667,7.24234395685197,15.34323943776559,17.742789207777122,4.460507030889958
stage_selected_production,Stage_Selected_Forecast_MWH,origin_15,2026-02-28 23:00:00-08:00,2026,Winter,2,384,115.88717167708334,114.09800816601786,1.789163511065457,3.2330610672668514,2.745295793126281,71.875,6.858790567847596,13.487569953793752,9.054775211043804,4.080476253796288
stage_selected_production,Stage_Selected_Forecast_MWH,origin_11,2025-11-08 23:00:00-08:00,2025,Fall,11,384,122.29222068489582,122.02145091502531,0.2707697698705222,3.205613860506526,2.5382457271422365,57.552083333333336,7.525758911150512,21.86371727943255,12.499946424357603,4.499870592752962
stage_selected_production,Stage_Selected_Forecast_MWH,origin_01,2024-10-13 00:00:00-07:00,2024,Fall,10,384,116.30257716666667,114.2811117286763,2.0214654379903716,2.9279062870264494,2.3804729651239867,73.4375,6.411410398162924,18.59173724315417,7.320588134931285,4.327560820088348
stage_selected_production,Stage_Selected_Forecast_MWH,origin_14,2026-01-31 23:00:00-08:00,2026,Winter,1,384,120.6618153359375,120.58655113789894,0.07526419803855422,2.7216891691576044,2.2019786665928742,45.05208333333333,6.121483011292121,16.872583205629766,11.652433816104818,3.826766063767023
stage_selected_production,Stage_Selected_Forecast_MWH,origin_03,2025-03-30 00:00:00-07:00,2025,Spring,3,384,111.3258731328125,112.13007905767302,-0.8042059248605099,2.659094670328572,2.3400593139216386,40.36458333333333,6.3076561593330664,13.404004140104263,11.466807832209724,3.6027846218329915
stage_selected_production,Stage_Selected_Forecast_MWH,origin_12,2025-12-06 23:00:00-08:00,2025,Winter,12,384,139.45845884114584,140.24572917609498,-0.7872703349491535,2.4186257292403996,1.728521698817887,41.66666666666667,4.723122916734064,8.540967173647175,27.224726455943966,3.6970854261898167
stage_selected_production,Stage_Selected_Forecast_MWH,origin_10,2025-10-12 00:00:00-07:00,2025,Fall,10,384,118.67937204947917,118.37946054623427,0.2999115032448891,2.18149196974424,1.8116255752070491,58.333333333333336,4.444631593332863,17.11965303840303,13.903512513169389,3.098258082422174
final_corrected_production,Final_Backtest_Forecast_MWH,origin_08,2025-08-17 00:00:00-07:00,2025,Summer,8,384,187.771909734375,190.5607504074528,-2.7888406730777877,4.661047350139761,2.6726080550609392,26.302083333333332,9.950256422996828,12.45624562671793,19.181780240129683,5.897697341194469
final_corrected_production,Final_Backtest_Forecast_MWH,origin_04,2025-04-27 00:00:00-07:00,2025,Spring,4,384,121.913576171875,125.66396344420438,-3.750387272329375,4.353238825150133,3.380482785772644,19.791666666666664,9.855041710637837,16.23847403711291,22.48887724985289,6.0306450054653435
final_corrected_production,Final_Backtest_Forecast_MWH,origin_07,2025-07-20 00:00:00-07:00,2025,Summer,7,384,157.82088622916666,154.77012790652066,3.0507583226460198,4.250020870246888,2.7509146495203716,79.94791666666666,8.553240484050708,18.95025002992989,16.55169525723531,5.4137229309263395
final_corrected_production,Final_Backtest_Forecast_MWH,origin_17,2026-04-26 00:00:00-07:00,2026,Spring,4,384,127.136992640625,124.80215734219293,2.3348352984320604,4.1114979872954205,3.207496219304138,73.17708333333334,8.763113308389249,15.990161225414056,11.892898967300567,5.1809053128983615
final_corrected_production,Final_Backtest_Forecast_MWH,origin_02,2024-11-09 23:00:00-08:00,2024,Fall,11,384,116.68925462760417,113.05889714614251,3.6303574814616453,4.102353572087394,3.4585830343293043,86.45833333333334,7.79399724928789,18.25780472365446,7.250497944745462,5.152261439686423
final_corrected_production,Final_Backtest_Forecast_MWH,origin_06,2025-06-22 00:00:00-07:00,2025,Summer,6,384,168.52844033593752,166.66793286045606,1.8605074754814286,3.823838576961094,2.2356985886853824,71.09375,9.031826830720235,22.01614882844865,21.21097914971523,5.268516595638154
final_corrected_production,Final_Backtest_Forecast_MWH,origin_16,2026-03-29 00:00:00-07:00,2026,Spring,3,384,120.51718188281251,119.14356582386561,1.3736160589468982,3.808099126880012,3.0560000607721407,60.416666666666664,8.939900755373364,21.130819886649263,11.794714062644886,5.313389330168322
final_corrected_production,Final_Backtest_Forecast_MWH,origin_09,2025-09-14 00:00:00-07:00,2025,Summer,9,384,162.83103684895835,164.75240078595652,-1.921363936998184,3.80394624898666,2.4228594723894523,33.59375,7.316445821462941,12.081498346373564,30.763380369494286,5.463325044005369
final_corrected_production,Final_Backtest_Forecast_MWH,origin_20,2026-05-29 00:00:00-07:00,2026,Spring,5,384,163.7729361171875,166.2744978999199,-2.501561782732408,3.801035581707003,2.356010878715448,25.520833333333332,8.41618987796537,12.180371415605038,18.32493829993882,4.973603113789075
final_corrected_production,Final_Backtest_Forecast_MWH,origin_05,2025-05-25 00:00:00-07:00,2025,Spring,5,384,153.69139593489584,152.81599089138723,0.8754050435086106,3.800656061149541,2.3912346556654236,58.072916666666664,8.958286740351163,19.410460654312374,14.456129465029903,5.323147382319424
final_corrected_production,Final_Backtest_Forecast_MWH,origin_18,2026-05-24 00:00:00-07:00,2026,Spring,5,384,142.90284213541665,145.3951066965249,-2.4922645611082106,3.7579664347122503,2.7198009748673386,27.604166666666668,8.218730065080228,10.29213469052523,15.487849254987253,4.777256215469458
final_corrected_production,Final_Backtest_Forecast_MWH,origin_13,2026-01-03 23:00:00-08:00,2026,Winter,1,384,128.126853875,127.23873099970076,0.8881228752992324,3.3120688630516923,2.545054237220569,60.15625,7.379880986685261,18.409312244416157,18.265857559751254,4.686507183473694
final_corrected_production,Final_Backtest_Forecast_MWH,origin_19,2026-05-28 00:00:00-07:00,2026,Spring,5,384,158.50971714583332,159.93074079520835,-1.4210236493750195,3.2688505275023267,2.032962236991464,36.19791666666667,7.24234395685197,15.34323943776559,17.742789207777122,4.460507030889958
final_corrected_production,Final_Backtest_Forecast_MWH,origin_15,2026-02-28 23:00:00-08:00,2026,Winter,2,384,115.88717167708334,114.09800816601786,1.789163511065457,3.2330610672668514,2.745295793126281,71.875,6.858790567847596,13.487569953793752,9.054775211043804,4.080476253796288
final_corrected_production,Final_Backtest_Forecast_MWH,origin_11,2025-11-08 23:00:00-08:00,2025,Fall,11,384,122.29222068489582,122.02145091502531,0.2707697698705222,3.205613860506526,2.5382457271422365,57.552083333333336,7.525758911150512,21.86371727943255,12.499946424357603,4.499870592752962
final_corrected_production,Final_Backtest_Forecast_MWH,origin_01,2024-10-13 00:00:00-07:00,2024,Fall,10,384,116.30257716666667,114.2811117286763,2.0214654379903716,2.9279062870264494,2.3804729651239867,73.4375,6.411410398162924,18.59173724315417,7.320588134931285,4.327560820088348
final_corrected_production,Final_Backtest_Forecast_MWH,origin_14,2026-01-31 23:00:00-08:00,2026,Winter,1,384,120.6618153359375,120.58655113789894,0.07526419803855422,2.7216891691576044,2.2019786665928742,45.05208333333333,6.121483011292121,16.872583205629766,11.652433816104818,3.826766063767023
final_corrected_production,Final_Backtest_Forecast_MWH,origin_03,2025-03-30 00:00:00-07:00,2025,Spring,3,384,111.3258731328125,112.13007905767302,-0.8042059248605099,2.659094670328572,2.3400593139216386,40.36458333333333,6.3076561593330664,13.404004140104263,11.466807832209724,3.6027846218329915
final_corrected_production,Final_Backtest_Forecast_MWH,origin_12,2025-12-06 23:00:00-08:00,2025,Winter,12,384,139.45845884114584,140.24572917609498,-0.7872703349491535,2.4186257292403996,1.728521698817887,41.66666666666667,4.723122916734064,8.540967173647175,27.224726455943966,3.6970854261898167
final_corrected_production,Final_Backtest_Forecast_MWH,origin_10,2025-10-12 00:00:00-07:00,2025,Fall,10,384,118.67937204947917,118.37946054623427,0.2999115032448891,2.18149196974424,1.8116255752070491,58.333333333333336,4.444631593332863,17.11965303840303,13.903512513169389,3.098258082422174
baseline_same_hour_yesterday,Baseline_SameHourYesterday_MWH,origin_20,2026-05-29 00:00:00-07:00,2026,Spring,5,384,163.7729361171875,164.0956694921875,-0.3227333750000001,65.4153055,41.80278941242059,52.864583333333336,127.96946700000002,183.07319999999999,173.90324999999999,78.8440565368596
baseline_same_hour_yesterday,Baseline_SameHourYesterday_MWH,origin_19,2026-05-28 00:00:00-07:00,2026,Spring,5,384,158.50971714583332,154.046940796875,4.462776348958333,61.27340071354167,39.37037342626973,54.947916666666664,122.20860239999999,183.07319999999999,162.00678299999998,74.72767124373885
baseline_same_hour_yesterday,Baseline_SameHourYesterday_MWH,origin_18,2026-05-24 00:00:00-07:00,2026,Spring,5,384,142.90284213541665,144.62392261197917,-1.7210804765625003,44.2589114453125,30.544592045217367,49.73958333333333,103.93259079999999,128.11466700000003,151.51145799999998,58.2316075634787
baseline_same_hour_yesterday,Baseline_SameHourYesterday_MWH,origin_05,2025-05-25 00:00:00-07:00,2025,Spring,5,384,153.69139593489584,150.15266544791666,3.538730486979167,18.1360294609375,10.837063671182563,59.114583333333336,42.91304439999999,77.28132500000001,88.83647500000001,25.976213276843442
baseline_same_hour_yesterday,Baseline_SameHourYesterday_MWH,origin_09,2025-09-14 00:00:00-07:00,2025,Summer,9,384,162.83103684895835,167.14112179166668,-4.310084942708333,17.362092718750002,10.399206346370233,54.427083333333336,36.187627400000004,38.40450800000002,106.82626700000003,25.937745855850746
baseline_same_hour_yesterday,Baseline_SameHourYesterday_MWH,origin_06,2025-06-22 00:00:00-07:00,2025,Summer,6,384,168.52844033593752,167.79975491927084,0.7286854166666666,17.285620807291668,10.58036460832077,57.03125,40.7026474,64.66310800000002,99.756392,25.32597100117141
baseline_same_hour_yesterday,Baseline_SameHourYesterday_MWH,origin_08,2025-08-17 00:00:00-07:00,2025,Summer,8,384,187.771909734375,185.07215836458332,2.6997513697916666,12.458073619791667,6.487168741555763,63.541666666666664,27.9834262,53.81595800000002,69.05847499999999,17.179494043213463
baseline_same_hour_yesterday,Baseline_SameHourYesterday_MWH,origin_07,2025-07-20 00:00:00-07:00,2025,Summer,7,384,157.82088622916666,158.85897444270833,-1.0380882135416665,12.296236588541667,7.529352612497736,47.39583333333333,27.513286299999997,54.740983,51.5256,16.609439863497695
baseline_same_hour_yesterday,Baseline_SameHourYesterday_MWH,origin_04,2025-04-27 00:00:00-07:00,2025,Spring,4,384,121.913576171875,122.37519405729167,-0.4616178854166668,11.393212473958334,8.913234998989592,51.5625,23.877255599999987,33.942958000000004,88.039533,17.186889260502944
baseline_same_hour_yesterday,Baseline_SameHourYesterday_MWH,origin_17,2026-04-26 00:00:00-07:00,2026,Spring,4,384,127.136992640625,123.7593549609375,3.3776376796874996,9.012221075520834,6.599478436068409,64.0625,22.334426199999996,53.919442000000004,46.55224100000001,13.72789097595008
baseline_same_hour_yesterday,Baseline_SameHourYesterday_MWH,origin_16,2026-03-29 00:00:00-07:00,2026,Spring,3,384,120.51718188281251,121.29954002604167,-0.7823581432291666,7.599129028645834,6.220990696146083,50.520833333333336,18.663718799999987,23.001559000000015,44.31815,10.691590584405454
baseline_same_hour_yesterday,Baseline_SameHourYesterday_MWH,origin_02,2024-11-09 23:00:00-08:00,2024,Fall,11,384,116.68925462760417,115.90933802083333,0.7799166067708333,6.927386533854167,5.878936222289712,50.0,17.357116800000004,46.265000000000015,37.745757999999995,10.659194762769452
baseline_same_hour_yesterday,Baseline_SameHourYesterday_MWH,origin_03,2025-03-30 00:00:00-07:00,2025,Spring,3,384,111.3258731328125,111.65766887760417,-0.33179574479166657,6.688442276041667,5.977010332279257,51.041666666666664,17.948757700000005,27.903099999999995,37.731815999999995,9.932199402931465
baseline_same_hour_yesterday,Baseline_SameHourYesterday_MWH,origin_10,2025-10-12 00:00:00-07:00,2025,Fall,10,384,118.67937204947917,119.86195876562499,-1.1825867161458332,6.473689997395834,5.542979705813419,54.166666666666664,15.625006900000006,22.962532999999993,60.14193399999999,10.557145278226237
baseline_same_hour_yesterday,Baseline_SameHourYesterday_MWH,origin_01,2024-10-13 00:00:00-07:00,2024,Fall,10,360,115.72596856111112,116.69151120277778,-0.9655426416666665,5.754994036111111,4.7545976499279785,44.166666666666664,14.261451899999996,23.16262499999999,47.848709000000014,9.158027760036285
baseline_same_hour_yesterday,Baseline_SameHourYesterday_MWH,origin_11,2025-11-08 23:00:00-08:00,2025,Fall,11,384,122.29222068489582,121.516705625,0.7755150598958335,5.7230235651041665,4.583484864208935,53.645833333333336,15.132954999999992,36.609300000000005,27.486099999999993,8.874405796791107
baseline_same_hour_yesterday,Baseline_SameHourYesterday_MWH,origin_14,2026-01-31 23:00:00-08:00,2026,Winter,1,384,120.6618153359375,120.652290328125,0.009525007812499764,5.4910583151041665,4.426408644647192,46.875,15.362319900000005,50.669974999999994,33.031025,9.243487627220965
baseline_same_hour_yesterday,Baseline_SameHourYesterday_MWH,origin_15,2026-02-28 23:00:00-08:00,2026,Winter,2,384,115.88717167708334,116.27932818750001,-0.3921565104166666,5.102442614583333,4.372681125896313,51.041666666666664,13.706600100000001,28.629533999999992,44.019525,8.362058225468509
baseline_same_hour_yesterday,Baseline_SameHourYesterday_MWH,origin_12,2025-12-06 23:00:00-08:00,2025,Winter,12,384,139.45845884114584,139.18827768229167,0.27018115885416666,4.228117205729167,3.0100277355968825,51.041666666666664,10.50154439999999,22.621842,22.57253400000002,6.093656299239624
baseline_same_hour_yesterday,Baseline_SameHourYesterday_MWH,origin_13,2026-01-03 23:00:00-08:00,2026,Winter,1,384,128.126853875,128.24815424479166,-0.12130036979166654,4.2280307708333345,3.2824014360405944,44.01041666666667,11.175524899999989,21.483274999999992,33.633234,6.552140055646812
baseline_same_hour_7_days_ago,Baseline_SameHour7DaysAgo_MWH,origin_20,2026-05-29 00:00:00-07:00,2026,Spring,5,384,163.7729361171875,149.26141368229167,14.511522434895832,58.8424390390625,36.12026578972479,59.114583333333336,124.86635749999999,208.41770000000002,163.61123299999997,74.49144828382275
baseline_same_hour_7_days_ago,Baseline_SameHour7DaysAgo_MWH,origin_19,2026-05-28 00:00:00-07:00,2026,Spring,5,384,158.50971714583332,146.82596362760418,11.683753518229166,57.51747718489583,36.15069481936806,55.46875,125.23957999999998,208.41770000000002,163.61123299999997,73.70165630139087
baseline_same_hour_7_days_ago,Baseline_SameHour7DaysAgo_MWH,origin_18,2026-05-24 00:00:00-07:00,2026,Spring,5,384,142.90284213541665,143.00065233333333,-0.09781019791666672,45.07737811458333,30.937886862381912,47.13541666666667,117.4082314,143.60225000000003,163.61123299999997,61.04170544232019
baseline_same_hour_7_days_ago,Baseline_SameHour7DaysAgo_MWH,origin_06,2025-06-22 00:00:00-07:00,2025,Summer,6,384,168.52844033593752,163.27227551822918,5.256164817708332,30.636211046875,17.478993148817654,51.041666666666664,72.44082949999998,132.21515800000003,96.280834,40.517186818802806
baseline_same_hour_7_days_ago,Baseline_SameHour7DaysAgo_MWH,origin_07,2025-07-20 00:00:00-07:00,2025,Summer,7,384,157.82088622916666,156.45266731249998,1.3682189166666667,28.665631578125,16.991086749902042,58.072916666666664,63.739248599999996,99.440033,117.31048400000003,37.79417486405678
baseline_same_hour_7_days_ago,Baseline_SameHour7DaysAgo_MWH,origin_08,2025-08-17 00:00:00-07:00,2025,Summer,8,384,187.771909734375,181.11179801041666,6.660111723958333,28.052297375,14.174721521461587,49.47916666666667,66.78846499999996,102.30119199999999,71.67657500000001,37.38608166456036
baseline_same_hour_7_days_ago,Baseline_SameHour7DaysAgo_MWH,origin_05,2025-05-25 00:00:00-07:00,2025,Spring,5,384,153.69139593489584,141.43436998958333,12.2570259453125,27.100456028645834,15.310620901676055,63.020833333333336,62.802225699999994,183.10244999999998,57.51988300000002,42.609625720931156
baseline_same_hour_7_days_ago,Baseline_SameHour7DaysAgo_MWH,origin_09,2025-09-14 00:00:00-07:00,2025,Summer,9,384,162.83103684895835,176.51544565104166,-13.684408802083333,23.699530807291666,14.648597492336942,39.84375,58.78007879999999,44.237066999999996,115.324941,34.05756182487072
baseline_same_hour_7_days_ago,Baseline_SameHour7DaysAgo_MWH,origin_10,2025-10-12 00:00:00-07:00,2025,Fall,10,384,118.67937204947917,134.24124290625,-15.561870856770833,21.384602888020833,17.892198554530502,42.44791666666667,56.26675060000001,28.10024200000001,153.10531699999996,34.61827140453662
baseline_same_hour_7_days_ago,Baseline_SameHour7DaysAgo_MWH,origin_17,2026-04-26 00:00:00-07:00,2026,Spring,4,384,127.136992640625,119.87959633854166,7.257396302083333,14.732521343750001,10.171753949182893,64.84375,37.3825368,110.634683,42.046784,23.56886406739789
baseline_same_hour_7_days_ago,Baseline_SameHour7DaysAgo_MWH,origin_04,2025-04-27 00:00:00-07:00,2025,Spring,4,384,121.913576171875,114.78880097135418,7.124775200520833,14.2855361953125,10.443922065415045,63.802083333333336,30.998969300000002,96.36375,37.43112500000001,21.567316878251233
baseline_same_hour_7_days_ago,Baseline_SameHour7DaysAgo_MWH,origin_12,2025-12-06 23:00:00-08:00,2025,Winter,12,384,139.45845884114584,134.20646596614583,5.251992875,12.728912192708334,8.942729222862445,58.333333333333336,23.719189500000002,53.123075000000014,21.617942,16.275196474511578
baseline_same_hour_7_days_ago,Baseline_SameHour7DaysAgo_MWH,origin_16,2026-03-29 00:00:00-07:00,2026,Spring,3,384,120.51718188281251,119.05765241145833,1.4595294713541669,11.291403544270834,8.883461176673192,49.47916666666667,26.167000499999993,42.789367,47.476867,15.191623255866448
baseline_same_hour_7_days_ago,Baseline_SameHour7DaysAgo_MWH,origin_03,2025-03-30 00:00:00-07:00,2025,Spring,3,384,111.3258731328125,114.98318976041666,-3.657316627604167,11.199664986979167,10.005939580045517,35.67708333333333,26.865589399999998,42.007108,54.23268300000001,15.429745347600315
baseline_same_hour_7_days_ago,Baseline_SameHour7DaysAgo_MWH,origin_01,2024-10-13 00:00:00-07:00,2024,Fall,10,216,111.8920150138889,119.71466121296297,-7.822646199074074,10.306974597222222,8.797651568446108,33.7962962962963,27.340937499999995,16.477175000000003,49.07108400000001,15.315008313117733
baseline_same_hour_7_days_ago,Baseline_SameHour7DaysAgo_MWH,origin_13,2026-01-03 23:00:00-08:00,2026,Winter,1,384,128.126853875,131.74785282291666,-3.620998947916666,9.208866,7.361908427401528,37.76041666666667,21.2026902,41.04614199999999,41.74943400000001,12.416386206880604
baseline_same_hour_7_days_ago,Baseline_SameHour7DaysAgo_MWH,origin_02,2024-11-09 23:00:00-08:00,2024,Fall,11,384,116.68925462760417,112.67366535156249,4.015589276041667,8.315611661458334,6.960529846362255,70.83333333333334,20.120549499999992,40.55201699999999,34.58879999999999,11.462564054270501
baseline_same_hour_7_days_ago,Baseline_SameHour7DaysAgo_MWH,origin_15,2026-02-28 23:00:00-08:00,2026,Winter,2,384,115.88717167708334,117.8370609296875,-1.949889252604167,6.898550325520834,5.978723791240479,45.83333333333333,15.769228599999996,24.520391999999987,53.782257999999985,10.243006851242251
baseline_same_hour_7_days_ago,Baseline_SameHour7DaysAgo_MWH,origin_11,2025-11-08 23:00:00-08:00,2025,Fall,11,384,122.29222068489582,121.14363500520834,1.1485856796874998,6.4561675234375,5.353435129077519,67.1875,14.953561299999999,28.774091999999982,29.21262499999999,8.651569267905629
baseline_same_hour_7_days_ago,Baseline_SameHour7DaysAgo_MWH,origin_14,2026-01-31 23:00:00-08:00,2026,Winter,1,384,120.6618153359375,122.84748228125,-2.1856669453125,6.082682513020834,5.015024474952347,32.55208333333333,13.610142299999984,38.832224999999994,33.55328300000001,8.634744495569107
baseline_rolling_7day_same_hour_avg,Baseline_Rolling7DaySameHourAvg_MWH,origin_06,2025-06-22 00:00:00-07:00,2025,Summer,6,384,168.52844033593752,167.2887861577381,1.2396541781994046,22.986462237723213,13.667767087695232,63.541666666666664,55.80711335714282,67.21160657142855,95.53254728571426,30.986339573046852
baseline_rolling_7day_same_hour_avg,Baseline_Rolling7DaySameHourAvg_MWH,origin_08,2025-08-17 00:00:00-07:00,2025,Summer,8,384,187.771909734375,182.40113033184525,5.370779402529762,21.383740718005953,10.67277037264794,55.729166666666664,46.239529371428546,87.76495742857142,58.598929571428584,27.811981904482373
baseline_rolling_7day_same_hour_avg,Baseline_Rolling7DaySameHourAvg_MWH,origin_05,2025-05-25 00:00:00-07:00,2025,Spring,5,384,153.69139593489584,145.98138424330355,7.710011691592263,19.07876570796131,11.058388083332988,50.520833333333336,38.97940801428571,116.39426428571429,39.45088899999999,30.202985349086934
baseline_rolling_7day_same_hour_avg,Baseline_Rolling7DaySameHourAvg_MWH,origin_20,2026-05-29 00:00:00-07:00,2026,Spring,5,384,163.7729361171875,153.37809583482144,10.39484028236607,19.06548454575893,10.771752641161846,74.73958333333334,46.988525457142856,83.63769914285712,78.71800414285715,26.477568908876957
baseline_rolling_7day_same_hour_avg,Baseline_Rolling7DaySameHourAvg_MWH,origin_19,2026-05-28 00:00:00-07:00,2026,Spring,5,384,158.50971714583332,150.58953671837799,7.920180427455357,18.331277443080356,10.637654750873846,69.79166666666666,43.6020913142857,84.22378142857141,77.71167514285713,25.600428597790128
baseline_rolling_7day_same_hour_avg,Baseline_Rolling7DaySameHourAvg_MWH,origin_09,2025-09-14 00:00:00-07:00,2025,Summer,9,384,162.83103684895835,173.57010048363097,-10.739063634672618,17.467553235863097,10.817749679829001,36.71875,41.44824088571424,41.876473571428534,90.63530114285714,25.013973103186352
baseline_rolling_7day_same_hour_avg,Baseline_Rolling7DaySameHourAvg_MWH,origin_18,2026-05-24 00:00:00-07:00,2026,Spring,5,384,142.90284213541665,146.04508158742559,-3.1422394520089294,15.524132691592262,10.574175753606697,48.95833333333333,38.3117899142857,64.87087885714288,82.40982785714283,21.56432147629832
baseline_rolling_7day_same_hour_avg,Baseline_Rolling7DaySameHourAvg_MWH,origin_07,2025-07-20 00:00:00-07:00,2025,Summer,7,384,157.82088622916666,156.27673506473215,1.5441511644345234,15.28978696875,8.93774748599582,46.61458333333333,36.41621131428571,74.68833314285715,53.8768562857143,21.080709526556035
baseline_rolling_7day_same_hour_avg,Baseline_Rolling7DaySameHourAvg_MWH,origin_17,2026-04-26 00:00:00-07:00,2026,Spring,4,384,127.136992640625,120.72767435900299,6.409318281622023,12.858891523437501,8.83450294399098,58.854166666666664,32.32063611428571,80.7155087142857,24.687426571428546,18.930591487747556
baseline_rolling_7day_same_hour_avg,Baseline_Rolling7DaySameHourAvg_MWH,origin_04,2025-04-27 00:00:00-07:00,2025,Spring,4,384,121.913576171875,118.18443762760417,3.729138544270833,12.807473437127976,9.475713101909633,58.59375,32.71597342857141,63.73424428571428,57.74991042857141,18.64981127134011
baseline_rolling_7day_same_hour_avg,Baseline_Rolling7DaySameHourAvg_MWH,origin_10,2025-10-12 00:00:00-07:00,2025,Fall,10,384,118.67937204947917,125.80401021205357,-7.124638162574404,11.1879686953125,9.417768316178787,37.76041666666667,29.088908571428565,20.133178571428573,82.54238500000001,17.925016964394132
baseline_rolling_7day_same_hour_avg,Baseline_Rolling7DaySameHourAvg_MWH,origin_16,2026-03-29 00:00:00-07:00,2026,Spring,3,384,120.51718188281251,120.42646076674107,0.09072111607142778,9.930274265625,7.99688816724749,54.166666666666664,21.593442257142872,34.26030985714286,35.4012142857143,12.673034985495027
baseline_rolling_7day_same_hour_avg,Baseline_Rolling7DaySameHourAvg_MWH,origin_12,2025-12-06 23:00:00-08:00,2025,Winter,12,384,139.45845884114584,136.7760831547619,2.682375686383929,8.546432643973215,6.0550588774589285,53.90625,18.59649008571428,31.49050785714286,22.61326100000001,10.811437146932667
baseline_rolling_7day_same_hour_avg,Baseline_Rolling7DaySameHourAvg_MWH,origin_01,2024-10-13 00:00:00-07:00,2024,Fall,10,336,114.12753126785715,119.89590317021683,-5.768371902359694,8.187585007872732,7.03153349767374,33.33333333333333,22.263300916666672,12.542066333333324,42.559916499999986,12.456694386344264
baseline_rolling_7day_same_hour_avg,Baseline_Rolling7DaySameHourAvg_MWH,origin_03,2025-03-30 00:00:00-07:00,2025,Spring,3,384,111.3258731328125,113.16811983370536,-1.842246700892857,7.818096337053571,7.038610011350809,42.96875,19.020146799999992,34.573721285714285,32.145806142857126,10.727483380421223
baseline_rolling_7day_same_hour_avg,Baseline_Rolling7DaySameHourAvg_MWH,origin_02,2024-11-09 23:00:00-08:00,2024,Fall,11,384,116.68925462760417,114.54497317150297,2.1442814561011905,6.508195299107143,5.423349658311602,59.895833333333336,15.769554757142858,35.23690957142857,25.12440114285714,9.456418977247818
baseline_rolling_7day_same_hour_avg,Baseline_Rolling7DaySameHourAvg_MWH,origin_13,2026-01-03 23:00:00-08:00,2026,Winter,1,384,128.126853875,129.84902409598214,-1.722170220982143,5.741168533482142,4.5659842740171035,33.85416666666667,13.797964628571426,26.408347714285696,31.93489928571431,8.181584374034195
baseline_rolling_7day_same_hour_avg,Baseline_Rolling7DaySameHourAvg_MWH,origin_14,2026-01-31 23:00:00-08:00,2026,Winter,1,384,120.6618153359375,121.88103308854166,-1.2192177526041668,5.500404859747024,4.501421975295475,32.8125,11.470291657142843,38.11688957142856,20.441019999999995,7.790725774835207
baseline_rolling_7day_same_hour_avg,Baseline_Rolling7DaySameHourAvg_MWH,origin_11,2025-11-08 23:00:00-08:00,2025,Fall,11,384,122.29222068489582,121.42846773921131,0.8637529456845235,5.379038333333333,4.333944503464326,59.635416666666664,13.872579328571426,24.606543571428574,22.945923000000008,7.640904845448803
baseline_rolling_7day_same_hour_avg,Baseline_Rolling7DaySameHourAvg_MWH,origin_15,2026-02-28 23:00:00-08:00,2026,Winter,2,384,115.88717167708334,116.77992945833334,-0.8927577812500003,5.044115207589286,4.381922380357565,45.83333333333333,11.342569528571426,25.146710999999982,23.389596857142863,6.807009505760435
