ForecastColumn,RankBasis,Month,Forecast_Day_Bucket,Peak_Hour_Band,DailyMaxTempBiasBand,CloudCoverBiasBand,LagAnchorState,N,Residual_Sum_MWH,Positive_Residual_Sum_MWH,Negative_Residual_Sum_MWH,Bias_MWH,MAE_MWH,Underforecast_Rate_PCT,P90_AbsError_MWH,Max_Underforecast_MWH,Max_Overforecast_MWH,Actual_Mean_MWH,Forecast_Mean_MWH,Raw_Bias_MWH,Raw_Residual_Sum_MWH,Mean_RawMinusSameHour7_MWH,Mean_Lag24MinusSameHour7_MWH,RMSE_MWH,Abs_Residual_Sum_MWH,Bias_Delta_vs_Raw_MWH
Final_Backtest_Forecast_MWH,Residual_Sum_MWH_desc,2,Days8-16,HE16-18,<75,Overcast,-10..10,22,83.17345648093567,95.7424040750723,-12.568947594136631,3.7806116582243487,4.923243257691315,77.27272727272727,10.761013167922062,16.693403754374486,6.728978734446542,144.5913370909091,140.81072543268473,9.30851726491743,204.78737982818348,-1.6074569729228776,-2.9619902677009646,6.358446157875982,83.17345648093567,-5.527905606693082
Final_Backtest_Forecast_MWH,Residual_Sum_MWH_desc,11,Days4-7,HE16-18,<75,Overcast,-10..10,17,71.03185845257907,72.50197968081808,-1.4701212282390088,4.1783446148575925,4.351300053473946,88.23529411764706,10.26695899945299,11.068823399933663,1.1030113461506517,142.9544618235294,138.77611720867182,6.253392741425029,106.30767660422549,-3.143562436233245,-1.1705959832073556,5.7142553622201975,71.03185845257907,-2.0750481265674363
Final_Backtest_Forecast_MWH,Residual_Sum_MWH_desc,7,Days4-7,HE14-15,95-98,Clear/Low,-10..10,6,63.0164297945382,63.0164297945382,0.0,10.5027382990897,10.5027382990897,100.0,12.352064980288333,12.419020267882047,-7.715572853546945,242.49973716666668,231.99699886757696,7.80806257009841,46.84837542059046,0.49384841859990064,-11.520363131366844,10.68520565616723,63.0164297945382,2.6946757289912897
Final_Backtest_Forecast_MWH,Residual_Sum_MWH_desc,8,Days8-16,HE16-18,100-105,Clear/Low,10..25,9,58.77746374277717,68.75678066988678,-9.979316927109608,6.530829304753019,8.748455288555155,77.77777777777779,15.731484698221061,16.46718655578104,5.069992552920667,320.9079322222222,314.3771029174692,12.746667766080439,114.72000989472394,19.803830753806114,31.958545185311973,10.11455444614356,58.77746374277717,-6.21583846132742
Final_Backtest_Forecast_MWH,Residual_Sum_MWH_desc,2,Days8-16,HE14-15,<75,Overcast,-10..10,12,58.13349143517654,69.39954811113908,-11.266056675962545,4.844457619598045,6.722133732258469,75.0,14.419024794563237,17.501983527343896,7.251792499658521,124.29505033333334,119.4505927137353,9.805083802075625,117.6610056249075,0.09639708014205084,-1.8305916165642404,8.39482970433159,58.13349143517654,-4.96062618247758
Final_Backtest_Forecast_MWH,Residual_Sum_MWH_desc,7,Days4-7,HE16-18,90-92.5,Overcast,<-10,6,57.049627571221436,57.049627571221436,0.0,9.50827126187024,9.50827126187024,100.0,15.07398467702454,16.309068394833844,-1.9901947247724365,229.55881633333334,220.05054507146306,20.164794580971265,120.9887674858276,-35.26710838759934,11.961748160202518,10.561120764045711,57.049627571221436,-10.656523319101025
Final_Backtest_Forecast_MWH,Residual_Sum_MWH_desc,8,Days8-16,HE16-18,105+,Clear/Low,25..50,6,54.70472253925095,54.70472253925095,0.0,9.117453756541826,9.117453756541826,100.0,12.519427324959054,12.56673131267263,-4.543269650917864,349.3093333333333,340.1918795767915,17.955096764086466,107.7305805845188,43.610883643621065,30.140142739402915,9.65633446819358,54.70472253925095,-8.83764300754464
Final_Backtest_Forecast_MWH,Residual_Sum_MWH_desc,4,Days8-16,HE16-18,<75,Overcast,<-10,8,52.10420463300899,55.07067915518752,-2.9664745221785296,6.513025579126124,7.254644209670756,87.5,10.724367552273948,10.824043709871631,2.9664745221785296,131.732631,125.21960542087388,5.54809111624269,44.38472892994152,-15.978607043285438,-8.273550718150505,8.084271091424915,52.10420463300899,0.9649344628834342
Final_Backtest_Forecast_MWH,Residual_Sum_MWH_desc,4,Days8-16,HE16-18,<75,Overcast,-10..10,9,50.7553588149042,51.00741693644697,-0.25205812154277396,5.6394843127671335,5.695497228665527,88.88888888888889,8.041405963281022,9.658623965570769,0.25205812154277396,130.70848577777778,125.06900146501064,5.956128537024313,53.605156833218814,1.3405321621172688,4.064824222655986,6.216994404716715,50.7553588149042,-0.3166442242571792
Final_Backtest_Forecast_MWH,Residual_Sum_MWH_desc,7,Days4-7,HE16-18,85-90,Clear/Low,<-10,6,50.6355179210544,50.6355179210544,0.0,8.4392529868424,8.4392529868424,100.0,12.048597987308753,14.611352769293745,-6.020246391843244,196.64986783333333,188.21061484649093,11.760283861987082,70.56170317192249,-25.528131645423937,-22.88807945234225,8.944797516898662,50.6355179210544,-3.3210308751446824
Final_Backtest_Forecast_MWH,Residual_Sum_MWH_desc,5,Days4-7,HE16-18,<75,Overcast,<-10,5,40.55067536647465,40.55067536647465,0.0,8.11013507329493,8.11013507329493,100.0,9.26082371413862,9.290520846866002,-3.81446004427076,142.25707459999998,134.14693952670507,9.796420082545126,48.98210041272563,-50.06752222520257,-46.34990853005409,8.390019417994202,40.55067536647465,-1.686285009250195
Final_Backtest_Forecast_MWH,Residual_Sum_MWH_desc,8,Days8-16,HE14-15,100-105,Clear/Low,10..25,8,34.032771710929694,38.86048702861825,-4.827715317688558,4.254096463866212,5.461025293288351,75.0,10.34207245457527,10.834865072947025,2.4723456529567898,278.2412905,273.9871940361338,7.882562543541994,63.06050034833595,17.401698937391448,32.76933622164661,6.804818415717088,34.032771710929694,-3.628466079675782
Final_Backtest_Forecast_MWH,Residual_Sum_MWH_desc,5,Days4-7,HE16-18,85-90,Clear/Low,25..50,8,28.343834301347755,35.2920719499586,-6.948237648610842,3.5429792876684694,5.28003869982118,62.5,8.742980920153297,8.885701120784262,2.7427871742914647,187.170882875,183.62790358733153,3.8747384753738245,30.997907802990596,36.671960733739006,24.078874401346823,5.989783798760586,28.343834301347755,-0.3317591877053552
Final_Backtest_Forecast_MWH,Residual_Sum_MWH_desc,7,Days8-16,HE16-18,90-92.5,Clear/Low,<-10,7,26.676361172964334,27.26776838427969,-0.5914072113153566,3.810908738994905,3.9798822279421495,85.71428571428571,5.694365312613866,6.466401812734404,0.5914072113153566,194.92369014285714,191.11278140386224,3.7540991582342746,26.27869410763992,-69.91201487852393,-54.42278193269743,4.354696935690926,26.676361172964334,0.05680958076063014
Final_Backtest_Forecast_MWH,Residual_Sum_MWH_desc,12,Days8-16,HE16-18,<75,Overcast,-10..10,20,22.20189742693296,36.3210528766092,-14.119155449676242,1.1100948713466479,2.5220104163142723,60.0,4.438812322598862,7.655770889607112,4.186070582378619,160.46279085,159.35269597865334,6.424964464573047,128.49928929146094,-3.407882209383655,-3.67523766220267,3.259090450629443,22.20189742693296,-5.314869593226399
Final_Backtest_Forecast_MWH,Residual_Sum_MWH_desc,5,Days8-16,HE16-18,75-85,Clear/Low,10..25,6,20.899041073161726,20.899041073161726,0.0,3.483173512193621,3.483173512193621,100.0,4.914418576102165,5.076764317819681,-1.9919921506980245,178.01843716666667,174.53526365447306,22.37668706537879,134.26012239227273,20.03421283754651,9.02911864368238,3.66794486041332,20.899041073161726,-18.89351355318517
Final_Backtest_Forecast_MWH,Residual_Sum_MWH_desc,5,Days2-3,HE16-18,85-90,Clear/Low,25..50,5,20.156727815256204,20.156727815256204,0.0,4.031345563051241,4.031345563051241,100.0,5.492711768338967,5.559337416082968,-1.7633609905610967,197.453693,193.42234743694877,5.769564405167472,28.84782202583736,34.25873045382835,-1.6191710523524876,4.286598696911638,20.156727815256204,-1.7382188421162308
Final_Backtest_Forecast_MWH,Residual_Sum_MWH_desc,6,Days8-16,HE14-15,75-85,Overcast,<-10,6,19.73426860657625,28.16806138443775,-8.433792777861498,3.2890447677627086,6.1003090270498745,50.0,10.955237771718444,11.10481103193095,5.253467714473999,175.5367165,172.2476717322373,13.693412699637818,82.16047619782691,-40.270876973339625,-43.0242380056139,7.231685444646528,19.73426860657625,-10.40436793187511
Final_Backtest_Forecast_MWH,Residual_Sum_MWH_desc,7,Days8-16,HE16-18,98-100,Clear/Low,10..25,11,17.290168881604757,22.737147561154018,-5.446978679549261,1.5718335346913415,2.562193294609389,81.81818181818183,3.5648599230610216,7.7720702480906425,3.5648599230610216,302.72440663636365,301.1525731016723,14.541012546695093,159.95113801364602,18.647566794590542,10.113879904475446,3.2316393324765715,17.290168881604757,-12.969179012003751
Final_Backtest_Forecast_MWH,Residual_Sum_MWH_desc,12,Days8-16,HE14-15,<75,Overcast,-10..10,15,16.805573257417592,25.993528284545278,-9.187955027127686,1.1203715504945062,2.3454322207781977,60.0,3.8925859033332926,4.621152999040191,2.833936450485652,148.26066813333333,147.14029658283883,8.216179775130337,123.24269662695505,-2.16535685140192,-1.0034659229574137,2.658525428085935,16.805573257417592,-7.095808224635831
Final_Backtest_Forecast_MWH,Residual_Sum_MWH_desc,7,Days4-7,HE16-18,95-98,Clear/Low,-10..10,17,15.038788544492661,32.144878256380764,-17.106089711888103,0.8846346202642742,2.897115762839345,64.70588235294117,5.750942183851078,8.673637961629083,6.359041843313662,277.14739123529415,276.26275661502984,7.279244087290656,123.74714948394114,-0.10620048567628426,-3.616463607272993,3.6766617382506377,15.038788544492661,-6.394609467026382
Final_Backtest_Forecast_MWH,Residual_Sum_MWH_desc,11,Days8-16,HE16-18,<75,Overcast,-10..10,33,14.934296742304738,56.40001699991133,-41.46572025760659,0.45255444673650724,2.9656284017429675,57.57575757575758,5.392387838556419,10.474986334025147,5.454526525215414,146.173408969697,145.72085452296045,7.196319875320213,237.478555885567,2.0491324150053467,-0.16207931604256617,3.7020527712858935,14.934296742304738,-6.743765428583705
Final_Backtest_Forecast_MWH,Residual_Sum_MWH_desc,5,Days8-16,HE16-18,<75,Overcast,<-10,8,14.335129502165415,30.687239034025623,-16.352109531860208,1.791891187770677,5.879918570735729,37.5,10.89325315213661,14.207050896191049,6.432206761004025,128.5617435,126.76985231222932,3.5492389976179055,28.393911980943244,-25.48348064445434,-18.445997533398582,7.172890476326588,14.335129502165415,-1.7573478098472286
Final_Backtest_Forecast_MWH,Residual_Sum_MWH_desc,11,Days8-16,HE14-15,<75,Overcast,10..25,5,14.270002420940216,16.81778330504622,-2.547780884106004,2.854000484188043,3.873112837830445,80.0,8.283963116839482,9.716328155013628,2.547780884106004,140.2924862,137.43848571581196,7.181189059575479,35.905945297877395,14.817486215503786,5.540862615804491,5.274340334591353,14.270002420940216,-4.327188575387435
Final_Backtest_Forecast_MWH,Residual_Sum_MWH_desc,6,Days8-16,HE16-18,75-85,Overcast,<-10,9,14.148618465990666,17.20864405370287,-3.060025587712204,1.5720687184434072,2.2520744046016747,77.77777777777779,4.301056839246752,5.453301436514124,2.7324009422689812,183.618469,182.0464002815566,4.3874766164838315,39.48728954835448,-57.18344016465129,-38.852251940832474,2.788012510496809,14.148618465990666,-2.8154078980404242
Final_Backtest_Forecast_MWH,Residual_Sum_MWH_desc,7,Days8-16,HE14-15,90-92.5,Clear/Low,<-10,6,13.990228155480139,17.374456266623753,-3.3842281111436137,2.3317046925800233,3.4597807296278944,66.66666666666666,5.849443262993958,5.891731336632461,3.2712883437862104,161.61672316666667,159.28501847408666,6.546167692263069,39.27700615357841,-58.73555829155694,-42.86599749175871,4.0694960884684725,13.990228155480139,-4.214462999683045
Final_Backtest_Forecast_MWH,Residual_Sum_MWH_desc,6,Days8-16,HE16-18,85-90,Clear/Low,<-10,9,13.692036899763366,20.890440414838793,-7.198403515075427,1.5213374333070406,3.120982658879358,55.55555555555556,6.090249678381559,6.448064293980764,3.0937660881254487,190.15265977777779,188.63132234447073,-9.392839507555161,-84.53555556799645,-33.12569127455356,33.86510749413432,3.678204411369737,13.692036899763366,10.914176940862202
Final_Backtest_Forecast_MWH,Residual_Sum_MWH_desc,4,Days8-16,HE14-15,<75,Overcast,-10..10,9,12.670320107042002,26.677890172257932,-14.00757006521593,1.407813345226889,4.520606693052652,66.66666666666666,9.682194385009149,9.172813757484988,11.71971689510579,114.30087366666667,112.89306032143978,2.0309826138889266,18.27884352500034,-1.7348536699648696,1.7040732708265947,5.821477801847181,12.670320107042002,-0.6231692686620376
Final_Backtest_Forecast_MWH,Residual_Sum_MWH_desc,8,Days8-16,HE14-15,98-100,Clear/Low,<-10,5,11.451969896469876,29.85502667212046,-18.403056775650583,2.290393979293975,9.651616689554208,60.0,14.125166411511623,15.447404537222553,12.141809222945227,245.6878732,243.397479220706,3.1097256286293034,15.548628143146516,-23.511599949370016,-11.948887166503487,10.567196714184238,11.451969896469876,-0.8193316493353282
Final_Backtest_Forecast_MWH,Residual_Sum_MWH_desc,5,Days4-7,HE14-15,<75,Overcast,<-10,6,10.473184971260096,15.398248346318113,-4.925063375058016,1.7455308285433493,3.387218620229355,66.66666666666666,7.113723730930381,7.791130559340658,2.655192399808456,126.76392333333332,125.01839250478997,5.374217264830563,32.245303588983376,-31.614891162835523,-30.174986849232074,4.379542976211845,10.473184971260096,-3.6286864362872135
Final_Backtest_Forecast_MWH,Residual_Sum_MWH_desc,8,Days8-16,HE16-18,100-105,Clear/Low,25..50,9,10.324991705633124,22.323206678976874,-11.99821497334375,1.1472213006259027,3.8134912947022914,55.55555555555556,5.809684016473034,6.589857845223037,3.911360556026807,324.90701666666666,323.7597953660408,10.552137403200662,94.96923662880596,34.222180863167935,13.927532369300751,4.121120840980338,10.324991705633124,-9.40491610257476
Final_Backtest_Forecast_MWH,Residual_Sum_MWH_desc,8,Days8-16,HE16-18,100-105,Some/Partly,10..25,8,9.453813757348257,17.39902263799553,-7.945208880647272,1.1817267196685322,3.16802893983035,62.5,4.690305496982614,3.7478846070308123,6.889287573536819,303.837216625,302.6554899053315,7.883689540308971,63.06951632247177,20.194045935040357,14.972088109797916,3.693421561808209,9.453813757348257,-6.701962820640439
Final_Backtest_Forecast_MWH,Residual_Sum_MWH_desc,11,Days4-7,HE14-15,<75,Overcast,-10..10,6,9.325904402416256,10.685757319364512,-1.359852916948256,1.5543174004027094,2.007601706052128,66.66666666666666,4.673596867216531,7.746874262865163,1.1973015924614288,134.2136705,132.6593530995973,5.170879942163874,31.025279652983244,1.9083921747008314,0.2724428536938556,3.3040299403276143,9.325904402416256,-3.616562541761165
Final_Backtest_Forecast_MWH,Residual_Sum_MWH_desc,12,Days2-3,HE16-18,<75,Overcast,-10..10,5,8.604428173991579,9.956622563582528,-1.3521943895909487,1.7208856347983157,2.2617633906346954,80.0,2.7792624115538844,2.87997723714426,1.3521943895909487,170.9968194,169.2759337652017,9.445277643698443,47.22638821849222,-0.27280138870207227,-1.8210121792851113,2.3255233076662,8.604428173991579,-7.724392008900127
Final_Backtest_Forecast_MWH,Residual_Sum_MWH_desc,7,Days2-3,HE16-18,85-90,Clear/Low,<-10,9,7.717641823556221,18.471510396936083,-10.753868573379862,0.8575157581729135,3.247264330035105,66.66666666666666,5.53131858295485,5.156618858751358,7.030117479768819,246.79232666666667,245.93481090849374,17.425421084459895,156.82878976013905,-41.40306498745113,18.980203122456807,3.7793406319116323,7.717641823556221,-16.567905326286983
Final_Backtest_Forecast_MWH,Residual_Sum_MWH_desc,3,Days8-16,HE16-18,<75,Clear/Low,-10..10,7,7.226756487332906,9.815302765264647,-2.5885462779317407,1.0323937839047008,1.771978434742341,71.42857142857143,2.630841449787633,3.226449861004255,2.233769175643218,136.10402585714286,135.07163207323816,3.796076742340633,26.57253719638443,5.8877050757014375,0.22916855255327967,1.9538170864711244,7.226756487332906,-2.7636829584359326
Final_Backtest_Forecast_MWH,Residual_Sum_MWH_desc,4,Days8-16,HE16-18,75-85,Overcast,-10..10,5,6.7825496361863316,15.341140898790371,-8.55859126260404,1.3565099272372663,4.779946432278882,80.0,7.370666045224749,5.588778219155813,8.55859126260404,153.7730814,152.41657147276274,9.506017402966739,47.5300870148337,4.927561149327493,3.155703883305017,5.355026655317222,6.7825496361863316,-8.149507475729473
Final_Backtest_Forecast_MWH,Residual_Sum_MWH_desc,12,Days4-7,HE16-18,<75,Overcast,-10..10,5,6.418928224764329,6.915649168469997,-0.4967209437056681,1.2837856449528657,1.4824740224351332,80.0,2.1189405181362817,2.394834130723524,0.4967209437056681,169.7491796,168.46539395504712,10.528370839949247,52.641854199746234,-1.6473307913820292,-1.3608806138518843,1.6041583593028386,6.418928224764329,-9.24458519499638
Final_Backtest_Forecast_MWH,Residual_Sum_MWH_desc,8,Days8-16,HE16-18,92.5-95,Clear/Low,<-10,5,6.107974426219329,9.317244537251128,-3.209270111031799,1.2215948852438658,2.5053029296565854,80.0,3.157929059398737,3.080917481949143,3.209270111031799,247.42457819999998,246.20298331475615,4.412820383938896,22.06410191969448,-23.763872214111075,-16.143612539217305,2.622921444692203,6.107974426219329,-3.19122549869503
Final_Backtest_Forecast_MWH,Residual_Sum_MWH_desc,1,Days8-16,HE14-15,<75,Some/Partly,-10..10,7,3.645634982070831,12.146027224863872,-8.50039224279304,0.5208049974386901,2.949488495379559,57.14285714285714,5.708736077688208,8.010236659853192,4.174402356244883,123.61354971428571,123.09274471684702,3.630821318638689,25.415749230470823,-1.9523207142508414,-1.7160105316441505,3.929325944596228,3.645634982070831,-3.110016321199999
Final_Backtest_Forecast_MWH,Residual_Sum_MWH_desc,4,Days8-16,HE16-18,75-85,Clear/Low,10..25,8,2.670508462908728,8.791029254894582,-6.120520791985854,0.333813557863591,1.8639437558600545,50.0,4.023240031216622,6.404919510795025,3.002520254254449,155.08601,154.7521964421364,8.630902164322151,69.04721731457721,15.450201302058646,2.4839824954307925,2.6947641194518925,2.670508462908728,-8.29708860645856
Final_Backtest_Forecast_MWH,Residual_Sum_MWH_desc,8,Days8-16,HE16-18,98-100,Clear/Low,<-10,5,1.7485736583537914,5.876825634668535,-4.128251976314743,0.3497147316707583,2.0010155221966555,40.0,3.965100450111777,5.378376176280426,1.845186860858803,269.2494598,268.89974506832925,2.341535714300778,11.707678571503891,-24.44282802613524,-27.014360288527552,2.683129568037664,1.7485736583537914,-1.9918209826300197
Final_Backtest_Forecast_MWH,Residual_Sum_MWH_desc,12,Days4-7,HE14-15,<75,Overcast,-10..10,6,0.15660191316788996,6.019564448909961,-5.862962535742071,0.026100318861314992,1.980421164108672,50.0,3.040148398780687,3.0586176790311868,3.0216791185301872,157.22513983333332,157.19903951447202,14.24983213751546,85.49899282509276,-3.583472303838363,-3.118314198627772,2.173330877147125,0.15660191316788996,-14.223731818654144
Final_Backtest_Forecast_MWH,Residual_Sum_MWH_desc,10,Days8-16,HE16-18,75-85,Clear/Low,-10..10,18,-0.057300458206839266,12.164867520995273,-12.222167979202112,-0.003183358789268848,1.3548353055665214,55.55555555555556,3.3598839498998165,3.9146584679440934,4.445058155415069,149.13995655555556,149.14313991434483,4.827774247149601,86.89993644869281,3.516435894516045,0.05543950699633547,1.8995505184589996,0.057300458206839266,-4.8309576059388695
Final_Backtest_Forecast_MWH,Residual_Sum_MWH_desc,1,Days8-16,HE14-15,<75,Clear/Low,-10..10,5,-1.2247492293581246,0.9603878042644141,-2.1851370336225386,-0.2449498458716249,0.6291049675773905,60.0,1.0947889985025938,0.7324953441727757,1.1036709252678918,124.7983812,125.04333104587162,2.2428831446214645,11.214415723107322,-2.251992817298165,-1.6836610926653974,0.7696601765316056,1.2247492293581246,-2.4878329904930894
Final_Backtest_Forecast_MWH,Residual_Sum_MWH_desc,6,Days8-16,HE16-18,85-90,Some/Partly,<-10,6,-1.7497305031667736,4.193002590053908,-5.942733093220681,-0.2916217505277956,1.6892892805457649,50.0,3.1467499074555008,2.4760765086480774,3.817423306262924,184.55724099999998,184.8488627505278,-8.83424567169466,-53.00547403016796,-36.18226489387141,2.243068584493855,2.1251221664943487,1.7497305031667736,8.542623921166864
Final_Backtest_Forecast_MWH,Residual_Sum_MWH_desc,7,Days2-3,HE14-15,85-90,Clear/Low,<-10,6,-2.6084227875338115,7.150930808477256,-9.759353596011067,-0.43473713125563523,2.818380734081387,33.33333333333333,4.940032254048859,6.530316397004299,3.349748111093419,215.6239886666667,216.0587257979223,8.188038481831654,49.128230890989926,-26.91311310174454,25.705195475850314,3.4109845514347876,2.6084227875338115,-8.62277561308729
Final_Backtest_Forecast_MWH,Residual_Sum_MWH_desc,1,Days2-3,HE16-18,<75,Overcast,-10..10,6,-2.871820164761999,7.6391408005681285,-10.510960965330128,-0.4786366941269999,3.025016960983043,50.0,4.804981052053591,3.0649375414438964,6.545024562663286,153.689272,154.167908694127,2.9475603857701835,17.685362314621102,-3.3171421988108043,-4.6046910826193255,3.457370964895493,2.871820164761999,-3.4261970798971833
Final_Backtest_Forecast_MWH,Residual_Sum_MWH_desc,4,Days8-16,HE14-15,75-85,Overcast,10..25,6,-2.8839888085078513,7.000151869757744,-9.884140678265595,-0.48066480141797524,2.81404875800389,50.0,4.976352634484513,4.0413446578256185,5.911360611143408,131.37203166666666,131.85269646808464,4.394864832479186,26.369188994875117,18.1016138089599,11.0414013671543,3.415487378984399,2.8839888085078513,-4.875529633897162
Final_Backtest_Forecast_MWH,Residual_Sum_MWH_desc,7,Days8-16,HE16-18,92.5-95,Clear/Low,<-10,7,-2.979237157683258,14.375308309944643,-17.3545454676279,-0.42560530824046544,4.532836253938934,57.14285714285714,6.477249255337489,5.769218719696795,7.53929505879853,244.38995557142857,244.81556087966902,1.1673872054397765,8.171710438078435,-33.84517679079504,-8.175714588397966,5.015312391543576,2.979237157683258,-1.5929925136802419
Final_Backtest_Forecast_MWH,Residual_Sum_MWH_desc,3,Days4-7,HE16-18,<75,Some/Partly,-10..10,5,-3.2314756453477713,5.8505206492323225,-9.081996294580094,-0.6462951290695542,2.9865033887624834,40.0,4.2539029569502045,3.398063228665194,4.824462775806879,138.3225478,138.96884292906958,2.718354699380714,13.59177349690357,-6.247494020995822,-5.411011897683397,3.2104463985497755,3.2314756453477713,-3.3646498284502684
Final_Backtest_Forecast_MWH,Residual_Sum_MWH_desc,10,Days8-16,HE16-18,75-85,Some/Partly,-10..10,5,-3.474061243708178,4.868432115438651,-8.342493359146829,-0.6948122487416356,2.642185094917096,20.0,4.649180109856997,4.868432115438651,4.320302101484515,141.9968832,142.69169544874165,1.8425996035160779,9.21299801758039,0.7261184443686318,3.5185856315199544,3.143751446796291,3.474061243708178,-2.5374118522577134
Final_Backtest_Forecast_MWH,Residual_Sum_MWH_desc,1,Days8-16,HE16-18,<75,Overcast,-10..10,6,-4.305482113163777,2.139847897550993,-6.44533001071477,-0.7175803521939628,1.4308629847109604,33.33333333333333,2.735749578258776,1.5401414480215863,3.931357708495966,145.96984133333333,146.68742168552728,2.5652492429655687,15.391495457793411,-3.783187336634318,-2.471551363043384,1.848023419191036,4.305482113163777,-3.2828295951595314
Final_Backtest_Forecast_MWH,Residual_Sum_MWH_desc,3,Days8-16,HE16-18,<75,Overcast,-10..10,9,-4.3458726669059615,11.38537982137683,-15.731252488282792,-0.48287474076732906,3.0129591455177356,44.44444444444444,6.243700491838453,6.017158406424272,7.1498688334951765,135.45130444444445,135.93417918521175,2.7485802466732454,24.73722222005921,3.7358249905215297,5.453741234004088,3.774588532192356,4.3458726669059615,-3.2314549874405745
Final_Backtest_Forecast_MWH,Residual_Sum_MWH_desc,4,Days2-3,HE16-18,<75,Overcast,-10..10,5,-4.377022100856479,7.691215480344155,-12.068237581200634,-0.8754044201712958,3.951890612308958,40.0,5.5901318920526935,4.763114494273921,6.141476823905208,124.815033,125.69043742017129,1.1230881918731228,5.615440959365614,-2.6924594109722335,-3.7951195442586823,4.193618822623522,4.377022100856479,-1.9984926120444186
Final_Backtest_Forecast_MWH,Residual_Sum_MWH_desc,3,Days8-16,HE14-15,<75,Overcast,-10..10,7,-4.716627688423046,10.409782516860858,-15.126410205283904,-0.6738039554890065,3.6480275317349657,42.857142857142854,7.167629964821563,7.259319018128224,7.1065039292837895,114.44935685714286,115.12316081263187,2.8178224349095404,19.724757044366783,3.333961564770799,4.230810502082103,4.4557327651324865,4.716627688423046,-3.491626390398547
Final_Backtest_Forecast_MWH,Residual_Sum_MWH_desc,4,Days8-16,HE16-18,<75,Clear/Low,-10..10,7,-5.834072587455168,5.315185649811895,-11.149258237267063,-0.833438941065024,2.352063412439851,42.857142857142854,4.166136889942573,3.0783777421063405,5.000779357468161,122.85439857142858,123.6878375124936,0.18360032396756157,1.285202267772931,-1.7893608430545669,7.552226411046021,2.806195527969864,5.834072587455168,-1.0170392650325857
Final_Backtest_Forecast_MWH,Residual_Sum_MWH_desc,1,Days8-16,HE16-18,<75,Clear/Low,-10..10,15,-6.268608575967789,5.80522695947576,-12.07383553544355,-0.41790723839785265,1.1919374996612873,40.0,2.4949301720074,4.351281741839955,2.791983180582349,147.9606358,148.37854303839785,2.759410773673623,41.391161605104344,-1.1474720396845612,-0.6772937832841194,1.653546629729882,6.268608575967789,-3.1773180120714755
Final_Backtest_Forecast_MWH,Residual_Sum_MWH_desc,10,Days8-16,HE16-18,<75,Clear/Low,-10..10,7,-8.037200088157732,0.4506827012095016,-8.487882789367234,-1.1481714411653903,1.276937927225248,14.285714285714285,3.71630221687941,0.4506827012095016,4.1341022785339305,141.84521871428572,142.9933901554511,3.2394735351110944,22.67631474577766,-2.6088520085503797,-2.1384595783799716,2.05013285975734,8.037200088157732,-4.387644976276484
Final_Backtest_Forecast_MWH,Residual_Sum_MWH_desc,5,Day1,HE16-18,75-85,Overcast,<-10,6,-8.057866897770396,3.035228966235934,-11.09309586400633,-1.3429778162950659,2.3547208050403774,50.0,4.0956694739710855,1.2134695360875867,4.2874104616768705,158.68615383333335,160.0291316496284,-0.34985499764390227,-2.0991299858634136,-26.75050754997515,-13.73028038095238,2.7439221981256683,8.057866897770396,-0.9931228186511636
Final_Backtest_Forecast_MWH,Residual_Sum_MWH_desc,4,Days4-7,HE16-18,<75,Clear/Low,-10..10,9,-8.67272983856104,8.00703601137991,-16.67976584994095,-0.9636366487290045,2.7429779845912066,22.22222222222222,4.342828012845127,4.2438198894596155,4.738860506387169,117.86162099999999,118.82525764872899,1.5442285298997358,13.898056769097622,-3.0237107430478654,-1.170050430939243,3.068424709738855,8.67272983856104,-2.50786517862874
Final_Backtest_Forecast_MWH,Residual_Sum_MWH_desc,10,Days8-16,HE14-15,<75,Overcast,-10..10,8,-8.999702499553635,9.899457806699928,-18.899160306253563,-1.1249628124442044,3.5998272641191864,50.0,6.014555273405387,5.008714920892032,8.361516095936551,128.07868725,129.2036500624442,2.4258148891513613,19.40651911321089,2.80505704870672,1.2372508240248266,4.336204824342899,8.999702499553635,-3.5507777015955657
Final_Backtest_Forecast_MWH,Residual_Sum_MWH_desc,2,Days4-7,HE16-18,<75,Clear/Low,-10..10,7,-9.10718866410005,1.3815711555484143,-10.488759819648465,-1.301026952014293,1.6957615678852684,28.57142857142857,3.1365121962499134,0.9920500137602914,3.672131145770294,143.15625085714285,144.45727780915715,2.6998253411986872,18.898777388390812,-2.773698887023581,-1.813678938277373,2.07233203681818,9.10718866410005,-4.00085229321298
Final_Backtest_Forecast_MWH,Residual_Sum_MWH_desc,6,Days8-16,HE14-15,85-90,Clear/Low,<-10,8,-9.639310866314815,13.389082310274858,-23.028393176589674,-1.204913858289352,4.5521844358580665,37.5,7.1617736312579945,6.919154712548618,7.727884441579874,155.887501625,157.09241548328936,-13.7437411072262,-109.9499288578096,-29.362625173797273,38.23161103121858,5.1389394696456305,9.639310866314815,12.538827248936848
Final_Backtest_Forecast_MWH,Residual_Sum_MWH_desc,7,Days8-16,HE16-18,100-105,Clear/Low,>50,6,-10.116332931715476,0.06921528990295656,-10.185548221618433,-1.686055488619246,1.7091272519202316,16.666666666666664,2.659115560826393,0.06921528990295656,3.171078217115621,332.50691366666666,334.1929691552859,7.523167640264802,45.13900584158881,79.07164201356092,26.47651579142686,1.946019606382736,10.116332931715476,-9.209223128884048
Final_Backtest_Forecast_MWH,Residual_Sum_MWH_desc,4,Days8-16,HE14-15,75-85,Clear/Low,-10..10,7,-10.754212121507223,9.251540287458283,-20.005752408965506,-1.5363160173581747,4.179613242346256,42.857142857142854,6.180910353247638,4.150844828707591,8.472574776994819,118.94425085714285,120.48056687450104,2.601349369693799,18.209445587856592,0.9855693161681265,-6.1120572485276075,4.601708109298942,10.754212121507223,-4.137665387051974
Final_Backtest_Forecast_MWH,Residual_Sum_MWH_desc,5,Days2-3,HE16-18,75-85,Clear/Low,-10..10,6,-10.950497916885013,0.0,-10.950497916885013,-1.8250829861475022,1.8250829861475022,0.0,2.8276377351233037,-0.9706164294235009,3.0491239299342965,159.73264666666668,161.55772965281417,6.907039257841788,41.44223554705073,3.40026375658365,-15.760910883942325,1.9816061890064711,10.950497916885013,-8.73212224398929
Final_Backtest_Forecast_MWH,Residual_Sum_MWH_desc,10,Days4-7,HE16-18,<75,Clear/Low,-10..10,6,-13.987117877572516,0.053362452651839476,-14.040480330224355,-2.3311863129287524,2.3489737971460323,16.666666666666664,5.419619875121917,0.053362452651839476,5.693148750047229,136.69416616666666,139.02535247959543,-0.3908733790840439,-2.3452402745042633,-1.1606310967015645,-1.8188801057362174,3.2308169359897483,13.987117877572516,-1.9403129338447085
Final_Backtest_Forecast_MWH,Residual_Sum_MWH_desc,11,Days8-16,HE16-18,<75,Some/Partly,-10..10,5,-14.454418534422842,0.0,-14.454418534422842,-2.8908837068845683,2.8908837068845683,0.0,3.782276869118135,-1.3884582471875149,3.8397399271722463,145.4609114,148.35179510688457,5.218093791494678,26.09046895747339,-1.6243781280568357,0.5897856110389739,3.0514884063454417,14.454418534422842,-8.108977498379247
Final_Backtest_Forecast_MWH,Residual_Sum_MWH_desc,7,Days8-16,HE16-18,100-105,Clear/Low,25..50,8,-16.736727352108005,5.500636518243994,-22.237363870352,-2.0920909190135006,3.467250048574499,25.0,6.672252794616537,3.2534971952896967,6.74428747630202,318.4197005,320.5117914190135,10.538267593370655,84.30614074696524,35.92354414755695,-0.812083082697665,4.189268129586094,16.736727352108005,-12.630358512384156
Final_Backtest_Forecast_MWH,Residual_Sum_MWH_desc,11,Days8-16,HE14-15,<75,Clear/Low,-10..10,7,-17.10371828102201,9.702510434461047,-26.80622871548306,-2.4433883258602873,5.215534164277729,28.57142857142857,7.570785959736125,7.959816222500336,7.311432451226651,124.22684500000001,126.67023332586028,4.30566219914471,30.13963539401297,-4.947615028511373,-0.5753658128540147,5.636678926762882,17.10371828102201,-6.749050525004998
Final_Backtest_Forecast_MWH,Residual_Sum_MWH_desc,7,Days8-16,HE14-15,95-98,Clear/Low,10..25,5,-17.96532817144211,2.1708867934544287,-20.13621496489654,-3.593065634288422,4.461420351670194,20.0,7.783884940372474,2.1708867934544287,9.20033666964568,252.267871,255.8609366342884,7.28391274995866,36.4195637497933,15.214178879179183,13.429426352057988,5.205816046658559,17.96532817144211,-10.876978384247082
Final_Backtest_Forecast_MWH,Residual_Sum_MWH_desc,6,Days8-16,HE16-18,95-98,Some/Partly,>50,6,-18.883010350742893,0.0,-18.883010350742893,-3.147168391790482,3.147168391790482,0.0,4.524439894992611,-1.5058309537290597,4.703421681763359,271.75462899999997,274.90179739179047,-0.6842766542490702,-4.105659925494422,65.81318545718892,50.18383688505486,3.3517988198927418,18.883010350742893,-2.462891737541412
Final_Backtest_Forecast_MWH,Residual_Sum_MWH_desc,6,Days8-16,HE16-18,98-100,Clear/Low,25..50,9,-18.92378006406176,39.237222733216356,-58.161002797278115,-2.1026422293401956,10.82202505894383,33.33333333333333,13.031670856792402,14.10545778912308,12.0488696174896,259.6864698888889,261.78911211822907,-5.952564388616088,-53.573079497544796,34.18582383590962,0.7802363183751027,11.014278263127087,18.92378006406176,3.8499221592758928
Final_Backtest_Forecast_MWH,Residual_Sum_MWH_desc,6,Days4-7,HE16-18,92.5-95,Overcast,>50,6,-19.382755480870458,0.0,-19.382755480870458,-3.230459246811743,3.230459246811743,0.0,4.7145222462648775,-0.8535105980783158,4.746889343873022,247.41427733333333,250.64473658014506,1.8796346969905169,11.2778081819431,85.29054608191025,73.09820655056694,3.639216913150544,19.382755480870458,-5.1100939438022595
Final_Backtest_Forecast_MWH,Residual_Sum_MWH_desc,10,Days8-16,HE14-15,75-85,Overcast,-10..10,5,-20.042186529976206,0.0,-20.042186529976206,-4.008437305995241,4.008437305995241,0.0,5.775540064638127,-0.23734595167418604,5.846817529654302,123.0379512,127.04638850599524,-0.582528972273721,-2.912644861368605,-0.8990567955552251,2.434651270714073,4.590555137195451,20.042186529976206,-3.4259083337215204
Final_Backtest_Forecast_MWH,Residual_Sum_MWH_desc,7,Days8-16,HE16-18,95-98,Clear/Low,10..25,7,-20.07809632251457,9.041358974333491,-29.11945529684806,-2.8682994746449384,5.451544895883079,42.857142857142854,12.593688596730285,4.0612385642249365,15.133462434356147,287.72089857142856,290.5891980460735,12.538540605108384,87.76978423575869,12.986669577577008,5.705723975364135,7.4309851059541625,20.07809632251457,-15.406840079753323
Final_Backtest_Forecast_MWH,Residual_Sum_MWH_desc,6,Days8-16,HE16-18,100-105,Clear/Low,>50,17,-20.757996657197793,34.919142013457645,-55.67713867065544,-1.2210586268939878,5.329192981418417,35.294117647058826,9.776879544527583,10.905906993356496,14.675963212459976,301.39485652941175,302.61591515630573,4.506841909503642,76.6163124615619,68.64669320180734,54.43923239529778,6.594055241091446,20.757996657197793,-5.727900536397629
Final_Backtest_Forecast_MWH,Residual_Sum_MWH_desc,7,Days8-16,HE16-18,98-100,Clear/Low,-10..10,6,-21.227300886225862,0.0,-21.227300886225862,-3.537883481037644,3.537883481037644,0.0,4.843543239414203,-0.9307693185070889,5.242412197398551,286.88915533333335,290.427038814371,4.825725411029215,28.954352466175294,4.742592723353511,59.58617974763323,3.8254178108191494,21.227300886225862,-8.363608892066859
Final_Backtest_Forecast_MWH,Residual_Sum_MWH_desc,7,Days8-16,HE16-18,95-98,Clear/Low,>50,5,-21.30268208507215,0.0,-21.30268208507215,-4.26053641701443,4.26053641701443,0.0,7.819965513397199,-0.3682967616603037,8.496067144371352,270.4274712,274.6880076170144,13.223228177765282,66.11614088882641,63.68932708645396,27.836283130832527,5.21656792963166,21.30268208507215,-17.483764594779714
Final_Backtest_Forecast_MWH,Residual_Sum_MWH_desc,6,Days8-16,HE16-18,92.5-95,Clear/Low,>50,12,-22.244460986307956,1.9506694513603975,-24.195130437668354,-1.8537050821923298,2.1788166574190626,16.666666666666664,3.425328307394622,1.5414759729634397,6.180070293161009,250.3099109166667,252.163615998859,-0.3254600651090153,-3.9055207813081836,75.745496969368,56.133071012208546,2.707851070561838,22.244460986307956,-1.5282450170833144
Final_Backtest_Forecast_MWH,Residual_Sum_MWH_desc,10,Days8-16,HE16-18,<75,Overcast,-10..10,10,-22.788721841496027,4.269308255619336,-27.058030097115363,-2.278872184149603,3.13273383527347,20.0,6.158619878319456,3.6113461319752105,6.642026281666574,138.4260839,140.70495608414961,1.6333644615064542,16.333644615064543,-3.9043458456356035,-0.9127527717848182,3.714207841429964,22.788721841496027,-3.912236645656057
Final_Backtest_Forecast_MWH,Residual_Sum_MWH_desc,5,Days8-16,HE14-15,85-90,Clear/Low,10..25,7,-26.754755385526835,1.9414809727352633,-28.696236358262098,-3.822107912218119,4.376816761571051,14.285714285714285,7.834776928346901,1.9414809727352633,9.75287681248409,148.97733171428573,152.7994396265038,5.638295996298467,39.46807197408927,17.73599737325041,7.1685631871958435,5.260544974952128,26.754755385526835,-9.460403908516586
Final_Backtest_Forecast_MWH,Residual_Sum_MWH_desc,11,Days8-16,HE16-18,<75,Clear/Low,-10..10,12,-26.827226530629815,7.476299075770584,-34.3035256064004,-2.235602210885818,3.4816520568475817,16.666666666666664,6.025494475858977,6.234665819679691,6.10289599626978,146.61058308333335,148.84618529421917,6.254182204291145,75.05018645149374,-1.586005797783076,-0.7958570095835817,4.022258697571997,26.827226530629815,-8.489784415176963
Final_Backtest_Forecast_MWH,Residual_Sum_MWH_desc,6,Days8-16,HE16-18,75-85,Clear/Low,<-10,6,-27.75144920482387,0.006271772836640821,-27.75772097766051,-4.625241534137312,4.627332125082859,16.666666666666664,8.493798873048235,0.006271772836640821,8.976298484270387,207.01900799999999,211.64424953413732,-0.47047144909150046,-2.8228286945490026,-20.937735032869256,-49.2161437165845,5.53122019384448,27.75144920482387,-4.154770085045811
Final_Backtest_Forecast_MWH,Residual_Sum_MWH_desc,5,Days4-7,HE16-18,75-85,Clear/Low,-10..10,6,-28.10384638726518,0.0,-28.10384638726518,-4.68397439787753,4.68397439787753,0.0,6.749292519078509,-2.560914167183398,6.76460797294942,149.80664133333332,154.49061573121085,-0.8833619145532717,-5.300171487319631,6.326073702960954,11.217067557018865,5.01250318434892,28.10384638726518,-3.8006124833242585
Final_Backtest_Forecast_MWH,Residual_Sum_MWH_desc,11,Days8-16,HE14-15,<75,Overcast,-10..10,18,-29.952563064041485,43.26183594621543,-73.21439901025691,-1.664031281335638,6.4709019420262415,33.33333333333333,9.292370256470834,10.093679308155089,9.103123404173175,131.5443987222222,133.20843000355785,5.563995238071389,100.151914285285,2.176679604737365,-0.9125101882969496,6.908783263267695,29.952563064041485,-7.228026519407027
Final_Backtest_Forecast_MWH,Residual_Sum_MWH_desc,5,Days4-7,HE16-18,100-105,Clear/Low,>50,6,-30.069521308416142,0.0,-30.069521308416142,-5.011586884736023,5.011586884736023,0.0,8.565636881128825,-0.003243921671980843,10.30212149689794,288.645194,293.656780884736,-1.9309525550379665,-11.5857153302278,105.70796562314713,62.41041031010149,5.986491003717908,30.069521308416142,-3.080634329698057
Final_Backtest_Forecast_MWH,Residual_Sum_MWH_desc,7,Days8-16,HE14-15,95-98,Clear/Low,<-10,6,-31.284836619629203,0.0,-31.284836619629203,-5.214139436604867,5.214139436604867,0.0,8.76328695842821,-0.30095466450279673,9.659033169626014,217.73335916666667,222.94749860327155,4.229298756119737,25.37579253671842,-26.649619411907906,-20.415591916185374,6.052282023176776,31.284836619629203,-9.443438192724603
Final_Backtest_Forecast_MWH,Residual_Sum_MWH_desc,10,Days8-16,HE14-15,75-85,Clear/Low,-10..10,11,-31.8592533636439,2.094297682658919,-33.95355104630282,-2.8962957603312636,3.27707715717834,27.27272727272727,5.8352449409923395,1.428721521965059,7.146975518977953,128.86109654545456,131.7573923057858,2.8365804444241847,31.20238488866603,2.2952966818047327,-2.8697910083361737,3.968977292279362,31.8592533636439,-5.732876204755448
Final_Backtest_Forecast_MWH,Residual_Sum_MWH_desc,6,Days8-16,HE14-15,100-105,Clear/Low,>50,12,-33.58636729017505,28.094284009888867,-61.680651300063914,-2.798863940847921,7.481244609162732,50.0,13.77924693128765,10.9179785163401,19.73652816027925,267.89897891666664,270.69784285751456,2.279323045761847,27.351876549142162,67.74250717667304,52.27894744341459,9.545454908848603,33.58636729017505,-5.078186986609768
Final_Backtest_Forecast_MWH,Residual_Sum_MWH_desc,7,Days8-16,HE14-15,100-105,Clear/Low,25..50,8,-37.294348557719644,3.326187611422995,-40.62053616914264,-4.6617935697149555,5.493340472570704,25.0,9.987598321471356,2.0960441148558857,10.091942276248943,279.615919375,284.27771294471495,2.9746801606333193,23.797441285066554,39.58133450623531,6.569522037742274,6.629987932639899,37.294348557719644,-7.636473730348275
Final_Backtest_Forecast_MWH,Residual_Sum_MWH_desc,6,Days8-16,HE14-15,92.5-95,Clear/Low,>50,8,-38.12199426920205,0.0,-38.12199426920205,-4.765249283650256,4.765249283650256,0.0,7.297883711383522,-1.5764005970297035,7.835912590950784,211.101211125,215.86646040865025,-3.8091049180999264,-30.47283934479941,64.66612057408626,42.39355085840356,5.330679996936906,38.12199426920205,-0.9561443655503297
Final_Backtest_Forecast_MWH,Residual_Sum_MWH_desc,7,Days8-16,HE16-18,95-98,Clear/Low,<-10,9,-42.32538818779432,3.199364729395512,-45.52475291718983,-4.702820909754924,5.413790849620593,22.22222222222222,9.114978554287006,2.412581152926748,10.690331064438112,258.9627312222222,263.66555213197717,6.609690264339751,59.48721237905775,-18.245938087173375,-18.497380787314597,6.442239947889885,42.32538818779432,-11.312511174094674
Final_Backtest_Forecast_MWH,Residual_Sum_MWH_desc,4,Days4-7,HE14-15,<75,Clear/Low,<-10,5,-43.107408037959786,0.0,-43.107408037959786,-8.621481607591956,8.621481607591956,0.0,12.677970640111166,-4.986536213609199,13.600744999926619,98.7054648,107.32694640759196,-8.702418888381766,-43.51209444190883,-18.130793035755687,-8.75818017613759,9.21993579792356,43.107408037959786,0.08093728078980966
Final_Backtest_Forecast_MWH,Residual_Sum_MWH_desc,6,Days4-7,HE16-18,92.5-95,Clear/Low,>50,15,-48.116787917361364,3.1566301983816345,-51.273418115743,-3.2077858611574244,3.628669887608309,13.333333333333334,7.02955612734126,1.7504631564620183,8.620884886173144,245.62012086666667,248.8279067278241,0.8436058977166283,12.654088465749425,77.50417767643809,52.97806121277353,4.388919724293408,48.116787917361364,-4.051391758874052
Final_Backtest_Forecast_MWH,Residual_Sum_MWH_desc,6,Days4-7,HE14-15,92.5-95,Clear/Low,>50,10,-48.85855216616798,4.725490872847274,-53.584043039015256,-4.885855216616799,5.830953391186253,20.0,12.247041475037829,2.874438069112699,13.064393249299968,205.605708,210.4915632166168,-2.2290444758752557,-22.290444758752557,64.0989405695465,40.98492482813582,6.867679661728529,48.85855216616798,-2.656810740741543
Final_Backtest_Forecast_MWH,Residual_Sum_MWH_desc,6,Days8-16,HE14-15,95-98,Some/Partly,>50,6,-55.38651963491739,0.0,-55.38651963491739,-9.231086605819565,9.231086605819565,0.0,10.68944767049176,-7.396023068022771,11.123771944213331,239.21991649999998,248.45100310581958,-6.292659969961889,-37.755959819771334,68.63146336872023,49.26201128629875,9.329438837776557,55.38651963491739,-2.9384266358576756
Final_Backtest_Forecast_MWH,Residual_Sum_MWH_desc,4,Days4-7,HE16-18,<75,Clear/Low,<-10,6,-55.66480385381816,0.0,-55.66480385381816,-9.277467308969692,9.277467308969692,0.0,13.399040856837374,-4.282427253198222,14.079535629857446,122.33450783333335,131.611975142303,-7.902333241349855,-47.41399944809913,-19.23639458299756,-17.4170539200457,10.012320658906619,55.66480385381816,-1.375134067619837
Final_Backtest_Forecast_MWH,Residual_Sum_MWH_desc,7,Days8-16,HE14-15,95-98,Clear/Low,-10..10,7,-70.05954862390288,0.0,-70.05954862390288,-10.00850694627184,10.00850694627184,0.0,12.082176389759525,-7.050691273222924,12.595614624428919,234.92114828571428,244.92965523198612,4.274513168736648,29.92159218115654,0.49668124197916086,-9.197692306111488,10.206568110728584,70.05954862390288,-14.283020115008489
Final_Backtest_Forecast_MWH,Residual_Sum_MWH_desc,7,Days8-16,HE16-18,95-98,Clear/Low,-10..10,11,-73.34504543873493,6.184575080874254,-79.52962051960918,-6.6677314035213575,7.792199600043949,9.090909090909092,11.519415367205795,6.184575080874254,11.723272564166336,279.81559672727275,286.48332813079406,6.74683215146226,74.21515366608486,5.255050356422024,-0.5689299464706298,8.408889608562669,73.34504543873493,-13.414563554983618
