Stage,ForecastColumn,Date,PeakWindowName,PeakHours,Season,Actual_Peak_DT,Actual_Peak_Hour,Actual_Peak_MWH,Forecast_At_Actual_Peak_MWH,Underforecast_At_Actual_Peak_MWH,Forecast_Peak_DT,Forecast_Peak_Hour,Forecast_Peak_MWH,Daily_Peak_Timing_Error_Hours,Daily_Energy_Actual_MWH,Daily_Energy_Forecast_MWH,Daily_Energy_Error_MWH,Daily_MAE_MWH,Daily_MAPE_PCT,DailyMaxTempBucket,Temperature_DailyMax,CloudCoverBucket,BTMSolarBucket,SolarLossBucket
raw_xgb_lgb_production,Raw_Forecast_MWH,2026-08-07,all_hours,all,Summer,2026-08-07 17:00:00-07:00,17,328.63,288.1562186671546,40.47378133284542,2026-08-07 17:00:00-07:00,17,288.1562186671546,0.0,5082.114,4606.4334612762,-475.68053872379915,19.820022446824968,8.956621121343474,6.0,102.18406933818633,Clear/Low,Medium-Low,None
raw_xgb_lgb_production,Raw_Forecast_MWH,2026-08-04,all_hours,all,Summer,2026-08-04 17:00:00-07:00,17,337.316,297.27219424709006,40.04380575290992,2026-08-04 17:00:00-07:00,17,297.27219424709006,0.0,5357.957,4968.803172516082,-389.1538274839186,16.92115609227948,6.850599330803105,6.0,102.1,Clear/Low,Medium-Low,None
raw_xgb_lgb_production,Raw_Forecast_MWH,2026-08-03,all_hours,all,Summer,2026-08-03 17:00:00-07:00,17,352.83,313.1056038704263,39.72439612957368,2026-08-03 18:00:00-07:00,18,313.26503038533406,1.0,5752.813,5231.290327439139,-521.5226725608609,21.730111356702498,8.6300604768713,7.0,105.1,Clear/Low,Medium-Low,None
raw_xgb_lgb_production,Raw_Forecast_MWH,2026-08-06,all_hours,all,Summer,2026-08-06 17:00:00-07:00,17,317.631,278.2174093799528,39.41359062004716,2026-08-06 18:00:00-07:00,18,283.7915908111333,1.0,4950.743,4472.234943664465,-478.508056335535,19.937835680647275,9.586043831235548,6.0,101.33392246666666,Clear/Low,Medium-Low,None
raw_xgb_lgb_production,Raw_Forecast_MWH,2026-08-02,all_hours,all,Summer,2026-08-02 18:00:00-07:00,18,335.688,296.9187525233773,38.769247476622695,2026-08-02 18:00:00-07:00,18,296.9187525233773,0.0,5300.5599999999995,4913.810539047423,-386.74946095257656,16.126182037185043,6.213641555976137,6.0,103.5,Clear/Low,Low,None
raw_xgb_lgb_production,Raw_Forecast_MWH,2026-07-22,all_hours,all,Summer,2026-07-22 17:00:00-07:00,17,265.48925,226.93101086151057,38.558239138489455,2026-07-22 17:00:00-07:00,17,226.93101086151057,0.0,4756.876201,4225.100918385634,-531.775282614366,22.157303442265263,11.06122564043707,3.0,89.7,Clear/Low,Medium-Low,None
raw_xgb_lgb_production,Raw_Forecast_MWH,2026-07-21,all_hours,all,Summer,2026-07-21 17:00:00-07:00,17,333.002841,295.4927202096756,37.51012079032438,2026-07-21 18:00:00-07:00,18,295.97370259684277,1.0,5389.602298,4913.124663118067,-476.4776348819332,19.853234786747226,8.65002042049059,6.0,101.2,Clear/Low,Medium-Low,None
raw_xgb_lgb_production,Raw_Forecast_MWH,2026-07-09,all_hours,all,Summer,2026-07-09 18:00:00-07:00,18,294.860266,258.21295038132246,36.64731561867757,2026-07-09 18:00:00-07:00,18,258.21295038132246,0.0,4506.5013579999995,3953.4408344592352,-553.0605235407643,23.0441884808652,12.247906107840569,5.0,98.2,Clear/Low,Medium-Low,None
raw_xgb_lgb_production,Raw_Forecast_MWH,2026-08-05,all_hours,all,Summer,2026-08-05 18:00:00-07:00,18,318.78,282.58424845591173,36.19575154408824,2026-08-05 18:00:00-07:00,18,282.58424845591173,0.0,4928.752,4493.268307799059,-435.48369220094173,18.145153841705888,8.356423655571046,5.0,98.7,Clear/Low,Low,None
raw_xgb_lgb_production,Raw_Forecast_MWH,2026-07-15,all_hours,all,Summer,2026-07-15 17:00:00-07:00,17,341.469216,306.95581953050703,34.51339646949299,2026-07-15 18:00:00-07:00,18,307.7093534203996,1.0,5648.6083,5303.035594441977,-345.5727055580228,14.398862731584297,5.345471354797871,7.0,105.1,Clear/Low,Medium-Low,None
raw_xgb_lgb_production,Raw_Forecast_MWH,2026-07-23,all_hours,all,Summer,2026-07-23 18:00:00-07:00,18,284.044675,249.64313553933025,34.40153946066974,2026-07-23 17:00:00-07:00,17,250.1227267385539,-1.0,4433.882358,4078.2885086328124,-355.59384936718743,14.816410390299504,7.362777535829696,4.0,94.6,Clear/Low,Medium-Low,None
raw_xgb_lgb_production,Raw_Forecast_MWH,2026-08-08,all_hours,all,Summer,2026-08-08 18:00:00-07:00,18,316.504,282.30530963885735,34.19869036114267,2026-08-08 18:00:00-07:00,18,282.30530963885735,0.0,4879.531999999999,4415.416234379451,-464.1157656205478,19.338156900856188,9.256569727828197,6.0,103.90336716817387,Clear/Low,Low,None
raw_xgb_lgb_production,Raw_Forecast_MWH,2026-07-29,all_hours,all,Summer,2026-07-29 18:00:00-07:00,18,305.165533,271.2715840206333,33.893948979366655,2026-07-29 18:00:00-07:00,18,271.2715840206333,0.0,4802.526723999999,4361.290003842325,-441.2367201576744,18.384863339903152,8.745428992456313,5.0,98.1,Clear/Low,Low,None
raw_xgb_lgb_production,Raw_Forecast_MWH,2026-07-31,all_hours,all,Summer,2026-07-31 18:00:00-07:00,18,308.498,275.1418201453131,33.3561798546869,2026-07-31 18:00:00-07:00,18,275.1418201453131,0.0,4794.6116999999995,4403.348947538578,-391.26275246142177,16.302614685892582,7.657411484409517,5.0,98.9,Clear/Low,Low,None
raw_xgb_lgb_production,Raw_Forecast_MWH,2026-07-30,all_hours,all,Summer,2026-07-30 17:00:00-07:00,17,302.2556,270.04988514322855,32.205714856771465,2026-07-30 18:00:00-07:00,18,270.16727761421964,1.0,4751.867912,4361.145788544887,-390.7221234551125,16.280088477296374,8.14142978500114,5.0,97.7,Clear/Low,Medium-Low,None
raw_xgb_lgb_production,Raw_Forecast_MWH,2026-07-03,all_hours,all,Summer,2026-07-03 18:00:00-07:00,18,258.786541,226.62387865442759,32.162662345572414,2026-07-03 18:00:00-07:00,18,226.62387865442759,0.0,4028.827701,3574.2677203313397,-454.5599806686605,18.939999194527523,11.040677702065262,4.0,93.5,Clear/Low,Medium-Low,None
raw_xgb_lgb_production,Raw_Forecast_MWH,2026-07-20,all_hours,all,Summer,2026-07-20 17:00:00-07:00,17,287.973175,256.09323560147726,31.879939398522765,2026-07-20 17:00:00-07:00,17,256.09323560147726,0.0,4696.888841,4230.400361790446,-466.4884792095536,19.43701996706474,10.188498394120236,5.0,98.0,Partly Cloudy,Medium-Low,None
raw_xgb_lgb_production,Raw_Forecast_MWH,2026-08-01,all_hours,all,Summer,2026-08-01 18:00:00-07:00,18,313.313,282.4087228540246,30.904277145975414,2026-08-01 18:00:00-07:00,18,282.4087228540246,0.0,4876.639,4545.231963547003,-331.4070364529971,13.808626518874897,6.403731830826785,6.0,101.3,Some Clouds,Low,None
raw_xgb_lgb_production,Raw_Forecast_MWH,2026-08-09,all_hours,all,Summer,2026-08-09 13:00:00-07:00,13,254.48819166666667,224.3467016664652,30.141490000201458,2026-08-09 13:00:00-07:00,13,224.3467016664652,0.0,2299.4394500000003,2083.1415952075854,-216.2978547924149,15.449846770886776,9.019890868666517,6.0,100.96368821520925,Clear/Low,Medium-High,Extreme
raw_xgb_lgb_production,Raw_Forecast_MWH,2026-07-27,all_hours,all,Summer,2026-07-27 18:00:00-07:00,18,283.920308,254.07712737795254,29.84318062204744,2026-07-27 18:00:00-07:00,18,254.07712737795254,0.0,4427.401508000001,4069.577692165385,-357.82381583461574,14.909325659775618,7.831852222563378,5.0,95.5,Clear/Low,Medium-Low,None
raw_xgb_lgb_production,Raw_Forecast_MWH,2026-07-08,all_hours,all,Summer,2026-07-08 18:00:00-07:00,18,251.640925,223.49277341656568,28.148151583434327,2026-07-08 18:00:00-07:00,18,223.49277341656568,0.0,3811.094399,3474.5086789246157,-336.5857200753844,14.024405003141005,8.567214876303913,4.0,92.4,Clear/Low,Medium-Low,None
raw_xgb_lgb_production,Raw_Forecast_MWH,2026-07-14,all_hours,all,Summer,2026-07-14 18:00:00-07:00,18,335.447675,308.5903882568942,26.857286743105817,2026-07-14 18:00:00-07:00,18,308.5903882568942,0.0,5462.121293,5157.57342008807,-304.5478729119304,13.03672796014284,4.968134273712149,6.0,103.8,Clear/Low,Low,None
raw_xgb_lgb_production,Raw_Forecast_MWH,2026-07-26,all_hours,all,Summer,2026-07-26 18:00:00-07:00,18,277.460491,250.7571903522291,26.703300647770902,2026-07-26 18:00:00-07:00,18,250.7571903522291,0.0,4269.23644,3950.2145792011424,-319.02186079885723,13.292577533285739,7.229057563122736,5.0,96.0,Clear/Low,Medium-Low,None
raw_xgb_lgb_production,Raw_Forecast_MWH,2026-06-29,all_hours,all,Summer,2026-06-29 18:00:00-07:00,18,232.903908,206.5731920138461,26.330715986153905,2026-06-29 17:00:00-07:00,17,208.22317519689216,-1.0,3841.851993,3486.115518658754,-355.7364743412463,14.82235309755192,9.247741939867412,4.0,90.2,Overcast,Medium-Low,None
raw_xgb_lgb_production,Raw_Forecast_MWH,2026-07-19,all_hours,all,Summer,2026-07-19 18:00:00-07:00,18,277.570166,252.56827805484312,25.001887945156852,2026-07-19 18:00:00-07:00,18,252.56827805484312,0.0,4352.122275,3925.143400006322,-426.9788749936779,17.790786458069903,9.696559910370006,5.0,96.7,Partly Cloudy,Low,None
raw_xgb_lgb_production,Raw_Forecast_MWH,2026-07-05,all_hours,all,Summer,2026-07-05 18:00:00-07:00,18,239.071591,214.53891537829406,24.53267562170595,2026-07-05 18:00:00-07:00,18,214.53891537829406,0.0,3847.3991429999996,3466.9903445616465,-380.4087984383532,15.850366601598045,9.957680358517322,4.0,91.5,Clear/Low,Medium-Low,None
raw_xgb_lgb_production,Raw_Forecast_MWH,2026-07-24,all_hours,all,Summer,2026-07-24 17:00:00-07:00,17,287.470266,263.157717686893,24.31254831310696,2026-07-24 18:00:00-07:00,18,263.5430207359555,1.0,4501.224541,4177.813607392228,-323.41093360777177,13.475455566990513,7.428294619124304,5.0,96.9,Clear/Low,Medium-Low,None
raw_xgb_lgb_production,Raw_Forecast_MWH,2026-07-28,all_hours,all,Summer,2026-07-28 18:00:00-07:00,18,286.38505,262.1167503429634,24.26829965703655,2026-07-28 18:00:00-07:00,18,262.1167503429634,0.0,4489.97106,4167.775340849689,-322.19571915031065,13.424821631262935,6.93907625134313,5.0,96.7,Clear/Low,Medium-Low,None
raw_xgb_lgb_production,Raw_Forecast_MWH,2026-07-25,all_hours,all,Summer,2026-07-25 18:00:00-07:00,18,279.683441,255.74128626440728,23.942154735592737,2026-07-25 18:00:00-07:00,18,255.74128626440728,0.0,4271.587783999999,3991.7977965720665,-279.78998742793283,11.657916142830567,6.650932130422904,5.0,96.4,Clear/Low,Medium-Low,None
raw_xgb_lgb_production,Raw_Forecast_MWH,2026-06-30,all_hours,all,Summer,2026-06-30 18:00:00-07:00,18,250.969091,227.4139956303387,23.555095369661302,2026-06-30 17:00:00-07:00,17,228.25166574426126,-1.0,4091.340214,3722.6338668258977,-368.7063471741021,15.362764465587583,9.09499054661536,4.0,92.1,Clear/Low,Medium-Low,None
raw_xgb_lgb_production,Raw_Forecast_MWH,2026-07-18,all_hours,all,Summer,2026-07-18 18:00:00-07:00,18,258.001408,234.70562775616548,23.295780243834542,2026-07-18 18:00:00-07:00,18,234.70562775616548,0.0,3984.914818,3727.37655883457,-257.5382591654302,10.773145263819265,6.212225283038643,4.0,94.1,Clear/Low,Medium-Low,None
raw_xgb_lgb_production,Raw_Forecast_MWH,2026-07-10,all_hours,all,Summer,2026-07-10 17:00:00-07:00,17,271.224325,247.94938697838205,23.27493802161797,2026-07-10 17:00:00-07:00,17,247.94938697838205,0.0,4450.607959,4018.4309345122792,-432.1770244877207,18.00737602032169,10.045957423293384,5.0,95.8,Clear/Low,Medium-Low,None
raw_xgb_lgb_production,Raw_Forecast_MWH,2026-07-06,all_hours,all,Summer,2026-07-06 18:00:00-07:00,18,248.87775,226.01385025386438,22.863899746135615,2026-07-06 18:00:00-07:00,18,226.01385025386438,0.0,3919.951067,3561.903704109817,-358.04736289018274,14.91864012042428,9.25962312003749,4.0,92.1,Clear/Low,Medium-Low,None
raw_xgb_lgb_production,Raw_Forecast_MWH,2026-07-11,all_hours,all,Summer,2026-07-11 17:00:00-07:00,17,266.14615,243.74229467019114,22.403855329808835,2026-07-11 18:00:00-07:00,18,247.03295783005836,1.0,4102.125900000001,3858.260965617402,-243.86493438259913,10.161038932608259,5.834780641128904,5.0,96.4,Overcast,Medium-Low,None
raw_xgb_lgb_production,Raw_Forecast_MWH,2026-07-17,all_hours,all,Summer,2026-07-17 17:00:00-07:00,17,270.739725,249.19565324290102,21.544071757099005,2026-07-17 17:00:00-07:00,17,249.19565324290102,0.0,4282.751558,4104.332881282033,-178.41867671796717,7.953976916304335,3.905095187504063,5.0,95.5,Clear/Low,Medium-Low,None
raw_xgb_lgb_production,Raw_Forecast_MWH,2026-07-01,all_hours,all,Summer,2026-07-01 18:00:00-07:00,18,246.635758,225.34935173367148,21.286406266328527,2026-07-01 18:00:00-07:00,18,225.34935173367148,0.0,3902.250341,3615.495886199894,-286.75445480010603,11.948102283337755,7.563463330865537,4.0,90.1,Some Clouds,Medium-Low,None
raw_xgb_lgb_production,Raw_Forecast_MWH,2026-07-02,all_hours,all,Summer,2026-07-02 18:00:00-07:00,18,232.3166,211.22278448611783,21.093815513882163,2026-07-02 18:00:00-07:00,18,211.22278448611783,0.0,3740.933686,3469.5143748979435,-271.4193111020563,11.309137962585694,7.374743625041921,3.0,89.3,Clear/Low,Medium-Low,None
raw_xgb_lgb_production,Raw_Forecast_MWH,2026-07-16,all_hours,all,Summer,2026-07-16 17:00:00-07:00,17,290.101483,269.2806654287077,20.820817571292253,2026-07-16 17:00:00-07:00,17,269.2806654287077,0.0,4721.518459,4529.811598758972,-191.70686024102815,8.23512758341842,3.7304059445884614,5.0,98.4,Clear/Low,Medium-Low,None
raw_xgb_lgb_production,Raw_Forecast_MWH,2026-07-12,all_hours,all,Summer,2026-07-12 18:00:00-07:00,18,233.890866,213.96720408829455,19.923661911705437,2026-07-12 18:00:00-07:00,18,213.96720408829455,0.0,4089.0465430000004,3706.2607683398887,-382.78577466011166,15.949407277504642,9.192523341667895,4.0,91.5,Overcast,Low,None
raw_xgb_lgb_production,Raw_Forecast_MWH,2026-06-27,all_hours,all,Summer,2026-06-27 19:00:00-07:00,19,182.002916,162.8111125212893,19.19180347871071,2026-06-27 19:00:00-07:00,19,162.8111125212893,0.0,3188.057335,2909.3748793502264,-278.6824556497736,11.611768985407224,8.733292849995228,2.0,79.9,Clear/Low,Low,None
raw_xgb_lgb_production,Raw_Forecast_MWH,2026-06-28,all_hours,all,Summer,2026-06-28 19:00:00-07:00,19,193.6332,176.38557288009446,17.24762711990553,2026-06-28 19:00:00-07:00,19,176.38557288009446,0.0,3273.024552,2997.177957549128,-275.84659445087163,11.493608102119643,8.343887951406897,3.0,85.9,Clear/Low,Low,None
raw_xgb_lgb_production,Raw_Forecast_MWH,2026-07-07,all_hours,all,Summer,2026-07-07 18:00:00-07:00,18,224.939866,207.79007598606165,17.149790013938343,2026-07-07 18:00:00-07:00,18,207.79007598606165,0.0,3635.264924,3370.3844834875563,-264.8804405124438,11.036685021351815,7.508614120311425,3.0,88.2,Clear/Low,Medium-Low,None
raw_xgb_lgb_production,Raw_Forecast_MWH,2026-07-04,all_hours,all,Summer,2026-07-04 18:00:00-07:00,18,250.877566,238.58559984685095,12.291966153149048,2026-07-04 18:00:00-07:00,18,238.58559984685095,0.0,4091.4644310000003,3710.6631942535673,-380.801236746433,16.03620027602338,9.927150109932464,5.0,95.5,Clear/Low,Medium-Low,None
raw_xgb_lgb_production,Raw_Forecast_MWH,2026-06-25,all_hours,all,Summer,2026-06-25 18:00:00-07:00,18,228.625891,218.98485342048,9.641037579520003,2026-06-25 18:00:00-07:00,18,218.98485342048,0.0,2106.382336,2041.8623504406883,-64.51998555931186,5.8654532326646835,3.009652650795458,4.0,90.3,Clear/Low,Medium-Low,None
raw_xgb_lgb_production,Raw_Forecast_MWH,2026-06-26,all_hours,all,Summer,2026-06-26 18:00:00-07:00,18,197.394033,189.6984808563538,7.695552143646211,2026-06-26 18:00:00-07:00,18,189.6984808563538,0.0,3388.5666069999997,3243.660094379655,-144.90651262034453,6.751954089682013,4.8239625137196835,2.0,84.7,Clear/Low,Medium-Low,None
raw_xgb_lgb_production,Raw_Forecast_MWH,2026-07-13,all_hours,all,Summer,2026-07-13 16:00:00-07:00,16,258.689875,257.517889953118,1.1719850468819573,2026-07-13 17:00:00-07:00,17,263.031552760922,1.0,4780.523741999999,4598.137545151232,-182.3861968487672,9.741932611791983,5.291805955149765,5.0,99.1,Mostly Cloudy,Medium-Low,None
