Model,Feature,Importance,Importance_Pct
xgb,MWH_Lag1,0.3136012554168701,31.36012336929056
xgb,Extreme_Heat_85,0.30040425062179565,30.04042298120216
xgb,MWH_Lag24,0.13632020354270935,13.632019409945869
xgb,HeatIndex_CDD,0.05513029173016548,5.513028791114856
xgb,HeatIndexF,0.04113719239830971,4.113718954863073
xgb,CDD,0.03775680810213089,3.775680548661981
xgb,Temp_Squared,0.024411892518401146,2.4411890827326648
xgb,Temperature,0.020224975422024727,2.022497402098873
xgb,MWH_Rolling3,0.020129848271608353,2.0129846877162056
xgb,CDD_Squared,0.010470408014953136,1.0470407289641077
xgb,HourCos,0.00818339828401804,0.818339771713302
xgb,BTM_Solar_Cloud_Adjusted_MW,0.0039201779291033745,0.39201776575425795
xgb,IsOffPeak,0.00390035891905427,0.3900358648866389
xgb,BTM_x_GHI,0.0024367105215787888,0.2436710352781592
xgb,Solar_Hour_Shape,0.002328538568690419,0.23285384073865714
xgb,MWH_Lag2,0.0017627500928938389,0.1762749970783612
xgb,BTM_Solar_Proxy_MW,0.0017509358003735542,0.17509356790817338
xgb,Solar_Midday_Flag,0.0017341567436233163,0.1734156623493824
xgb,Solar_Irradiance,0.0016646747244521976,0.16646746091359035
xgb,BTM_ClearSky_Proxy_MW,0.0015976967988535762,0.1597696688177015
xgb,MWH_SameHour7DayMean,0.001432524062693119,0.14325239634584977
xgb,ClearSky_GHI_Proxy_Wm2,0.0006911974051035941,0.06911973572225744
xgb,Solar_Ramp_Down_2hr,0.0005338944029062986,0.0533894365922062
xgb,Hot_Humid_Stress,0.00048190075904130936,0.04819007256588059
xgb,HourSin,0.0004451843851711601,0.04451843543320942
xgb,Daily_CDD,0.0004150379099883139,0.04150378812375718
xgb,MWH_Rolling24,0.0003861789300572127,0.03861789033056062
xgb,Solar_Ramp_Down_1hr,0.00035493969335220754,0.03549396687646232
xgb,MWH_Lag3,0.00034078769385814667,0.03407876702509077
xgb,BTM_Midday_Impact,0.00032826740061864257,0.03282673778787165
xgb,IsOnPeak,0.0003102664777543396,0.031026645626138365
xgb,BTM_Evening_Ramp_Impact,0.00030646612867712975,0.03064661074474338
xgb,DailyMaxTempBin,0.0002854092454072088,0.028540922563617725
xgb,Temperature_DailyMax,0.0002148639177903533,0.02148639029061778
xgb,MWH_Rolling24Std,0.000192669962416403,0.01926699490696598
xgb,IsMonday,0.00019168747530784458,0.01916874620291608
xgb,Hour,0.00019028631504625082,0.0190286301864629
xgb,IsWinterSeason,0.00018934237596113235,0.01893423628448996
xgb,IsSummerSeason,0.00017705446225591004,0.017705444999089263
xgb,BTM_Solar_Loss_From_ClearSky_MW,0.00017344219668302685,0.017344218466824036
xgb,Cooling_Stress,0.00016206837608478963,0.016206836485789692
xgb,Daily_HDD,0.00015897987759672105,0.015897986658377657
xgb,Temperature_DailyMean,0.00015538238221779466,0.015538237145405791
xgb,Solar_Evening_Ramp_Flag,0.00014909582387190312,0.014909581354365242
xgb,MWH_Rolling12,0.00014437000208999962,0.014436999208911875
xgb,DOW,0.0001415338774677366,0.014153386766332135
xgb,ClearSky_Index,0.0001349111262243241,0.013491111687868386
xgb,HDD_Squared,0.00011162100418005139,0.011162099644777771
xgb,MWH_Rolling6,0.0001115428312914446,0.011154282356458618
xgb,IsBusinessDay,9.951517859008163e-05,0.00995151716964096
xgb,Daily_BTM_Solar_Proxy_Total_MWh,9.211325959768146e-05,0.009211325321675935
xgb,HDD,8.459825767204165e-05,0.008459825181170305
xgb,MWH_Lag168,7.749514043098316e-05,0.007749513506269572
xgb,IsLikelySystemPeakHour,7.6074487878941e-05,0.007607448260906582
xgb,Daily_BTM_Solar_Loss_MWh,7.194279896793887e-05,0.0071942793984276394
xgb,Daily_BTM_ClearSky_Max_MW,7.120663212845102e-05,0.007120662719578471
xgb,IsSuperPeak,6.884858157718554e-05,0.006884857680786745
xgb,DayOfYearCos,6.696336640743539e-05,0.006696336176871099
xgb,DailyMax_x_PeakHour,6.663640670012683e-05,0.006663640208405177
xgb,Temperature_DailyMin,6.386156019289047e-05,0.006386155576903615
xgb,Daily_BTM_Solar_Proxy_Max_MW,5.9066656831419095e-05,0.005906665273972006
xgb,Nameplate_MW,5.795659308205359e-05,0.005795658906725151
xgb,Midday_Overcast_Solar_Loss_MW,5.741202039644122e-05,0.005741201641936309
xgb,Solar_Season_Factor,5.7337572798132896e-05,0.0057337568826211945
xgb,WeekOfYear,5.2901690651196986e-05,0.005290168698656099
xgb,Solar_Ramp_Up_1hr,5.2260795200709254e-05,0.005226079158046973
xgb,DOWSin,5.2258328651078045e-05,0.005225832503100938
xgb,IsFriday,4.765064295497723e-05,0.00476506396540948
xgb,Cloud_x_Solar_Hour,4.616869046003558e-05,0.00461686872618118
xgb,Is_Raining,4.544838157016784e-05,0.004544837842184171
xgb,WindSpeed_Mph,4.492784137255512e-05,0.004492783826028815
xgb,Daily_BTM_Solar_Loss_Max_MW,4.441235068952665e-05,0.004441234761296904
xgb,MonthCos,4.190846811980009e-05,0.004190846521669286
xgb,MWH_Rolling48,4.184585850453004e-05,0.004184585560575994
xgb,DayOfYear,4.170069223619066e-05,0.004170068934747659
xgb,DOWCos,4.1672530642244965e-05,0.004167252775548172
xgb,BTM_x_Cloud,4.069213900947943e-05,0.004069213619063044
xgb,CloudCover_Norm,3.963914423366077e-05,0.003963914148775543
xgb,MWH_Rolling168,3.916814239346422e-05,0.003916813968018639
xgb,Wind_x_Temp,3.8948044675635174e-05,0.003894804197760408
xgb,Rain_x_IsWeekend,3.800091872108169e-05,0.0038000916088660438
xgb,Capacity_Ratio_To_Current,3.782336352742277e-05,0.0037823360907301225
xgb,Cloud_x_ClearSky_GHI,3.6185378121444955e-05,0.0036185375614790865
xgb,IsWeekend,3.5370452678762376e-05,0.0035370450228560265
xgb,PrecipIn,3.469948933343403e-05,0.0034699486929711276
xgb,DayOfYearSin,3.3234642614843324e-05,0.003323464031259426
xgb,Humidity_x_Temp,3.28210080624558e-05,0.0032821005788860264
xgb,Cloud_x_GHI,3.0947943741921335e-05,0.0030947941598077774
xgb,Impact_Cap_MW,2.7018668333766982e-05,0.0027018666462114427
xgb,Month,2.5966906832763925e-05,0.002596690503396959
xgb,MonthSin,2.420548116788268e-05,0.0024205479491106827
xgb,MWH_Lag48,2.193162072217092e-05,0.0021931619202911214
xgb,Humidity_Norm,2.071637391054537e-05,0.002071637247546894
xgb,MWH_Lag72,2.017673796217423e-05,0.002017673656447976
xgb,Extreme_Heat_80,1.4610809557780158e-05,0.001461080854565185
xgb,Temp_Bin,6.296299943642225e-06,0.0006296299507481354
xgb,Extreme_Heat_100,0.0,0.0
xgb,Extreme_Heat_90,0.0,0.0
xgb,Extreme_Heat_95,0.0,0.0
xgb,IsHolidayAdjacent,0.0,0.0
xgb,IsPostHoliday,0.0,0.0
xgb,IsPreHoliday,0.0,0.0
xgb,IsHoliday,0.0,0.0
xgb,FiveMin_Load_Available,0.0,0.0
xgb,FiveMin_Data_Age_Hours,0.0,0.0
xgb,FiveMin_PrevHour_Avg_MW,0.0,0.0
xgb,FiveMin_PrevHour_Max_MW,0.0,0.0
xgb,FiveMin_PrevHour_Min_MW,0.0,0.0
xgb,FiveMin_PrevHour_Last_MW,0.0,0.0
xgb,FiveMin_PrevHour_Range_MW,0.0,0.0
xgb,FiveMin_PrevHour_Ramp_MW,0.0,0.0
xgb,FiveMin_PrevHour_Count,0.0,0.0
xgb,FiveMin_Ramp_15Min_MW,0.0,0.0
xgb,FiveMin_Ramp_30Min_MW,0.0,0.0
xgb,FiveMin_Ramp_60Min_MW,0.0,0.0
lgb,MWH_Lag1,6531.0,7.424121859724907
lgb,MWH_Lag24,2819.0,3.204501534614073
lgb,Solar_Irradiance,2310.0,2.6258951915425714
lgb,Hot_Humid_Stress,2158.0,2.45310901443674
lgb,WindSpeed_Mph,2086.0,2.371262930544504
lgb,Wind_x_Temp,2040.0,2.3189723769466863
lgb,Temperature_DailyMax,2029.0,2.3064681141298173
lgb,MWH_Lag3,1816.0,2.0643401159486188
lgb,MWH_Rolling24Std,1803.0,2.0495623508014096
lgb,Temperature_DailyMin,1790.0,2.0347845856542004
lgb,MWH_Lag168,1713.0,1.9472547459361147
lgb,Daily_BTM_Solar_Loss_MWh,1697.0,1.9290667272933955
lgb,MWH_Rolling12,1645.0,1.8699556667045585
lgb,MWH_Lag2,1641.0,1.8654086620438788
lgb,DOW,1607.0,1.8267591224281003
lgb,MWH_Rolling168,1570.0,1.7846993293168127
lgb,ClearSky_GHI_Proxy_Wm2,1546.0,1.7574173013527337
lgb,Daily_BTM_Solar_Proxy_Total_MWh,1457.0,1.6562464476526089
lgb,MWH_SameHour7DayMean,1449.0,1.6471524383312495
lgb,MWH_Lag72,1449.0,1.6471524383312495
lgb,DayOfYearCos,1443.0,1.6403319313402296
lgb,MWH_Rolling48,1407.0,1.5994088893941116
lgb,Solar_Ramp_Down_2hr,1406.0,1.5982721382289418
lgb,MWH_Lag48,1406.0,1.5982721382289418
lgb,HourSin,1391.0,1.5812208707513924
lgb,Temperature,1383.0,1.572126861430033
lgb,Humidity_x_Temp,1367.0,1.553938842787314
lgb,Daily_BTM_Solar_Loss_Max_MW,1309.0,1.4880072752074571
lgb,Hour,1297.0,1.4743662612254178
lgb,Solar_Ramp_Down_1hr,1287.0,1.4629987495737182
lgb,DayOfYear,1274.0,1.448220984426509
lgb,MWH_Rolling24,1265.0,1.4379902239399796
lgb,BTM_ClearSky_Proxy_MW,1254.0,1.42548596112311
lgb,Nameplate_MW,1243.0,1.4129816983062407
lgb,Cloud_x_GHI,1230.0,1.3982039331590315
lgb,MWH_Rolling6,1191.0,1.3538706377174037
lgb,MWH_Rolling3,1139.0,1.2947595771285665
lgb,DayOfYearSin,1116.0,1.268614300329658
lgb,CDD,1091.0,1.2401955212004092
lgb,BTM_x_Cloud,1059.0,1.203819483914971
lgb,BTM_Solar_Loss_From_ClearSky_MW,1050.0,1.1935887234284415
lgb,Daily_BTM_ClearSky_Max_MW,1047.0,1.1901784699329316
lgb,HourCos,1029.0,1.1697169489598727
lgb,Temperature_DailyMean,1027.0,1.1674434466295327
lgb,BTM_x_GHI,951.0,1.081050358076617
lgb,Solar_Ramp_Up_1hr,934.0,1.061725588268728
lgb,Daily_BTM_Solar_Proxy_Max_MW,930.0,1.0571785836080483
lgb,Humidity_Norm,928.0,1.0549050812777083
lgb,Cooling_Stress,920.0,1.045811071956349
lgb,BTM_Solar_Proxy_MW,903.0,1.0264863021484596
lgb,CloudCover_Norm,859.0,0.9764692508809821
lgb,Solar_Season_Factor,843.0,0.958281232238263
lgb,Cloud_x_Solar_Hour,829.0,0.942366715925884
lgb,DailyMax_x_PeakHour,814.0,0.9253154484483347
lgb,Cloud_x_ClearSky_GHI,756.0,0.8593838808684778
lgb,BTM_Evening_Ramp_Impact,729.0,0.8286915994088894
lgb,ClearSky_Index,702.0,0.7979993179493008
lgb,DOWSin,641.0,0.7286574968739343
lgb,Daily_CDD,624.0,0.7093327270660452
lgb,DOWCos,552.0,0.6274866431738093
lgb,Midday_Overcast_Solar_Loss_MW,517.0,0.5877003523928612
lgb,HDD,514.0,0.5842900988973514
lgb,WeekOfYear,445.0,0.5058542685006252
lgb,BTM_Midday_Impact,329.0,0.37399113334091166
lgb,PrecipIn,323.0,0.367170626349892
lgb,Daily_HDD,211.0,0.23985449585085827
lgb,HeatIndexF,197.0,0.22393997953847902
lgb,Capacity_Ratio_To_Current,196.0,0.2228032283733091
lgb,HeatIndex_CDD,165.0,0.18756394225304082
lgb,IsFriday,157.0,0.17846993293168126
lgb,IsOnPeak,147.0,0.16710242127998182
lgb,CDD_Squared,146.0,0.16596567011481186
lgb,BTM_Solar_Cloud_Adjusted_MW,121.0,0.13754689098556325
lgb,IsOffPeak,95.0,0.10799136069114472
lgb,Month,87.0,0.09889735136978516
lgb,MonthSin,84.0,0.09548709787427533
lgb,Temp_Squared,69.0,0.07843583039672616
lgb,HDD_Squared,64.0,0.07275207457087643
lgb,DailyMaxTempBin,49.0,0.055700807093327274
lgb,Solar_Hour_Shape,40.0,0.04547004660679777
lgb,Rain_x_IsWeekend,36.0,0.040923041946118
lgb,IsSuperPeak,32.0,0.036376037285438215
lgb,Extreme_Heat_90,31.0,0.03523928612026827
lgb,MonthCos,30.0,0.03410253495509833
lgb,Impact_Cap_MW,25.0,0.028418779129248607
lgb,Is_Raining,21.0,0.02387177446856883
lgb,Temp_Bin,15.0,0.017051267477549165
lgb,IsSummerSeason,11.0,0.012504262816869387
lgb,Solar_Evening_Ramp_Flag,7.0,0.00795725815618961
lgb,IsWeekend,6.0,0.006820506991019665
lgb,IsLikelySystemPeakHour,5.0,0.0056837558258497215
lgb,IsMonday,5.0,0.0056837558258497215
lgb,IsWinterSeason,4.0,0.004547004660679777
lgb,IsBusinessDay,2.0,0.0022735023303398884
lgb,Solar_Midday_Flag,1.0,0.0011367511651699442
lgb,Extreme_Heat_95,1.0,0.0011367511651699442
lgb,Extreme_Heat_100,0.0,0.0
lgb,Extreme_Heat_85,0.0,0.0
lgb,Extreme_Heat_80,0.0,0.0
lgb,IsHolidayAdjacent,0.0,0.0
lgb,IsPostHoliday,0.0,0.0
lgb,IsPreHoliday,0.0,0.0
lgb,IsHoliday,0.0,0.0
lgb,FiveMin_Load_Available,0.0,0.0
lgb,FiveMin_Data_Age_Hours,0.0,0.0
lgb,FiveMin_PrevHour_Avg_MW,0.0,0.0
lgb,FiveMin_PrevHour_Max_MW,0.0,0.0
lgb,FiveMin_PrevHour_Min_MW,0.0,0.0
lgb,FiveMin_PrevHour_Last_MW,0.0,0.0
lgb,FiveMin_PrevHour_Range_MW,0.0,0.0
lgb,FiveMin_PrevHour_Ramp_MW,0.0,0.0
lgb,FiveMin_PrevHour_Count,0.0,0.0
lgb,FiveMin_Ramp_15Min_MW,0.0,0.0
lgb,FiveMin_Ramp_30Min_MW,0.0,0.0
lgb,FiveMin_Ramp_60Min_MW,0.0,0.0
catboost,MWH_Lag1,59.65163972585175,59.65163972585176
catboost,MWH_Rolling3,3.2009882127369846,3.2009882127369855
catboost,HourCos,3.1626167268815277,3.1626167268815277
catboost,HeatIndex_CDD,2.699534626210233,2.6995346262102333
catboost,HeatIndexF,2.1688972318928466,2.1688972318928466
catboost,CDD,2.1407779779511604,2.1407779779511604
catboost,Temp_Squared,1.9107372052093965,1.910737205209397
catboost,MWH_SameHour7DayMean,1.878013749542069,1.8780137495420692
catboost,CDD_Squared,1.8714319448147256,1.8714319448147259
catboost,Solar_Hour_Shape,1.5368782523820568,1.536878252382057
catboost,BTM_ClearSky_Proxy_MW,1.3494761072167465,1.3494761072167467
catboost,MWH_Lag24,1.2228472225617606,1.2228472225617606
catboost,Solar_Irradiance,1.1493293028103309,1.1493293028103309
catboost,MWH_Lag48,1.0687927818498575,1.0687927818498577
catboost,Temp_Bin,1.0240762149639808,1.024076214963981
catboost,Hot_Humid_Stress,0.9734200647487632,0.9734200647487633
catboost,MWH_Rolling6,0.9573879497623868,0.957387949762387
catboost,HourSin,0.726113595254449,0.7261135952544491
catboost,ClearSky_Index,0.657502354980657,0.6575023549806571
catboost,ClearSky_GHI_Proxy_Wm2,0.645167757199768,0.6451677571997682
catboost,MWH_Rolling24Std,0.6140070961952531,0.6140070961952532
catboost,Extreme_Heat_100,0.5411401879207055,0.5411401879207056
catboost,MWH_Rolling24,0.5408464234493588,0.540846423449359
catboost,Hour,0.5276405562472878,0.5276405562472879
catboost,Extreme_Heat_95,0.5039236813810541,0.5039236813810543
catboost,MWH_Lag2,0.4746690523730941,0.4746690523730942
catboost,MWH_Rolling48,0.43939970362169584,0.43939970362169595
catboost,BTM_Solar_Cloud_Adjusted_MW,0.404969353286209,0.40496935328620903
catboost,IsOffPeak,0.4037638069894948,0.4037638069894949
catboost,Temperature,0.31481010616431293,0.314810106164313
catboost,BTM_Solar_Proxy_MW,0.2951778866912673,0.2951778866912674
catboost,BTM_x_GHI,0.28775476086207075,0.2877547608620708
catboost,MWH_Lag3,0.25871333014475956,0.25871333014475956
catboost,DailyMaxTempBin,0.21354616283541314,0.21354616283541317
catboost,Temperature_DailyMax,0.2073276767239996,0.2073276767239996
catboost,Solar_Ramp_Down_2hr,0.20689350044079924,0.20689350044079927
catboost,Extreme_Heat_90,0.20436318724978048,0.2043631872497805
catboost,DayOfYearCos,0.19445495123306764,0.19445495123306766
catboost,Solar_Season_Factor,0.15990041848740558,0.1599004184874056
catboost,Temperature_DailyMin,0.1597287323067519,0.15972873230675194
catboost,Daily_BTM_ClearSky_Max_MW,0.14263488580367942,0.14263488580367945
catboost,Daily_BTM_Solar_Proxy_Total_MWh,0.14150527262803878,0.1415052726280388
catboost,WindSpeed_Mph,0.14080769171730487,0.1408076917173049
catboost,Solar_Evening_Ramp_Flag,0.1333748744738122,0.13337487447381222
catboost,Solar_Ramp_Down_1hr,0.12274088793708725,0.12274088793708728
catboost,Daily_BTM_Solar_Proxy_Max_MW,0.11497949045603655,0.11497949045603656
catboost,Daily_BTM_Solar_Loss_Max_MW,0.10719641283110923,0.10719641283110923
catboost,MWH_Rolling168,0.1065847099894455,0.10658470998944551
catboost,BTM_Evening_Ramp_Impact,0.10178093710251741,0.10178093710251743
catboost,IsWeekend,0.09611258808404959,0.0961125880840496
catboost,Daily_BTM_Solar_Loss_MWh,0.09434462249972039,0.0943446224997204
catboost,Temperature_DailyMean,0.0932649115425917,0.09326491154259171
catboost,DOWSin,0.08934336269567367,0.08934336269567368
catboost,Nameplate_MW,0.08422230252833966,0.08422230252833968
catboost,MWH_Lag72,0.0824461759054785,0.08244617590547851
catboost,Solar_Ramp_Up_1hr,0.07730334484835646,0.07730334484835648
catboost,Wind_x_Temp,0.0700383241112876,0.07003832411128762
catboost,DayOfYearSin,0.06836622140391191,0.06836622140391191
catboost,DailyMax_x_PeakHour,0.06667515883448125,0.06667515883448126
catboost,DOW,0.06614112457140939,0.0661411245714094
catboost,Daily_CDD,0.06499984063088168,0.0649998406308817
catboost,CloudCover_Norm,0.061253289430102095,0.06125328943010211
catboost,Cooling_Stress,0.06077904542402762,0.060779045424027636
catboost,IsOnPeak,0.06069111841730519,0.060691118417305207
catboost,IsBusinessDay,0.059982391911013705,0.05998239191101372
catboost,Capacity_Ratio_To_Current,0.058678692108029895,0.0586786921080299
catboost,MonthCos,0.05633957617631709,0.056339576176317095
catboost,Impact_Cap_MW,0.053990448511644154,0.05399044851164416
catboost,Extreme_Heat_80,0.050048557785894364,0.05004855778589437
catboost,MWH_Rolling12,0.04782525828468943,0.047825258284689434
catboost,Humidity_x_Temp,0.04589248803215767,0.045892488032157674
catboost,DOWCos,0.043922282262911005,0.04392228226291101
catboost,BTM_Solar_Loss_From_ClearSky_MW,0.036892407492881606,0.03689240749288161
catboost,MWH_Lag168,0.036560536363459,0.036560536363459004
catboost,Daily_HDD,0.03207513560915139,0.03207513560915139
catboost,IsWinterSeason,0.031216188761623413,0.03121618876162342
catboost,Cloud_x_GHI,0.031157984696437036,0.031157984696437043
catboost,DayOfYear,0.030059735320223657,0.03005973532022366
catboost,Humidity_Norm,0.02996588942695151,0.02996588942695152
catboost,HDD_Squared,0.025914523658128328,0.02591452365812833
catboost,WeekOfYear,0.02012616001442723,0.020126160014427234
catboost,HDD,0.016160623398394344,0.016160623398394348
catboost,BTM_Midday_Impact,0.014254336144345714,0.014254336144345715
catboost,Cloud_x_Solar_Hour,0.013778335981680543,0.013778335981680547
catboost,BTM_x_Cloud,0.012525613890162964,0.012525613890162967
catboost,IsFriday,0.01198336586305574,0.011983365863055742
catboost,Solar_Midday_Flag,0.010068725027981895,0.010068725027981897
catboost,Cloud_x_ClearSky_GHI,0.00937873663858081,0.009378736638580812
catboost,Midday_Overcast_Solar_Loss_MW,0.006720909183781806,0.006720909183781807
catboost,IsMonday,0.005435051088539317,0.005435051088539318
catboost,PrecipIn,0.0031533825887997027,0.0031533825887997036
catboost,Extreme_Heat_85,0.0024429736428593974,0.002442973642859398
catboost,IsSummerSeason,0.0024406551063044612,0.0024406551063044617
catboost,Is_Raining,0.0016761642505983313,0.0016761642505983318
catboost,MonthSin,0.0007703418854199847,0.0007703418854199847
catboost,Month,0.0007508258214897209,0.000750825821489721
catboost,IsLikelySystemPeakHour,0.0006939154329196177,0.0006939154329196178
catboost,Rain_x_IsWeekend,0.0004452221757838483,0.00044522217578384836
catboost,IsSuperPeak,0.00042639217146787597,0.000426392171467876
catboost,IsHolidayAdjacent,0.0,0.0
catboost,IsPostHoliday,0.0,0.0
catboost,IsPreHoliday,0.0,0.0
catboost,IsHoliday,0.0,0.0
catboost,FiveMin_Load_Available,0.0,0.0
catboost,FiveMin_Data_Age_Hours,0.0,0.0
catboost,FiveMin_PrevHour_Avg_MW,0.0,0.0
catboost,FiveMin_PrevHour_Max_MW,0.0,0.0
catboost,FiveMin_PrevHour_Min_MW,0.0,0.0
catboost,FiveMin_PrevHour_Last_MW,0.0,0.0
catboost,FiveMin_PrevHour_Range_MW,0.0,0.0
catboost,FiveMin_PrevHour_Ramp_MW,0.0,0.0
catboost,FiveMin_PrevHour_Count,0.0,0.0
catboost,FiveMin_Ramp_15Min_MW,0.0,0.0
catboost,FiveMin_Ramp_30Min_MW,0.0,0.0
catboost,FiveMin_Ramp_60Min_MW,0.0,0.0
