Focused_Scorecard_Guard_Source,N,Final_Bias_ActualMinusForecast_MWH,Final_MAE_MWH,Final_MaxUnder_MWH,Final_MaxOver_MWH,Raw_Bias_ActualMinusForecast_MWH,Final_Correction_From_Raw_MWH,Focused_Guard_Delta_MWH
june_long_mild_hot_peak_backoff,2,-16.293605349065942,16.293605349065942,0.0,17.71858139559319,-30.51775643039717,-14.224151081331229,-10.0
june_long_mild_hot_peak_backoff+june_long_90_95_cloudy_peak_extra_up,2,-16.202798761882818,16.202798761882818,0.0,25.213726282640067,-25.24112024069268,-9.038321478809834,-4.0
july_long_mild_hot_peak_soft_down+july_long_92_95_low_state_hot_backoff,5,-14.073532492668239,14.073532492668239,0.0,16.890731806978863,-15.636160295259383,-1.562627802591129,-9.000000000000005
june_long_95_100_evening_recovery_up+june_long_95_100_low_forecast_hot_extra_up+june_long_98_100_clear_high_state_overstack_backoff,1,-11.415705495090464,11.415705495090464,0.0,11.415705495090464,-8.178743405068587,3.2369620900218763,8.0
july_long_95_98_peak_recovery_up+july_long_95_98_low_state_peak_backoff,10,-8.431132414598968,8.431132414598968,0.0,13.296231215683235,-3.0468381642768465,5.384294250322123,-2.0000000000000027
september_long_90_92_cloudy_low_state_hot_backoff,4,-8.030281867473306,8.030281867473306,0.0,12.4083068505565,-17.259620505321728,-9.229338637848436,-8.0
june_long_95_100_evening_recovery_up+june_long_95_100_low_forecast_hot_extra_up,2,-7.699420354721908,7.699420354721908,0.0,14.074231692325183,1.542512005347561,9.24193236006947,14.0
june_long_mild_hot_peak_backoff+june_long_90_92_clear_hot_extra_backoff,6,7.469205761258205,7.469205761258205,11.228705271960903,0.0,-19.189169735529575,-26.65837549678778,-21.999999999999996
september_day4to7_cloudy_92_95_hot_down,5,-2.4811172614277663,6.939393425629499,9.706980878254145,11.710109713097069,-14.21150134928124,-11.73038408785348,-14.0
may_long_hot_93_97_down,10,3.71193226291021,6.815361045708016,11.88198290624632,4.373622329108628,-12.723174534669315,-16.43510679757952,-4.0
july_long_95_98_peak_recovery_up+july_long_clear_hot_peak_ramp_up,4,6.810262549758811,6.810262549758811,9.54820927131084,0.0,29.563701308712602,22.753438758953806,14.999999999999993
shoulder_heat_days8to16_bias_up+may_long_85_93_hot_peak_recovery_up,1,6.61666725960319,6.61666725960319,6.61666725960319,0.0,20.443227359877426,13.826560100274236,9.25
june_long_100_plus_evening_finish_up,11,6.440251938262903,6.522502617533896,9.572241140514734,0.4523787359904645,8.234331616968166,1.7940796787052642,5.0
june_long_95_100_evening_recovery_up,6,-6.4604813182302605,6.4604813182302605,0.0,12.246727709108027,2.054189107752009,8.514670425982269,12.000000000000009
june_long_95_100_evening_recovery_up+june_long_98_100_clear_high_state_overstack_backoff,1,6.444501111738987,6.444501111738987,6.444501111738987,0.0,7.598524564813147,1.15402345307416,6.0
july_long_95_98_peak_recovery_up,11,1.4191892448744274,6.2526551559275845,10.947091882102995,12.4384913504052,18.03950187478695,16.620312629912522,8.0
june_long_hot_100_105_peak_finish_up,18,5.769874774421172,6.018668063397769,10.209612665959696,2.239139600789372,3.5083716606582254,-2.2615031137629464,1.5
august_long_95_100_clear_peak_soft_backoff+august_long_95_98_high_state_rebound_up+august_long_clear_hot_rebound_up,1,5.325899165493581,5.325899165493581,5.325899165493581,0.0,17.602264377748412,12.27636521225483,13.000000000000028
july_long_mild_hot_peak_soft_down,10,-3.742185970913346,5.122231958295311,2.0947609870915755,16.83912753667269,2.8097102038515773,6.551896174764932,-1.0
june_long_95_100_low_forecast_hot_extra_up,13,2.3871367487019395,4.97332139722303,12.411346880655202,7.136128878135168,0.447303524564426,-1.9398332241375114,2.0
august_day4to7_highload_peak_up,12,2.076750923063775,4.882433303799213,13.610605261646867,7.490442190711349,8.828707966598666,6.751957043534901,5.0
july_long_mild_hot_peak_soft_down+july_long_92_95_clear_high_state_hot_recovery_up,5,4.780418822781212,4.794862493616597,10.66733138062952,0.0361091770884627,17.477226730216245,12.696807907435034,5.0
none,233,3.0267081926277597,4.729126696990363,15.278043151952488,11.100505107016772,2.4932267269904576,-0.5334814656372989,0.0
june_days4to7_hot_peak_recovery_up+june_days4to7_clear_98_100_hot_recovery_trim_down,3,-4.173135610685904,4.173135610685904,0.0,6.108875093352879,-5.235977088419513,-1.0628414777336086,0.0
june_long_90_95_cloudy_peak_extra_up,3,4.117645849997928,4.117645849997928,5.347130668051307,0.0,6.6644948636101065,2.5468490136121886,6.0
shoulder_heat_days8to16_bias_up+may_long_warm_cloudy_peak_recovery_up+may_long_85_93_hot_peak_recovery_up,4,-4.0955385711713745,4.0955385711713745,0.0,4.973294298731048,19.960241967905432,24.055780539076807,21.25
august_long_clear_hot_high_forecast_backoff+august_long_95_100_clear_peak_soft_backoff+august_long_95_97_low_state_he17_18_rebound_up,2,3.7889530808704284,3.7889530808704284,7.188830586456732,0.0,-15.671214093559442,-19.46016717442987,-22.0
august_long_100_plus_peak_finish_up,6,2.3173028150575212,3.6684119391248466,5.685341405856832,4.053327372201977,9.578457218874169,7.261154403816657,5.0
may_days4to7_100plus_peak_recovery_up,6,0.9326662682758333,3.472036906739504,3.623257558268392,7.192558361801275,6.6407892211143364,5.708122952838504,8.0
august_long_95_100_clear_peak_soft_backoff+august_long_95_98_high_state_rebound_up,9,3.336985173465586,3.336985173465586,9.235739550543371,0.0,8.939752637533312,5.6027674640677265,5.999999999999994
august_long_95_100_clear_peak_soft_backoff,11,1.3261412737352032,2.849343533645928,6.721923297178762,4.082593230121688,-0.16228668982160405,-1.4884279635568098,-4.0
june_days4to7_hot_evening_finish_recovery_up+june_days4to7_clear_98_100_hot_recovery_trim_down,2,-1.9372225877659588,1.9372225877659588,0.0,2.697525852564695,-5.0497686492236085,-3.112546061457664,-2.0
july_holiday_hot_peak_down,5,0.5761623399645203,1.674852768836098,2.6941805559550858,2.624020479584857,-31.806360006163295,-32.382522346127814,-30.0
june_long_98_100_clear_high_state_overstack_backoff,2,-1.305315317543517,1.305315317543517,0.0,1.328724673328395,-12.426418541346848,-11.121103223803331,-6.0
june_long_95_100_low_forecast_hot_extra_up+june_long_98_100_clear_high_state_overstack_backoff,3,-0.44968074470278907,1.2034430310054631,1.0316413786818828,2.4796856635623783,-9.12367150322016,-8.673990758517371,-4.0
august_long_clear_hot_high_forecast_backoff+august_long_95_100_clear_peak_soft_backoff,1,-0.1477951962077668,0.1477951962077668,0.0,0.1477951962077668,-26.493178075923765,-26.345382879716,-29.0
