Month,Hour,N,Bias_Delta_F,Bias_Std_F,Month_Count,Month_Delta_F,Global_Delta_F,Bias_Source,Applied_Delta_F
1,0,217,2.2892198571428573,2.085196158563671,5208,2.4224622843701997,1.7978716380864177,month_hour,2.2892198571428573
1,1,217,2.1761892580645164,2.212390412099385,5208,2.4224622843701997,1.7978716380864177,month_hour,2.1761892580645164
1,2,217,2.1895082350230415,2.171661467429211,5208,2.4224622843701997,1.7978716380864177,month_hour,2.1895082350230415
1,3,217,2.002955,2.290141280083789,5208,2.4224622843701997,1.7978716380864177,month_hour,2.002955
1,4,217,1.8466420000000001,2.3113541928336776,5208,2.4224622843701997,1.7978716380864177,month_hour,1.8466420000000001
1,5,217,1.6879057142857141,2.1942784297099003,5208,2.4224622843701997,1.7978716380864177,month_hour,1.6879057142857141
1,6,217,1.8322793917050686,2.0683764279004766,5208,2.4224622843701997,1.7978716380864177,month_hour,1.8322793917050686
1,7,217,1.8144696682027646,2.0779287979847614,5208,2.4224622843701997,1.7978716380864177,month_hour,1.8144696682027646
1,8,217,2.0469799170506913,2.1700287911333733,5208,2.4224622843701997,1.7978716380864177,month_hour,2.0469799170506913
1,9,217,3.1137334377880186,2.0748134520812207,5208,2.4224622843701997,1.7978716380864177,month_hour,3.1137334377880186
1,10,217,3.741712479262673,2.551009972638455,5208,2.4224622843701997,1.7978716380864177,month_hour,3.741712479262673
1,11,217,3.919066198156682,2.7624073644838876,5208,2.4224622843701997,1.7978716380864177,month_hour,3.919066198156682
1,12,217,3.5154615714285717,2.6497281885276878,5208,2.4224622843701997,1.7978716380864177,month_hour,3.5154615714285717
1,13,217,2.804336566820276,2.5362632040713375,5208,2.4224622843701997,1.7978716380864177,month_hour,2.804336566820276
1,14,217,2.2503176405529954,2.518702584037032,5208,2.4224622843701997,1.7978716380864177,month_hour,2.2503176405529954
1,15,217,1.8775880368663596,2.5599743703227795,5208,2.4224622843701997,1.7978716380864177,month_hour,1.8775880368663596
1,16,217,1.6849169723502304,2.4763663167827503,5208,2.4224622843701997,1.7978716380864177,month_hour,1.6849169723502304
1,17,217,1.3754836543778803,1.9943013380454204,5208,2.4224622843701997,1.7978716380864177,month_hour,1.3754836543778803
1,18,217,2.6118618018433177,2.20986716377284,5208,2.4224622843701997,1.7978716380864177,month_hour,2.6118618018433177
1,19,217,3.212451023041475,2.3900348111035563,5208,2.4224622843701997,1.7978716380864177,month_hour,3.212451023041475
1,20,217,2.876692004608295,2.252500585315993,5208,2.4224622843701997,1.7978716380864177,month_hour,2.876692004608295
1,21,217,2.4727154516129035,2.2225905881412245,5208,2.4224622843701997,1.7978716380864177,month_hour,2.4727154516129035
1,22,217,2.462646013824885,2.169015736337874,5208,2.4224622843701997,1.7978716380864177,month_hour,2.462646013824885
1,23,217,2.3339629308755763,2.035167094647939,5208,2.4224622843701997,1.7978716380864177,month_hour,2.3339629308755763
2,0,198,2.8611022323232325,2.175627217586213,4752,2.889656503367003,1.7978716380864177,month_hour,2.8611022323232325
2,1,198,2.7434340808080813,2.253126773375372,4752,2.889656503367003,1.7978716380864177,month_hour,2.7434340808080813
2,2,198,2.5342619595959595,2.4078571178493005,4752,2.889656503367003,1.7978716380864177,month_hour,2.5342619595959595
2,3,198,2.3774287474747475,2.455860532136624,4752,2.889656503367003,1.7978716380864177,month_hour,2.3774287474747475
2,4,198,2.3930225757575756,2.518066640058154,4752,2.889656503367003,1.7978716380864177,month_hour,2.3930225757575756
2,5,198,1.9842083787878786,2.228945413285673,4752,2.889656503367003,1.7978716380864177,month_hour,1.9842083787878786
2,6,198,2.2459696161616165,2.2674435662613424,4752,2.889656503367003,1.7978716380864177,month_hour,2.2459696161616165
2,7,198,2.3903318080808083,2.1851671022653636,4752,2.889656503367003,1.7978716380864177,month_hour,2.3903318080808083
2,8,198,3.42501801010101,2.408707178387002,4752,2.889656503367003,1.7978716380864177,month_hour,3.42501801010101
2,9,198,4.032055388888889,2.150489679350286,4752,2.889656503367003,1.7978716380864177,month_hour,4.032055388888889
2,10,198,4.232584358585858,2.4257146978282362,4752,2.889656503367003,1.7978716380864177,month_hour,4.232584358585858
2,11,198,4.050866878787879,2.459742008982782,4752,2.889656503367003,1.7978716380864177,month_hour,4.050866878787879
2,12,198,3.4212194999999994,2.2045323663041803,4752,2.889656503367003,1.7978716380864177,month_hour,3.4212194999999994
2,13,198,2.8754889292929295,2.0578773089630933,4752,2.889656503367003,1.7978716380864177,month_hour,2.8754889292929295
2,14,198,2.5258079999999996,2.0479792791911877,4752,2.889656503367003,1.7978716380864177,month_hour,2.5258079999999996
2,15,198,2.2840323585858586,1.9011051150424956,4752,2.889656503367003,1.7978716380864177,month_hour,2.2840323585858586
2,16,198,2.0954479090909093,1.891480350787676,4752,2.889656503367003,1.7978716380864177,month_hour,2.0954479090909093
2,17,198,1.587632959595959,1.5821861293500887,4752,2.889656503367003,1.7978716380864177,month_hour,1.587632959595959
2,18,198,2.032137939393939,1.633598004712228,4752,2.889656503367003,1.7978716380864177,month_hour,2.032137939393939
2,19,198,3.50998107070707,2.7945076863737195,4752,2.889656503367003,1.7978716380864177,month_hour,3.50998107070707
2,20,198,3.8652010656565654,2.6367556361185445,4752,2.889656503367003,1.7978716380864177,month_hour,3.8652010656565654
2,21,198,3.5512599848484845,2.3440013119872694,4752,2.889656503367003,1.7978716380864177,month_hour,3.5512599848484845
2,22,198,3.299262474747475,2.2274428897800758,4752,2.889656503367003,1.7978716380864177,month_hour,3.299262474747475
2,23,198,3.033999853535353,2.1796973252751073,4752,2.889656503367003,1.7978716380864177,month_hour,3.033999853535353
3,0,217,2.911767834101382,2.0954660210864273,5199,2.7010864143104443,1.7978716380864177,month_hour,2.911767834101382
3,1,217,2.8049028986175117,1.9674304473026352,5199,2.7010864143104443,1.7978716380864177,month_hour,2.8049028986175117
3,2,210,2.879720557142857,1.9920452954632981,5199,2.7010864143104443,1.7978716380864177,month_hour,2.879720557142857
3,3,217,2.6935613640553,2.0251479841909865,5199,2.7010864143104443,1.7978716380864177,month_hour,2.6935613640553
3,4,217,2.64726768202765,1.9988388654524585,5199,2.7010864143104443,1.7978716380864177,month_hour,2.64726768202765
3,5,217,2.053925377880184,1.9787390734168562,5199,2.7010864143104443,1.7978716380864177,month_hour,2.053925377880184
3,6,217,2.2072018986175115,1.8767848845656916,5199,2.7010864143104443,1.7978716380864177,month_hour,2.2072018986175115
3,7,217,2.6159943502304146,2.0495723219175854,5199,2.7010864143104443,1.7978716380864177,month_hour,2.6159943502304146
3,8,217,3.5089147465437787,2.2243772223998164,5199,2.7010864143104443,1.7978716380864177,month_hour,3.5089147465437787
3,9,217,3.666798322580645,2.574748343604263,5199,2.7010864143104443,1.7978716380864177,month_hour,3.666798322580645
3,10,217,3.3985171290322578,2.764232132551977,5199,2.7010864143104443,1.7978716380864177,month_hour,3.3985171290322578
3,11,217,2.9988756958525347,2.5826712351906846,5199,2.7010864143104443,1.7978716380864177,month_hour,2.9988756958525347
3,12,217,2.5654641013824886,2.701797866147664,5199,2.7010864143104443,1.7978716380864177,month_hour,2.5654641013824886
3,13,217,2.312443124423963,2.76005625264307,5199,2.7010864143104443,1.7978716380864177,month_hour,2.312443124423963
3,14,217,2.020737566820276,2.837554247018008,5199,2.7010864143104443,1.7978716380864177,month_hour,2.020737566820276
3,15,217,1.7741166912442399,2.9886832413936855,5199,2.7010864143104443,1.7978716380864177,month_hour,1.7741166912442399
3,16,216,1.5584210185185186,3.0168743965291505,5199,2.7010864143104443,1.7978716380864177,month_hour,1.5584210185185186
3,17,216,1.4741916620370374,2.480760552133161,5199,2.7010864143104443,1.7978716380864177,month_hour,1.4741916620370374
3,18,217,1.592824912442396,2.277655517329545,5199,2.7010864143104443,1.7978716380864177,month_hour,1.592824912442396
3,19,217,3.404904322580645,2.900847942285458,5199,2.7010864143104443,1.7978716380864177,month_hour,3.404904322580645
3,20,217,3.888926935483871,2.9074314973644335,5199,2.7010864143104443,1.7978716380864177,month_hour,3.888926935483871
3,21,217,3.4273445714285713,2.6599814488321107,5199,2.7010864143104443,1.7978716380864177,month_hour,3.4273445714285713
3,22,217,3.239279806451613,2.459343543030839,5199,2.7010864143104443,1.7978716380864177,month_hour,3.239279806451613
3,23,217,3.174814133640553,2.1172179675462073,5199,2.7010864143104443,1.7978716380864177,month_hour,3.174814133640553
4,0,210,2.595710485714286,2.189808855216361,5040,2.5219039410714283,1.7978716380864177,month_hour,2.595710485714286
4,1,210,2.6600666999999993,2.1047196509031156,5040,2.5219039410714283,1.7978716380864177,month_hour,2.6600666999999993
4,2,210,2.738484852380953,2.150041863537927,5040,2.5219039410714283,1.7978716380864177,month_hour,2.738484852380953
4,3,210,2.783369723809524,2.2138246655667495,5040,2.5219039410714283,1.7978716380864177,month_hour,2.783369723809524
4,4,210,2.7714152857142857,2.2112834370209686,5040,2.5219039410714283,1.7978716380864177,month_hour,2.7714152857142857
4,5,210,2.3000814047619045,2.0307907418264772,5040,2.5219039410714283,1.7978716380864177,month_hour,2.3000814047619045
4,6,210,2.4230505904761905,2.142251101728645,5040,2.5219039410714283,1.7978716380864177,month_hour,2.4230505904761905
4,7,210,3.227001366666667,2.274133231526031,5040,2.5219039410714283,1.7978716380864177,month_hour,3.227001366666667
4,8,210,3.3444501761904766,2.5653672924296984,5040,2.5219039410714283,1.7978716380864177,month_hour,3.3444501761904766
4,9,210,3.401170861904762,2.5127827849087496,5040,2.5219039410714283,1.7978716380864177,month_hour,3.401170861904762
4,10,210,2.9395382095238096,2.56802681752877,5040,2.5219039410714283,1.7978716380864177,month_hour,2.9395382095238096
4,11,210,2.429819952380952,2.423868613883932,5040,2.5219039410714283,1.7978716380864177,month_hour,2.429819952380952
4,12,210,1.856564452380953,2.5826801954276477,5040,2.5219039410714283,1.7978716380864177,month_hour,1.856564452380953
4,13,210,1.6386165476190484,2.3735515925044464,5040,2.5219039410714283,1.7978716380864177,month_hour,1.6386165476190484
4,14,210,1.3360082095238097,2.719937710467192,5040,2.5219039410714283,1.7978716380864177,month_hour,1.3360082095238097
4,15,210,1.2601689380952386,2.45546636630094,5040,2.5219039410714283,1.7978716380864177,month_hour,1.2601689380952386
4,16,210,1.227365814285714,2.4142073689110135,5040,2.5219039410714283,1.7978716380864177,month_hour,1.227365814285714
4,17,210,1.5255979666666666,1.7655823431491653,5040,2.5219039410714283,1.7978716380864177,month_hour,1.5255979666666666
4,18,210,1.616492061904762,1.5918665605291904,5040,2.5219039410714283,1.7978716380864177,month_hour,1.616492061904762
4,19,210,2.6710921333333335,2.4559195371954528,5040,2.5219039410714283,1.7978716380864177,month_hour,2.6710921333333335
4,20,210,4.278711752380953,3.259670790387751,5040,2.5219039410714283,1.7978716380864177,month_hour,4.278711752380953
4,21,210,3.6687764428571428,2.969838003520467,5040,2.5219039410714283,1.7978716380864177,month_hour,3.6687764428571428
4,22,210,3.148957952380952,2.608577306083418,5040,2.5219039410714283,1.7978716380864177,month_hour,3.148957952380952
4,23,210,2.6831827047619052,2.420403956141294,5040,2.5219039410714283,1.7978716380864177,month_hour,2.6831827047619052
5,0,215,1.2275109162790694,2.755153068847634,5160,1.2730542910852714,1.7978716380864177,month_hour,1.2275109162790694
5,1,215,1.3313687627906978,2.485874522149108,5160,1.2730542910852714,1.7978716380864177,month_hour,1.3313687627906978
5,2,215,1.5582698000000004,2.3639903668829993,5160,1.2730542910852714,1.7978716380864177,month_hour,1.5582698000000004
5,3,215,1.6474445860465121,2.2127070144054586,5160,1.2730542910852714,1.7978716380864177,month_hour,1.6474445860465121
5,4,215,1.704945004651163,2.266061607589434,5160,1.2730542910852714,1.7978716380864177,month_hour,1.704945004651163
5,5,215,1.0838042604651166,2.1894293579479167,5160,1.2730542910852714,1.7978716380864177,month_hour,1.0838042604651166
5,6,215,1.7860900418604646,2.0047275898207513,5160,1.2730542910852714,1.7978716380864177,month_hour,1.7860900418604646
5,7,215,2.3856749860465114,2.0145052395145844,5160,1.2730542910852714,1.7978716380864177,month_hour,2.3856749860465114
5,8,215,2.800519162790698,2.440561019585361,5160,1.2730542910852714,1.7978716380864177,month_hour,2.800519162790698
5,9,215,2.7801270930232556,2.3707465201784306,5160,1.2730542910852714,1.7978716380864177,month_hour,2.7801270930232556
5,10,215,2.1129471302325578,2.6330155359761354,5160,1.2730542910852714,1.7978716380864177,month_hour,2.1129471302325578
5,11,215,1.6915357162790698,2.300547612777976,5160,1.2730542910852714,1.7978716380864177,month_hour,1.6915357162790698
5,12,215,0.8952165069767447,2.372915403241874,5160,1.2730542910852714,1.7978716380864177,month_hour,0.8952165069767447
5,13,215,0.2673345209302317,2.3149147667212024,5160,1.2730542910852714,1.7978716380864177,month_hour,0.2673345209302317
5,14,215,-0.2567377348837214,2.4641475654685343,5160,1.2730542910852714,1.7978716380864177,month_hour,-0.2567377348837214
5,15,215,-0.5784062372093021,2.4420926252092916,5160,1.2730542910852714,1.7978716380864177,month_hour,-0.5784062372093021
5,16,215,-0.5300173488372096,2.4609529759769386,5160,1.2730542910852714,1.7978716380864177,month_hour,-0.5300173488372096
5,17,215,0.4012720604651167,2.0097102577583126,5160,1.2730542910852714,1.7978716380864177,month_hour,0.4012720604651167
5,18,215,0.6205156604651159,1.8103407093311363,5160,1.2730542910852714,1.7978716380864177,month_hour,0.6205156604651159
5,19,215,0.7191371162790698,2.226838889745737,5160,1.2730542910852714,1.7978716380864177,month_hour,0.7191371162790698
5,20,215,1.798341176744186,3.1662028984538666,5160,1.2730542910852714,1.7978716380864177,month_hour,1.798341176744186
5,21,215,2.033580158139535,3.346762630809883,5160,1.2730542910852714,1.7978716380864177,month_hour,2.033580158139535
5,22,215,1.7323106139534883,3.237914792053518,5160,1.2730542910852714,1.7978716380864177,month_hour,1.7323106139534883
5,23,215,1.3405190325581398,3.08654427471526,5160,1.2730542910852714,1.7978716380864177,month_hour,1.3405190325581398
6,0,180,1.8054260944444447,2.684031614344962,4320,1.262967692361111,1.7978716380864177,month_hour,1.8054260944444447
6,1,180,1.6550848888888892,2.4547747483594127,4320,1.262967692361111,1.7978716380864177,month_hour,1.6550848888888892
6,2,180,1.6615082833333334,2.325220533405662,4320,1.262967692361111,1.7978716380864177,month_hour,1.6615082833333334
6,3,180,1.8478168722222221,2.346548042967979,4320,1.262967692361111,1.7978716380864177,month_hour,1.8478168722222221
6,4,180,1.9498335666666669,2.339786166071165,4320,1.262967692361111,1.7978716380864177,month_hour,1.9498335666666669
6,5,180,1.2822984833333337,2.2037067204034746,4320,1.262967692361111,1.7978716380864177,month_hour,1.2822984833333337
6,6,180,2.119044316666667,2.033807326567703,4320,1.262967692361111,1.7978716380864177,month_hour,2.119044316666667
6,7,180,2.855425844444445,2.1897842866190675,4320,1.262967692361111,1.7978716380864177,month_hour,2.855425844444445
6,8,180,3.4009203,2.532158190556668,4320,1.262967692361111,1.7978716380864177,month_hour,3.4009203
6,9,180,3.3482335999999995,2.6273236926476913,4320,1.262967692361111,1.7978716380864177,month_hour,3.3482335999999995
6,10,180,2.444590838888889,2.8291645441475084,4320,1.262967692361111,1.7978716380864177,month_hour,2.444590838888889
6,11,180,1.7254701500000005,2.4509956965698367,4320,1.262967692361111,1.7978716380864177,month_hour,1.7254701500000005
6,12,180,0.48825277222222196,2.454517889172957,4320,1.262967692361111,1.7978716380864177,month_hour,0.48825277222222196
6,13,180,-0.24215429444444428,2.1270717083292072,4320,1.262967692361111,1.7978716380864177,month_hour,-0.24215429444444428
6,14,180,-0.9341455111111105,2.2078546214896644,4320,1.262967692361111,1.7978716380864177,month_hour,-0.9341455111111105
6,15,180,-1.1989564222222222,2.161096337429543,4320,1.262967692361111,1.7978716380864177,month_hour,-1.1989564222222222
6,16,180,-1.2162405111111108,2.287000051722344,4320,1.262967692361111,1.7978716380864177,month_hour,-1.2162405111111108
6,17,180,-0.3259255166666663,1.82798602122199,4320,1.262967692361111,1.7978716380864177,month_hour,-0.3259255166666663
6,18,180,0.1649037833333335,1.59106095186661,4320,1.262967692361111,1.7978716380864177,month_hour,0.1649037833333335
6,19,180,0.31244225555555527,2.0059317397047876,4320,1.262967692361111,1.7978716380864177,month_hour,0.31244225555555527
6,20,180,1.0395300333333335,2.9002242124893223,4320,1.262967692361111,1.7978716380864177,month_hour,1.0395300333333335
6,21,180,2.2433444499999995,3.284818120899284,4320,1.262967692361111,1.7978716380864177,month_hour,2.2433444499999995
6,22,180,2.0960538611111112,2.978416057276822,4320,1.262967692361111,1.7978716380864177,month_hour,2.0960538611111112
6,23,180,1.7884664777777772,2.7822858287163332,4320,1.262967692361111,1.7978716380864177,month_hour,1.7884664777777772
7,0,185,2.7608102864864867,2.5414145228957,4441,1.8003925368160325,1.7978716380864177,month_hour,2.7608102864864867
7,1,185,2.7142722270270268,2.3527957797012466,4441,1.8003925368160325,1.7978716380864177,month_hour,2.7142722270270268
7,2,185,2.802313032432433,2.1783168578236793,4441,1.8003925368160325,1.7978716380864177,month_hour,2.802313032432433
7,3,185,2.929641362162162,2.0507403860323086,4441,1.8003925368160325,1.7978716380864177,month_hour,2.929641362162162
7,4,185,2.8993402864864866,2.0195507973269864,4441,1.8003925368160325,1.7978716380864177,month_hour,2.8993402864864866
7,5,185,2.1805827837837835,1.9331899576845655,4441,1.8003925368160325,1.7978716380864177,month_hour,2.1805827837837835
7,6,185,2.868617572972973,1.8381240410308557,4441,1.8003925368160325,1.7978716380864177,month_hour,2.868617572972973
7,7,185,3.7397305513513515,1.880281389568304,4441,1.8003925368160325,1.7978716380864177,month_hour,3.7397305513513515
7,8,185,4.680932816216217,2.049070807127088,4441,1.8003925368160325,1.7978716380864177,month_hour,4.680932816216217
7,9,185,4.454676691891891,2.2846393929266178,4441,1.8003925368160325,1.7978716380864177,month_hour,4.454676691891891
7,10,185,3.4296238702702695,2.4126249627119924,4441,1.8003925368160325,1.7978716380864177,month_hour,3.4296238702702695
7,11,186,2.2576484193548394,2.499687366118096,4441,1.8003925368160325,1.7978716380864177,month_hour,2.2576484193548394
7,12,185,0.8181770918918915,2.4714312261835794,4441,1.8003925368160325,1.7978716380864177,month_hour,0.8181770918918915
7,13,185,0.0349168540540544,1.9111359367610992,4441,1.8003925368160325,1.7978716380864177,month_hour,0.0349168540540544
7,14,185,-0.9352945729729726,2.0146331104451525,4441,1.8003925368160325,1.7978716380864177,month_hour,-0.9352945729729726
7,15,185,-1.2852863837837842,1.814312268009451,4441,1.8003925368160325,1.7978716380864177,month_hour,-1.2852863837837842
7,16,185,-1.25915945945946,1.5726109830236636,4441,1.8003925368160325,1.7978716380864177,month_hour,-1.25915945945946
7,17,185,-0.5399615945945951,1.4285520204476672,4441,1.8003925368160325,1.7978716380864177,month_hour,-0.5399615945945951
7,18,185,-0.003939599999999912,1.1688194655266915,4441,1.8003925368160325,1.7978716380864177,month_hour,-0.003939599999999912
7,19,185,0.233546832432432,1.4785745774885544,4441,1.8003925368160325,1.7978716380864177,month_hour,0.233546832432432
7,20,185,1.2489562324324324,2.585808901899757,4441,1.8003925368160325,1.7978716380864177,month_hour,1.2489562324324324
7,21,185,2.1742177297297296,2.4970793435159147,4441,1.8003925368160325,1.7978716380864177,month_hour,2.1742177297297296
7,22,185,2.398463643243243,2.519630071985568,4441,1.8003925368160325,1.7978716380864177,month_hour,2.398463643243243
7,23,185,2.604122556756757,2.5511605684568357,4441,1.8003925368160325,1.7978716380864177,month_hour,2.604122556756757
8,0,186,1.4778341182795707,2.786586126101709,4464,0.7735371243279573,1.7978716380864177,month_hour,1.4778341182795707
8,1,186,1.6188664516129037,2.564701456358837,4464,0.7735371243279573,1.7978716380864177,month_hour,1.6188664516129037
8,2,186,1.773885048387097,2.3141580080649873,4464,0.7735371243279573,1.7978716380864177,month_hour,1.773885048387097
8,3,186,1.8596223440860218,2.2218994849276053,4464,0.7735371243279573,1.7978716380864177,month_hour,1.8596223440860218
8,4,186,1.949182849462366,2.2958140056471334,4464,0.7735371243279573,1.7978716380864177,month_hour,1.949182849462366
8,5,186,1.4696650161290328,1.9419009393930482,4464,0.7735371243279573,1.7978716380864177,month_hour,1.4696650161290328
8,6,186,2.1289474999999998,1.823260395642162,4464,0.7735371243279573,1.7978716380864177,month_hour,2.1289474999999998
8,7,186,3.1971303387096777,1.7755370710452743,4464,0.7735371243279573,1.7978716380864177,month_hour,3.1971303387096777
8,8,186,3.719995059139785,2.498557981552032,4464,0.7735371243279573,1.7978716380864177,month_hour,3.719995059139785
8,9,186,3.450179172043011,2.8417041042072286,4464,0.7735371243279573,1.7978716380864177,month_hour,3.450179172043011
8,10,186,2.30752361827957,3.343488193540954,4464,0.7735371243279573,1.7978716380864177,month_hour,2.30752361827957
8,11,186,1.2804868064516126,3.036803257495476,4464,0.7735371243279573,1.7978716380864177,month_hour,1.2804868064516126
8,12,186,-0.2490084086021499,3.2706394208127096,4464,0.7735371243279573,1.7978716380864177,month_hour,-0.2490084086021499
8,13,186,-1.2990482634408602,2.8064177708512843,4464,0.7735371243279573,1.7978716380864177,month_hour,-1.2990482634408602
8,14,186,-2.1645600645161287,2.9995621518688598,4464,0.7735371243279573,1.7978716380864177,month_hour,-2.1645600645161287
8,15,186,-2.4731441236559135,2.9830634375013703,4464,0.7735371243279573,1.7978716380864177,month_hour,-2.4731441236559135
8,16,186,-2.3802470752688176,2.8351673558972346,4464,0.7735371243279573,1.7978716380864177,month_hour,-2.3802470752688176
8,17,186,-1.1702410752688164,1.8370879038635455,4464,0.7735371243279573,1.7978716380864177,month_hour,-1.1702410752688164
8,18,186,-0.9322695161290325,2.0004048004574093,4464,0.7735371243279573,1.7978716380864177,month_hour,-0.9322695161290325
8,19,186,-0.8965054892473115,2.2783716321137337,4464,0.7735371243279573,1.7978716380864177,month_hour,-0.8965054892473115
8,20,186,0.560971247311828,2.9467575671607853,4464,0.7735371243279573,1.7978716380864177,month_hour,0.560971247311828
8,21,186,0.9448799086021514,2.9756304201004267,4464,0.7735371243279573,1.7978716380864177,month_hour,0.9448799086021514
8,22,186,1.060660220430108,2.9628532466278528,4464,0.7735371243279573,1.7978716380864177,month_hour,1.060660220430108
8,23,186,1.3300853010752693,2.982474683938981,4464,0.7735371243279573,1.7978716380864177,month_hour,1.3300853010752693
9,0,180,0.7573534888888883,2.384760703286695,4320,0.4285235523148147,1.7978716380864177,month_hour,0.7573534888888883
9,1,180,0.9083778444444441,2.2791771709124506,4320,0.4285235523148147,1.7978716380864177,month_hour,0.9083778444444441
9,2,180,1.2103605166666667,2.1091608005081106,4320,0.4285235523148147,1.7978716380864177,month_hour,1.2103605166666667
9,3,180,1.3068570333333334,2.0891778796944434,4320,0.4285235523148147,1.7978716380864177,month_hour,1.3068570333333334
9,4,180,1.3413312444444447,2.005892416081565,4320,0.4285235523148147,1.7978716380864177,month_hour,1.3413312444444447
9,5,180,1.053467388888889,1.7555685937154168,4320,0.4285235523148147,1.7978716380864177,month_hour,1.053467388888889
9,6,180,1.6438473388888888,1.884850055554411,4320,0.4285235523148147,1.7978716380864177,month_hour,1.6438473388888888
9,7,180,2.4782183444444446,2.028440400657193,4320,0.4285235523148147,1.7978716380864177,month_hour,2.4782183444444446
9,8,180,2.661474461111111,2.226566571511269,4320,0.4285235523148147,1.7978716380864177,month_hour,2.661474461111111
9,9,180,2.604594072222222,2.544546464949393,4320,0.4285235523148147,1.7978716380864177,month_hour,2.604594072222222
9,10,180,1.6328404,2.9695889019617643,4320,0.4285235523148147,1.7978716380864177,month_hour,1.6328404
9,11,180,0.8160537833333327,2.8891462435658943,4320,0.4285235523148147,1.7978716380864177,month_hour,0.8160537833333327
9,12,180,-0.41931749444444477,2.8671960377395656,4320,0.4285235523148147,1.7978716380864177,month_hour,-0.41931749444444477
9,13,180,-1.1760520111111115,2.7067868143027756,4320,0.4285235523148147,1.7978716380864177,month_hour,-1.1760520111111115
9,14,180,-1.9928021666666669,2.6633353271222497,4320,0.4285235523148147,1.7978716380864177,month_hour,-1.9928021666666669
9,15,180,-2.3370865333333333,2.5632749993422146,4320,0.4285235523148147,1.7978716380864177,month_hour,-2.3370865333333333
9,16,180,-2.349007055555556,2.4983599536049006,4320,0.4285235523148147,1.7978716380864177,month_hour,-2.349007055555556
9,17,180,-1.1644956388888887,1.9696522235174956,4320,0.4285235523148147,1.7978716380864177,month_hour,-1.1644956388888887
9,18,180,-0.9198429777777777,1.8718061479511525,4320,0.4285235523148147,1.7978716380864177,month_hour,-0.9198429777777777
9,19,180,0.2191286222222221,2.7406487922545986,4320,0.4285235523148147,1.7978716380864177,month_hour,0.2191286222222221
9,20,180,0.5064441444444439,3.326487136867203,4320,0.4285235523148147,1.7978716380864177,month_hour,0.5064441444444439
9,21,180,0.3254914166666665,3.1098969956163334,4320,0.4285235523148147,1.7978716380864177,month_hour,0.3254914166666665
9,22,180,0.5085148333333336,2.7184709711615143,4320,0.4285235523148147,1.7978716380864177,month_hour,0.5085148333333336
9,23,180,0.6688141999999999,2.4309380903482793,4320,0.4285235523148147,1.7978716380864177,month_hour,0.6688141999999999
10,0,186,1.4118853494623658,1.9474740408332054,4464,1.2070526476254482,1.7978716380864177,month_hour,1.4118853494623658
10,1,186,1.307056241935484,2.042675817189269,4464,1.2070526476254482,1.7978716380864177,month_hour,1.307056241935484
10,2,186,1.2078053010752696,2.2037076671508804,4464,1.2070526476254482,1.7978716380864177,month_hour,1.2078053010752696
10,3,186,1.2484982580645159,2.3619988045724343,4464,1.2070526476254482,1.7978716380864177,month_hour,1.2484982580645159
10,4,186,1.0713001451612902,2.3844937523841283,4464,1.2070526476254482,1.7978716380864177,month_hour,1.0713001451612902
10,5,186,0.9343199677419353,2.0949968157908483,4464,1.2070526476254482,1.7978716380864177,month_hour,0.9343199677419353
10,6,186,1.9357069139784948,2.2843310832411627,4464,1.2070526476254482,1.7978716380864177,month_hour,1.9357069139784948
10,7,186,2.291342462365592,2.4258042738175267,4464,1.2070526476254482,1.7978716380864177,month_hour,2.291342462365592
10,8,186,3.188628924731183,2.265128769767874,4464,1.2070526476254482,1.7978716380864177,month_hour,3.188628924731183
10,9,186,3.1269614032258066,2.370042099056377,4464,1.2070526476254482,1.7978716380864177,month_hour,3.1269614032258066
10,10,186,2.5549299946236563,2.4118637165333223,4464,1.2070526476254482,1.7978716380864177,month_hour,2.5549299946236563
10,11,186,1.845349596774194,2.2511757959340297,4464,1.2070526476254482,1.7978716380864177,month_hour,1.845349596774194
10,12,186,0.9610235483870965,2.19121476232812,4464,1.2070526476254482,1.7978716380864177,month_hour,0.9610235483870965
10,13,186,0.5028068225806451,2.0700258346196487,4464,1.2070526476254482,1.7978716380864177,month_hour,0.5028068225806451
10,14,186,-0.0018587096774192785,2.1610325815623,4464,1.2070526476254482,1.7978716380864177,month_hour,-0.0018587096774192785
10,15,186,-0.3084217204301075,2.2491340582561627,4464,1.2070526476254482,1.7978716380864177,month_hour,-0.3084217204301075
10,16,186,-0.4197167473118283,2.372795962710115,4464,1.2070526476254482,1.7978716380864177,month_hour,-0.4197167473118283
10,17,186,-0.041439661290322276,1.7517053029174734,4464,1.2070526476254482,1.7978716380864177,month_hour,-0.041439661290322276
10,18,186,1.180023446236559,2.32228704440878,4464,1.2070526476254482,1.7978716380864177,month_hour,1.180023446236559
10,19,186,1.5830842849462363,3.025256708907837,4464,1.2070526476254482,1.7978716380864177,month_hour,1.5830842849462363
10,20,186,0.9205339139784947,2.693463753853624,4464,1.2070526476254482,1.7978716380864177,month_hour,0.9205339139784947
10,21,186,0.5144859838709679,2.191821591655216,4464,1.2070526476254482,1.7978716380864177,month_hour,0.5144859838709679
10,22,186,0.8161765860215058,2.079091890461784,4464,1.2070526476254482,1.7978716380864177,month_hour,0.8161765860215058
10,23,186,1.13878123655914,2.0810115670369993,4464,1.2070526476254482,1.7978716380864177,month_hour,1.13878123655914
11,0,180,1.5926080444444444,2.3443756120245736,4314,1.8643443122392211,1.7978716380864177,month_hour,1.5926080444444444
11,1,174,1.5746633160919539,2.471214428174482,4314,1.8643443122392211,1.7978716380864177,month_hour,1.5746633160919539
11,2,180,1.6241251388888893,2.359587030186924,4314,1.8643443122392211,1.7978716380864177,month_hour,1.6241251388888893
11,3,180,1.5628448166666666,2.455566274591369,4314,1.8643443122392211,1.7978716380864177,month_hour,1.5628448166666666
11,4,180,1.5122293,2.459324924402174,4314,1.8643443122392211,1.7978716380864177,month_hour,1.5122293
11,5,180,1.6049567833333334,2.4119932349160558,4314,1.8643443122392211,1.7978716380864177,month_hour,1.6049567833333334
11,6,180,2.1016128888888894,2.3288572759210115,4314,1.8643443122392211,1.7978716380864177,month_hour,2.1016128888888894
11,7,180,2.018682633333333,2.2916325108214464,4314,1.8643443122392211,1.7978716380864177,month_hour,2.018682633333333
11,8,180,2.7531775833333327,2.376971839488017,4314,1.8643443122392211,1.7978716380864177,month_hour,2.7531775833333327
11,9,180,3.335408827777778,1.936198417777302,4314,1.8643443122392211,1.7978716380864177,month_hour,3.335408827777778
11,10,180,3.4012368055555555,2.1577962086394207,4314,1.8643443122392211,1.7978716380864177,month_hour,3.4012368055555555
11,11,180,2.7917271444444443,2.156897501931421,4314,1.8643443122392211,1.7978716380864177,month_hour,2.7917271444444443
11,12,180,1.8894503722222222,2.2407403762757108,4314,1.8643443122392211,1.7978716380864177,month_hour,1.8894503722222222
11,13,180,1.2261628444444441,2.285014279135348,4314,1.8643443122392211,1.7978716380864177,month_hour,1.2261628444444441
11,14,180,0.7552821888888884,2.298300104131931,4314,1.8643443122392211,1.7978716380864177,month_hour,0.7552821888888884
11,15,180,0.5998564277777775,2.169106732553434,4314,1.8643443122392211,1.7978716380864177,month_hour,0.5998564277777775
11,16,180,0.5582389055555559,2.076977235921996,4314,1.8643443122392211,1.7978716380864177,month_hour,0.5582389055555559
11,17,180,1.0930874611111114,1.9065217566770019,4314,1.8643443122392211,1.7978716380864177,month_hour,1.0930874611111114
11,18,180,2.5048098388888884,2.550653470507949,4314,1.8643443122392211,1.7978716380864177,month_hour,2.5048098388888884
11,19,180,2.565419666666667,2.450007795543192,4314,1.8643443122392211,1.7978716380864177,month_hour,2.565419666666667
11,20,180,2.2116617166666668,2.417019673344514,4314,1.8643443122392211,1.7978716380864177,month_hour,2.2116617166666668
11,21,180,1.8525902722222223,2.281934864135055,4314,1.8643443122392211,1.7978716380864177,month_hour,1.8525902722222223
11,22,180,1.8553098777777781,2.202070456853616,4314,1.8643443122392211,1.7978716380864177,month_hour,1.8553098777777781
11,23,180,1.7494646055555556,2.2791641430414797,4314,1.8643443122392211,1.7978716380864177,month_hour,1.7494646055555556
12,0,186,2.0606948440860213,2.076630212636555,4464,2.035449350358423,1.7978716380864177,month_hour,2.0606948440860213
12,1,186,2.0440759408602154,1.9612720078245145,4464,2.035449350358423,1.7978716380864177,month_hour,2.0440759408602154
12,2,186,2.234427924731183,2.221602229001103,4464,2.035449350358423,1.7978716380864177,month_hour,2.234427924731183
12,3,186,2.1771030107526874,2.2593744858885,4464,2.035449350358423,1.7978716380864177,month_hour,2.1771030107526874
12,4,186,2.23805488172043,2.2681035208489986,4464,2.035449350358423,1.7978716380864177,month_hour,2.23805488172043
12,5,186,2.1944848279569893,2.1513307567331648,4464,2.035449350358423,1.7978716380864177,month_hour,2.1944848279569893
12,6,186,2.371593543010753,2.0747297872507984,4464,2.035449350358423,1.7978716380864177,month_hour,2.371593543010753
12,7,186,2.307931010752688,2.2747060217531363,4464,2.035449350358423,1.7978716380864177,month_hour,2.307931010752688
12,8,186,2.574451182795699,2.255351559093692,4464,2.035449350358423,1.7978716380864177,month_hour,2.574451182795699
12,9,186,3.232590650537635,2.1848369405443067,4464,2.035449350358423,1.7978716380864177,month_hour,3.232590650537635
12,10,186,3.1426074086021507,2.440451709148269,4464,2.035449350358423,1.7978716380864177,month_hour,3.1426074086021507
12,11,186,2.719528161290323,2.6357576026482055,4464,2.035449350358423,1.7978716380864177,month_hour,2.719528161290323
12,12,186,2.0672430860215054,2.6759854823792457,4464,2.035449350358423,1.7978716380864177,month_hour,2.0672430860215054
12,13,186,1.3821530376344087,2.7109633588789133,4464,2.035449350358423,1.7978716380864177,month_hour,1.3821530376344087
12,14,186,0.8382121290322576,2.721744762655766,4464,2.035449350358423,1.7978716380864177,month_hour,0.8382121290322576
12,15,186,0.43619613440860205,2.7493928706295745,4464,2.035449350358423,1.7978716380864177,month_hour,0.43619613440860205
12,16,186,0.25131162365591364,2.769211401506924,4464,2.035449350358423,1.7978716380864177,month_hour,0.25131162365591364
12,17,186,0.9879634784946236,2.1817006719411824,4464,2.035449350358423,1.7978716380864177,month_hour,0.9879634784946236
12,18,186,2.1828359247311826,2.0215569076098494,4464,2.035449350358423,1.7978716380864177,month_hour,2.1828359247311826
12,19,186,2.34468888172043,2.00473157775895,4464,2.035449350358423,1.7978716380864177,month_hour,2.34468888172043
12,20,186,2.340767370967742,2.001335622862356,4464,2.035449350358423,1.7978716380864177,month_hour,2.340767370967742
12,21,186,2.2870029946236556,1.8592619032288906,4464,2.035449350358423,1.7978716380864177,month_hour,2.2870029946236556
12,22,186,2.2227155537634404,2.0681468265782965,4464,2.035449350358423,1.7978716380864177,month_hour,2.2227155537634404
12,23,186,2.212150806451613,2.1144074723124078,4464,2.035449350358423,1.7978716380864177,month_hour,2.212150806451613
