Month,Hour,TempBand,CloudBand,N,Actual_Mean_MWH,Raw_Mean_MWH,Raw_Bias_MWH,Raw_MAE_MWH,Raw_Overforecast_MWH,Final_Bias_MWH,Final_MAE_MWH,Final_Overforecast_MWH,Final_Delta_From_Raw_MWH,XGB_Bias_MWH,XGB_MAE_MWH,LGB_Bias_MWH,LGB_MAE_MWH,CatBoost_Bias_MWH,CatBoost_MAE_MWH,Tree_Component_Spread_MWH,Max_Raw_Overforecast_MWH,Max_Final_Overforecast_MWH,Baseline_SameHourYesterday_MAE_MWH,Baseline_SameHourYesterday_Bias_MWH,Baseline_SameHour7DaysAgo_MAE_MWH,Baseline_SameHour7DaysAgo_Bias_MWH,Baseline_Rolling7DaySameHourAvg_MAE_MWH,Baseline_Rolling7DaySameHourAvg_Bias_MWH
6,14,95-100,clear<=0.2,2,227.75587050000001,247.48679459741624,-19.73092409741622,19.73092409741622,19.73092409741622,-8.559176956060327,8.559176956060327,8.559176956060327,-11.171747141355894,-18.020534834472656,18.020534834472656,-20.334942501003752,20.334942501003752,-19.270434966905285,19.270434966905285,2.503044193435528,20.1069299898424,9.396251634384555,25.339833499999997,-5.584141499999987,91.0205705,91.0205705,38.19436478571433,38.19436478571433
6,16,95-100,clear<=0.2,2,255.6503745,273.82563197774766,-18.17525747774765,18.17525747774765,18.17525747774765,-12.647153325988995,12.647153325988995,12.647153325988995,-5.528104151758654,-18.330338390624988,18.330338390624988,-18.682820801761565,18.682820801761565,-17.333349136332217,17.333349136332217,4.092352940383648,23.52220879294063,17.310747491602513,30.243983499999985,10.62824150000003,50.430800000000005,48.26327500000002,29.324589071428562,29.324589071428562
6,13,95-100,clear<=0.2,2,206.342858,224.11495883347465,-17.772100833474653,17.772100833474653,17.772100833474653,-6.971496141755921,6.971496141755921,6.971496141755921,-10.800604691718732,-17.918929414550774,17.918929414550774,-17.969625192929783,17.969625192929783,-17.41975438830913,17.41975438830913,1.257519500262518,18.87458340049679,7.325292627836006,26.98342050000001,-6.835112499999994,77.52054600000001,77.52054600000001,32.709772,32.709772
6,14,90-95,clear<=0.2,12,192.66120891666665,208.55993853877695,-15.898729622110297,15.898729622110297,15.898729622110297,-6.081278364304798,6.500977058158483,6.291127711231641,-9.8174512578055,-16.114345740315763,16.114345740315763,-16.85685417501048,16.85685417501048,-14.331500719494178,14.331500719494178,3.0824042068702298,21.74154563622588,10.96968674478316,21.386794416666664,6.968952750000002,39.346875,11.365489000000002,28.430846630952384,13.490503654761904
6,15,90-95,clear<=0.2,11,213.2574270909091,228.8539693937164,-15.596542302807315,15.596542302807315,15.596542302807315,-5.719871209605199,6.307425977963047,6.013648593784123,-9.876671093202116,-15.318384121803975,15.318384121803975,-16.68536344201324,16.68536344201324,-13.965011421484625,13.965011421484625,3.2704243252843317,22.24654153765178,10.498145097958457,23.80860154545455,9.734216636363628,45.737824,14.092224363636358,31.99107380519481,21.75022772727272
6,13,90-95,clear<=0.2,12,173.88397208333333,188.98503048433236,-15.10105840099901,15.10105840099901,15.10105840099901,-5.5074829216829615,5.5074829216829615,5.5074829216829615,-9.59357547931605,-15.347824181315097,15.347824181315097,-15.435490810087366,15.435490810087366,-14.505017249484128,14.505017249484128,1.3752364592812778,21.01634238753641,10.215345441782858,19.238686166666664,6.590082000000002,32.84534583333333,7.794732166666667,24.359428892857135,10.16364913095238
6,15,85-90,clear<=0.2,3,161.57681366666665,176.36946267897474,-14.792649012308098,14.792649012308098,14.792649012308098,-7.107388750013873,7.107388750013873,7.107388750013873,-7.685260262294226,-14.607014051432296,14.607014051432296,-15.147730559186735,15.147730559186735,-14.287702284606155,14.287702284606155,1.2279030429247466,21.434428626585913,12.72462652176921,36.87992533333334,-23.91839733333333,52.39454700000001,-38.54008633333334,47.03288652380954,-47.03288652380954
6,16,90-95,clear<=0.2,10,234.4966665,248.7545840064629,-14.257917506462908,14.257917506462908,14.257917506462908,-10.140133171782944,10.339031123702844,10.239582147742894,-4.117784334679965,-13.54523718652344,13.54523718652344,-15.055803493812999,15.055803493812999,-13.207719617752593,13.30285964054753,3.1193106380310835,22.154893236102225,15.706900579462001,20.5327727,6.385942500000004,50.4086707,21.664544299999996,35.58877259999999,25.631243514285707
6,16,85-90,clear<=0.2,5,184.5982196,198.36939028200075,-13.77117068200074,13.77117068200074,13.77117068200074,-7.558466713527531,7.558466713527531,7.558466713527531,-6.2127039684732095,-13.885499272070314,13.885499272070314,-14.191542474582041,14.191542474582041,-13.07792112506732,13.07792112506732,1.7375651387785354,21.93100947205096,15.592378068244358,31.344074999999997,-20.03473180000001,47.43761500000001,-37.421101799999995,52.39520922857143,-52.39520922857143
6,17,85-90,clear<=0.2,3,192.443683,205.5321513862366,-13.08846838623659,13.08846838623659,13.08846838623659,-7.398494570919117,7.398494570919117,7.398494570919117,-5.689973815317472,-14.031017927734354,14.031017927734354,-13.61562067263146,13.61562067263146,-11.990786352902356,11.990786352902356,2.5044187580159587,19.588536851553187,13.660310622245902,38.92237766666667,-18.22690566666667,55.057950000000005,-37.800822000000004,47.4432031904762,-47.4432031904762
6,14,85-90,clear<=0.2,4,154.7912645,167.7258814278229,-12.934616927822915,12.934616927822915,12.934616927822915,-4.2953075780945085,4.2953075780945085,4.2953075780945085,-8.639309349728407,-13.249651942871083,13.249651942871083,-13.429931412671749,13.429931412671749,-12.066255590189549,12.066255590189549,3.43840007242256,21.09133612071716,8.124179538816747,30.454735499999984,-23.74300600000001,50.83848725,-42.966862250000005,46.286633214285715,-46.286633214285715
6,17,90-95,clear<=0.2,10,248.27249390000003,260.7952623051301,-12.522768405130089,12.522768405130089,12.522768405130089,-8.189076498697508,8.189076498697508,8.189076498697508,-4.33369190643258,-10.657265316308592,10.89756427802734,-12.840795606304237,12.840795606304237,-12.556012257233913,12.556012257233913,3.268134697869513,21.357463376642016,15.794351347580374,19.3818717,6.3691001,52.4937592,26.297270799999996,35.81677854285714,27.706912828571422
6,17,95-100,clear<=0.2,3,278.3866553333333,289.64583894352614,-11.259183610192812,11.259183610192812,11.259183610192812,-5.483778920444915,5.483778920444915,5.483778920444915,-5.775404689747897,-11.218131857421875,11.218131857421875,-11.207811543782762,11.207811543782762,-11.351640215343062,11.351640215343062,2.606714749960664,15.1147230304191,8.663180222498738,21.252950000000016,10.620316666666668,68.926039,68.16807233333333,32.3785834285714,32.3785834285714
6,18,90-95,clear<=0.2,9,249.66295266666668,259.3256237396477,-9.662671072981047,9.662671072981047,9.662671072981047,-5.734149150266152,6.1723097495598624,5.953229449913007,-3.9285219227148946,-9.250769053710927,9.549707298936628,-9.810771019739285,9.810771019739285,-9.547628876438093,9.547628876438093,2.9701148018659405,18.561713076743274,12.572688303599989,18.31642033333334,9.354372333333332,51.28213611111112,24.50620855555556,37.84106820634921,32.753510936507936
6,13,85-90,clear<=0.2,3,132.82463033333332,141.91384633296204,-9.089215999628692,9.089215999628692,9.089215999628692,-1.7968759200556121,1.7968759200556121,1.7968759200556121,-7.29234007957308,-9.125519202799486,9.125519202799486,-9.578568890301531,9.578568890301531,-8.30986054195112,8.30986054195112,1.2687083483504107,9.51698065796137,2.3776705636115025,7.083941666666661,-0.34025833333334293,40.00633300000001,-40.00633300000001,39.34036066666667,-39.34036066666667
6,18,95-100,clear<=0.2,3,280.56574666666666,287.9323442815152,-7.366597614848558,7.366597614848558,7.366597614848558,-2.9423814650282147,2.9423814650282147,2.9423814650282147,-4.424216149820343,-8.958647050781224,8.958647050781224,-8.783262285811796,8.783262285811796,-4.685539007354066,5.069510306425495,5.8875203743502125,10.971770036144846,5.579875935319194,19.22231133333334,8.033672000000005,67.94146133333335,67.40758866666667,31.424011000000025,31.424011000000025
6,18,85-90,clear<=0.2,3,207.25921933333333,214.03563160146186,-6.776412268128524,6.776412268128524,6.776412268128524,-2.4121600220448727,2.4121600220448727,2.4121600220448727,-4.364252246083652,-6.053148423828115,6.053148423828115,-6.078720022158801,6.078720022158801,-8.079432610166739,8.079432610166739,2.5352630717035445,9.058485484157984,6.104112646950085,25.06614166666668,-5.156863666666671,71.96869166666666,-71.96869166666666,54.01279904761902,-54.01279904761902
