DT,Month,Season,Hour,Actual_MWH,Final_Backtest_Forecast_MWH,Final_Residual_MWH,Final_AbsError_MWH,Overforecast_MWH,Raw_Forecast_MWH,XGB_Pred_MWH,LGB_Pred_MWH,CatBoost_Pred_MWH,Temperature,Temperature_DailyMax,TempBucket,CloudCover_Norm,CloudBucket,BTM_Solar_Proxy_MW,BTM_Solar_Loss_From_ClearSky_MW,Midday_Overcast_Solar_Loss_MW,Stage_Selector_Source,Stage_Selector_Reason,Recent_Correction_Source,Pre_Focused_Guard_Forecast_MWH,Focused_Scorecard_Guard_MWH,Focused_Scorecard_Guard_Source
2026-07-01 18:00:00-07:00,7,Summer,18,237.4662333333333,258.9994154038952,-21.53318207056185,21.53318207056185,21.53318207056185,256.16704406980654,253.11587524414065,255.64690731499152,257.8561643489918,90.93882160475994,90.93882160475994,90-95,0.18,clear<=0.2,14.393610189068918,0.0,0.0,Final_Backtest_Forecast_MWH,default_final,recent_mean+last24_mean+same_hour+hourgroup+global+temp_hourgroup+cloud_hourgroup+solar_hourgroup+solar_loss_hourgroup+temp_cloud_hourgroup,258.9994154038952,0.0,none
2026-06-10 16:00:00-07:00,6,Summer,16,236.995258,254.30600549160252,-17.31074749160254,17.31074749160254,17.31074749160254,260.51746679294064,258.3050231933594,260.357871028722,261.40038687945025,98.2,98.2,95-100,0.03,clear<=0.2,10.044348644011604,0.0,0.0,Final_Backtest_Forecast_MWH,default_final,recent_mean+last24_mean+same_hour+hourgroup+global+temp_hourgroup+cloud_hourgroup+solar_hourgroup+solar_loss_hourgroup,254.30600549160252,0.0,none
2026-06-10 13:00:00-07:00,6,Summer,13,177.331908,194.3340503777926,-17.00214237779261,17.00214237779261,17.00214237779261,206.50935416192027,206.55221557617188,207.0855486179693,205.5916596126285,92.0,98.2,95-100,0.52,mixed0.2-0.6,23.010486115356997,0.0,0.0,Final_Backtest_Forecast_MWH,default_final,recent_mean+last24_mean+same_hour+hourgroup+global+temp_hourgroup+cloud_hourgroup+solar_hourgroup+solar_loss_hourgroup+temp_cloud_hourgroup,194.3340503777926,0.0,none
2026-06-24 17:00:00-07:00,6,Summer,17,244.513,260.3073513475804,-15.794351347580374,15.794351347580374,15.794351347580374,265.870463376642,261.6742858886719,266.9671460370432,265.3460127640028,93.8,93.8,90-95,0.0,clear<=0.2,4.3514838605623005,0.0,0.0,Final_Backtest_Forecast_MWH,default_final,recent_mean+last24_mean+same_hour+hourgroup+global+temp_hourgroup+cloud_hourgroup+solar_hourgroup+solar_loss_hourgroup+temp_cloud_hourgroup,260.3073513475804,0.0,none
2026-06-25 16:00:00-07:00,6,Summer,16,206.798,222.504900579462,-15.706900579461973,15.706900579461973,15.706900579461973,228.95289323610223,227.81790161132807,230.32401386213897,227.1225584308371,89.9,90.3,90-95,0.0,clear<=0.2,10.032305060505593,0.0,0.0,Final_Backtest_Forecast_MWH,default_final,recent_mean+last24_mean+same_hour+hourgroup+global+temp_hourgroup+cloud_hourgroup+solar_hourgroup+solar_loss_hourgroup+temp_cloud_hourgroup,222.504900579462,0.0,none
2026-06-24 16:00:00-07:00,6,Summer,16,231.075,246.75220722290143,-15.677207222901444,15.677207222901444,15.677207222901444,252.07755534477496,252.45480346679688,253.6367367846321,249.51962790442175,93.2,93.8,90-95,0.0,clear<=0.2,10.164784479071692,0.0,0.0,Final_Backtest_Forecast_MWH,default_final,recent_mean+last24_mean+same_hour+hourgroup+global+temp_hourgroup+cloud_hourgroup+solar_hourgroup+solar_loss_hourgroup+temp_cloud_hourgroup,246.75220722290143,0.0,none
2026-06-06 16:00:00-07:00,6,Summer,16,174.101716,189.69409406824437,-15.59237806824433,15.59237806824433,15.59237806824433,196.03272547205097,197.13894653320312,196.53558555064447,194.92645361678908,86.3,86.3,80-90,0.0,clear<=0.2,10.06843581102362,0.0,0.0,Final_Backtest_Forecast_MWH,default_final,recent_mean+last24_mean+same_hour+hourgroup+global+temp_hourgroup+cloud_hourgroup+solar_hourgroup+solar_loss_hourgroup+temp_cloud_hourgroup,189.69409406824437,0.0,none
2026-06-30 16:00:00-07:00,6,Summer,16,238.569,253.7526006725528,-15.183600672552783,15.183600672552783,15.183600672552783,260.24449165645626,257.44464111328125,262.0642276276279,258.1848638569508,92.1,93.39701045877466,90-95,0.0,clear<=0.2,10.080479394529627,0.0,0.0,Final_Backtest_Forecast_MWH,default_final,recent_mean+last24_mean+same_hour+hourgroup+global+temp_hourgroup+cloud_hourgroup+solar_hourgroup+solar_loss_hourgroup+temp_cloud_hourgroup,253.7526006725528,0.0,none
2026-06-10 15:00:00-07:00,6,Summer,15,217.473791,232.37686729295095,-14.90307629295097,14.90307629295097,14.90307629295097,245.03442357022843,245.81790161132807,246.0131111472117,243.27263508036916,96.8,98.2,95-100,0.33,mixed0.2-0.6,15.976202787477202,0.0,0.0,Final_Backtest_Forecast_MWH,default_final,recent_mean+last24_mean+same_hour+hourgroup+global+temp_hourgroup+cloud_hourgroup+solar_hourgroup+solar_loss_hourgroup+temp_cloud_hourgroup,232.37686729295095,0.0,none
2026-06-23 16:00:00-07:00,6,Summer,16,240.224,254.6062960546583,-14.382296054658298,14.382296054658298,14.382296054658298,257.67185328199827,255.82745361328125,259.2880867321473,255.65902919425463,94.6,95.0,90-95,0.0,clear<=0.2,10.116610145047655,0.0,0.0,Final_Backtest_Forecast_MWH,default_final,recent_mean+last24_mean+same_hour+hourgroup+global+temp_hourgroup+cloud_hourgroup+solar_hourgroup+solar_loss_hourgroup+temp_cloud_hourgroup,254.6062960546583,0.0,none
2026-06-25 17:00:00-07:00,6,Summer,17,224.018,237.78817123232844,-13.770171232328437,13.770171232328437,13.770171232328437,244.56046350305405,242.1861724853516,245.22580008313344,244.19330345370133,90.3,90.3,90-95,0.06,clear<=0.2,4.282907467344271,0.0,0.0,Final_Backtest_Forecast_MWH,default_final,recent_mean+last24_mean+same_hour+hourgroup+global+temp_hourgroup+cloud_hourgroup+solar_hourgroup+solar_loss_hourgroup+temp_cloud_hourgroup,237.78817123232844,0.0,none
2026-06-06 17:00:00-07:00,6,Summer,17,187.398433,201.0587436222459,-13.660310622245902,13.660310622245902,13.660310622245902,206.9869698515532,208.7631683349609,208.0542297952012,204.8023618019898,85.2,86.3,80-90,0.0,clear<=0.2,4.27043903221372,0.0,0.0,Final_Backtest_Forecast_MWH,default_final,recent_mean+last24_mean+same_hour+hourgroup+global+temp_hourgroup+cloud_hourgroup+solar_hourgroup+solar_loss_hourgroup+temp_cloud_hourgroup,201.0587436222459,0.0,none
2026-06-09 14:00:00-07:00,6,Summer,14,163.65945,177.21597473090816,-13.556524730908166,13.556524730908166,13.556524730908166,186.60626986235397,185.2210235595703,187.0659569381835,186.27968911541709,82.9,84.8,80-90,0.1,clear<=0.2,20.35945617270375,0.0,0.0,Final_Backtest_Forecast_MWH,default_final,recent_mean+last24_mean+same_hour+hourgroup+global+temp_hourgroup+cloud_hourgroup+solar_hourgroup+solar_loss_hourgroup,177.21597473090816,0.0,none
2026-06-09 16:00:00-07:00,6,Summer,16,196.123033,208.9080685318765,-12.785035531876504,12.785035531876504,12.785035531876504,216.58736120453003,214.86643981933597,216.14929132993248,217.767448546096,84.8,84.8,80-90,0.01,clear<=0.2,9.911869225445502,0.0,0.0,Final_Backtest_Forecast_MWH,default_final,recent_mean+last24_mean+same_hour+hourgroup+global+temp_hourgroup+cloud_hourgroup+solar_hourgroup+solar_loss_hourgroup,208.9080685318765,0.0,none
2026-06-06 15:00:00-07:00,6,Summer,15,157.817041,170.5416675217692,-12.72462652176921,12.72462652176921,12.72462652176921,179.2514696265859,177.83848571777344,180.133301062318,178.2694442015247,85.0,86.3,80-90,0.0,clear<=0.2,15.60149440653424,0.0,0.0,Final_Backtest_Forecast_MWH,default_final,recent_mean+last24_mean+same_hour+hourgroup+global+temp_hourgroup+cloud_hourgroup+solar_hourgroup+solar_loss_hourgroup+temp_cloud_hourgroup,170.5416675217692,0.0,none
2026-06-09 15:00:00-07:00,6,Summer,15,180.330091,192.94468406912785,-12.614593069127809,12.614593069127809,12.614593069127809,202.92712353706517,201.97569274902344,204.64752347463212,200.49547528890037,84.0,84.8,80-90,0.0,clear<=0.2,15.78884859700572,0.0,0.0,Final_Backtest_Forecast_MWH,default_final,recent_mean+last24_mean+same_hour+hourgroup+global+temp_hourgroup+cloud_hourgroup+solar_hourgroup+solar_loss_hourgroup+temp_cloud_hourgroup,192.94468406912785,0.0,none
2026-06-25 18:00:00-07:00,6,Summer,18,227.291,239.8636883036,-12.572688303600016,12.572688303600016,12.572688303600016,245.85271307674327,245.28466796875,245.186534124566,247.0618643181629,89.0,90.3,90-95,0.05,clear<=0.2,1.4955623894770497e-15,0.0,0.0,Final_Backtest_Forecast_MWH,default_final,recent_mean+last24_mean+same_hour+hourgroup+global+temp_hourgroup+cloud_hourgroup+solar_hourgroup+solar_loss_hourgroup+temp_cloud_hourgroup,239.8636883036,0.0,none
2026-06-29 16:00:00-07:00,6,Summer,16,219.213,231.5643487913945,-12.351348791394544,12.351348791394544,12.351348791394544,238.40723626710047,237.1278076171875,239.0202330027925,237.80950672527385,90.2,90.2,90-95,0.88,overcast>0.85,10.044348644011604,0.0,0.0,Final_Backtest_Forecast_MWH,default_final,recent_mean+last24_mean+same_hour+hourgroup+global+temp_hourgroup+cloud_hourgroup+solar_hourgroup+solar_loss_hourgroup+temp_cloud_hourgroup,231.5643487913945,0.0,none
2026-06-04 16:00:00-07:00,6,Summer,16,250.210058,262.5335342120828,-12.323476212082769,12.323476212082769,12.323476212082769,266.33019971693864,267.8284912109375,264.9153505847991,268.125450783444,94.5,94.5,90-95,0.0,clear<=0.2,10.05639222751761,0.0,0.0,Final_Backtest_Forecast_MWH,default_final,recent_mean+last24_mean+same_hour+hourgroup+global+temp_hourgroup+cloud_hourgroup+solar_hourgroup+solar_loss_hourgroup+temp_cloud_hourgroup,262.5335342120828,0.0,none
2026-05-24 20:00:00-07:00,5,Spring,20,169.812133,181.9917243376684,-12.179591337668398,12.179591337668398,12.179591337668398,186.09835183908436,182.7679901123047,186.4053960046265,186.5673857865979,74.7,84.9,80-90,0.52,mixed0.2-0.6,0.0,0.0,0.0,Final_Backtest_Forecast_MWH,default_final,recent_mean+last24_mean+same_hour+hourgroup+global+temp_hourgroup+cloud_hourgroup+solar_hourgroup+solar_loss_hourgroup+temp_cloud_hourgroup,180.7417243376684,1.25,shoulder_heat_days8to16_bias_up
2026-06-10 14:00:00-07:00,6,Summer,14,195.660733,207.7623894824141,-12.101656482414114,12.101656482414114,12.101656482414114,224.55561799721823,226.9384307861328,226.2608244979669,221.19520412778047,94.7,98.2,95-100,0.63,cloudy0.6-0.85,20.755798044918272,0.0,0.0,Final_Backtest_Forecast_MWH,default_final,recent_mean+last24_mean+same_hour+hourgroup+global+temp_hourgroup+cloud_hourgroup+solar_hourgroup+solar_loss_hourgroup,207.7623894824141,0.0,none
2026-06-23 17:00:00-07:00,6,Summer,17,255.554,267.4373048235397,-11.883304823539705,11.883304823539705,11.883304823539705,270.6558183942785,269.6713256835937,271.97902916132495,268.85777082054403,95.0,95.0,90-95,0.0,clear<=0.2,4.332781207866475,0.0,0.0,Final_Backtest_Forecast_MWH,default_final,recent_mean+last24_mean+same_hour+hourgroup+global+temp_hourgroup+cloud_hourgroup+solar_hourgroup+solar_loss_hourgroup+temp_cloud_hourgroup,267.4373048235397,0.0,none
2026-05-24 21:00:00-07:00,5,Spring,21,160.024683,171.8861800111755,-11.861497011175487,11.861497011175487,11.861497011175487,171.68283712480775,172.6690673828125,172.24690342222843,170.51466715514536,69.8,84.9,80-90,0.29,mixed0.2-0.6,0.0,0.0,0.0,Final_Backtest_Forecast_MWH,default_final,recent_mean+last24_mean+same_hour+hourgroup+global+temp_hourgroup+cloud_hourgroup+solar_hourgroup+solar_loss_hourgroup,170.6361800111755,1.25,shoulder_heat_days8to16_bias_up
2026-06-30 17:00:00-07:00,6,Summer,17,249.466,261.12529612995,-11.659296129950008,11.659296129950008,11.659296129950008,268.02556335156413,267.58380126953125,269.0672641069389,266.5148227594132,93.39701045877466,93.39701045877466,90-95,0.0,clear<=0.2,4.376420730823404,0.0,0.0,Final_Backtest_Forecast_MWH,default_final,recent_mean+last24_mean+same_hour+hourgroup+global+temp_hourgroup+cloud_hourgroup+solar_hourgroup+solar_loss_hourgroup+temp_cloud_hourgroup,261.12529612995,0.0,none
2026-05-23 17:00:00-07:00,5,Spring,17,178.5678,190.2065285801049,-11.638728580104896,11.638728580104896,11.638728580104896,194.4551169727423,193.95509338378903,193.93452745077025,195.4160501041136,85.3,85.3,80-90,0.0,clear<=0.2,4.145754680908209,0.0,0.0,Final_Backtest_Forecast_MWH,default_final,recent_mean+last24_mean+same_hour+hourgroup+global+temp_hourgroup+cloud_hourgroup+solar_hourgroup+solar_loss_hourgroup+temp_cloud_hourgroup,188.2065285801049,2.0,shoulder_heat_days2to7_bias_up
2026-06-25 19:00:00-07:00,6,Summer,19,220.583,232.18783268052584,-11.604832680525844,11.604832680525844,11.604832680525844,237.6734808876243,238.222412109375,237.6940450529271,237.48432827879105,85.8,90.3,90-95,0.27,mixed0.2-0.6,0.0,0.0,0.0,Final_Backtest_Forecast_MWH,default_final,recent_mean+last24_mean+same_hour+hourgroup+global+temp_hourgroup+solar_hourgroup+solar_loss_hourgroup,232.18783268052584,0.0,none
2026-05-21 15:00:00-07:00,5,Spring,15,224.198866,235.7771510087507,-11.578285008750695,11.578285008750695,11.578285008750695,241.2704935390965,240.23880004882807,242.4072720925376,239.77889680947987,92.8,94.2,90-95,0.08,clear<=0.2,15.720719800470636,0.0,0.0,Final_Backtest_Forecast_MWH,default_final,recent_mean+last24_mean+same_hour+hourgroup+global+temp_hourgroup+cloud_hourgroup+solar_hourgroup+solar_loss_hourgroup+temp_cloud_hourgroup,235.7771510087507,0.0,none
2026-06-01 16:00:00-07:00,6,Summer,16,225.060525,236.4863776665809,-11.42585266658088,11.42585266658088,11.42585266658088,237.6522833418382,236.38645935058597,237.5890586571952,238.11330041520645,92.5,92.5,90-95,0.0,clear<=0.2,10.152740895565683,0.0,0.0,Final_Backtest_Forecast_MWH,default_final,recent_mean+last24_mean+same_hour+hourgroup+global+cloud_hourgroup+solar_hourgroup+solar_loss_hourgroup,236.4863776665809,0.0,none
2026-06-13 16:00:00-07:00,6,Summer,16,293.921233,305.22103302352843,-11.299800023528462,11.299800023528462,11.299800023528462,308.7893624971978,307.4330444335937,309.2977978622848,308.3779120845195,101.7,101.7,100-105,0.0,clear<=0.2,10.032305060505593,0.0,0.0,Final_Backtest_Forecast_MWH,default_final,recent_mean+last24_mean+same_hour+hourgroup+global+temp_hourgroup+cloud_hourgroup+solar_hourgroup+solar_loss_hourgroup+temp_cloud_hourgroup,305.22103302352843,0.0,none
2026-05-22 16:00:00-07:00,5,Spring,16,228.529458,239.71377862901485,-11.184320629014849,11.184320629014849,11.184320629014849,243.82725239687463,243.044189453125,242.82227173941783,245.630239985378,91.3,91.6,90-95,0.0,clear<=0.2,9.80347697389142,0.0,0.0,Final_Backtest_Forecast_MWH,default_final,recent_mean+last24_mean+same_hour+hourgroup+global+temp_hourgroup+cloud_hourgroup+solar_hourgroup+solar_loss_hourgroup+temp_cloud_hourgroup,237.71377862901485,2.0,shoulder_heat_days2to7_bias_up
2026-06-23 14:00:00-07:00,6,Summer,14,191.329,202.29868674478317,-10.969686744783132,10.969686744783132,10.969686744783132,211.6185377830763,210.76556396484372,212.0838465556228,211.1310450885697,90.2,95.0,90-95,0.0,clear<=0.2,20.69321774930545,0.0,0.0,Final_Backtest_Forecast_MWH,default_final,recent_mean+last24_mean+same_hour+hourgroup+global+temp_hourgroup+cloud_hourgroup+solar_hourgroup+solar_loss_hourgroup+temp_cloud_hourgroup,202.29868674478317,0.0,none
2026-06-10 12:00:00-07:00,6,Summer,12,162.925416,173.87965700432346,-10.95424100432345,10.95424100432345,10.95424100432345,188.53986723053293,186.8169860839844,189.20292380544132,187.99017294040505,88.5,98.2,95-100,0.48,mixed0.2-0.6,22.449239655200994,1.5626850400952996,0.0,Final_Backtest_Forecast_MWH,default_final,recent_mean+last24_mean+same_hour+hourgroup+global+temp_hourgroup+cloud_hourgroup+solar_hourgroup+solar_loss_hourgroup+temp_cloud_hourgroup,173.87965700432346,0.0,none
2026-05-26 18:00:00-07:00,5,Spring,18,131.163566,142.11099457810258,-10.947428578102574,10.947428578102574,10.947428578102574,145.29957668068707,145.63751220703125,145.43385276704296,144.99201839460088,66.8,69.9,60-70,0.53,mixed0.2-0.6,1.0353893465610342e-15,0.0,0.0,Final_Backtest_Forecast_MWH,default_final,recent_mean+last24_mean+same_hour+hourgroup+global+temp_hourgroup+cloud_hourgroup+solar_hourgroup+solar_loss_hourgroup+temp_cloud_hourgroup,142.11099457810258,0.0,none
2026-05-23 18:00:00-07:00,5,Spring,18,184.556683,195.36568549041692,-10.809002490416958,10.809002490416958,10.809002490416958,199.54779142547432,198.27996826171875,199.66286099609653,199.729203004141,83.6,85.3,80-90,0.0,clear<=0.2,1.4159170551262005e-15,0.0,0.0,Final_Backtest_Forecast_MWH,default_final,recent_mean+last24_mean+same_hour+hourgroup+global+temp_hourgroup+cloud_hourgroup+solar_hourgroup+solar_loss_hourgroup+temp_cloud_hourgroup,193.36568549041692,2.0,shoulder_heat_days2to7_bias_up
2026-05-22 17:00:00-07:00,5,Spring,17,239.342941,250.098767702822,-10.755826702821992,10.755826702821992,10.755826702821992,254.994197346867,253.17095947265625,255.22540923026853,255.15178949415335,91.6,91.6,90-95,0.0,clear<=0.2,4.120817810647107,0.0,0.0,Final_Backtest_Forecast_MWH,default_final,recent_mean+last24_mean+same_hour+hourgroup+global+temp_hourgroup+cloud_hourgroup+solar_hourgroup+solar_loss_hourgroup+temp_cloud_hourgroup,248.098767702822,2.0,shoulder_heat_days2to7_bias_up
2026-05-24 18:00:00-07:00,5,Spring,18,182.853016,193.45629928047728,-10.603283280477283,10.603283280477283,10.603283280477283,197.70914622273065,195.91473388671875,196.8724881492278,199.53658386280995,82.6,84.9,80-90,0.57,mixed0.2-0.6,1.3687198199553273e-15,0.0,0.0,Final_Backtest_Forecast_MWH,default_final,recent_mean+last24_mean+same_hour+hourgroup+global+temp_hourgroup+solar_hourgroup+solar_loss_hourgroup,192.20629928047728,1.25,shoulder_heat_days8to16_bias_up
2026-06-25 15:00:00-07:00,6,Summer,15,187.015,197.51314509795844,-10.498145097958457,10.498145097958457,10.498145097958457,209.26154153765177,207.3286590576172,209.64341610498323,209.2137050689979,88.3,90.3,90-95,0.07,clear<=0.2,15.908073990942118,0.0,0.0,Final_Backtest_Forecast_MWH,default_final,recent_mean+last24_mean+same_hour+hourgroup+global+temp_hourgroup+cloud_hourgroup+solar_hourgroup+solar_loss_hourgroup+temp_cloud_hourgroup,197.51314509795844,0.0,none
2026-06-30 18:00:00-07:00,6,Summer,18,249.588,259.9988860419909,-10.410886041990892,10.410886041990892,10.410886041990892,265.8384677173012,264.63336181640625,267.8620892577504,263.0028069825652,92.09913387846042,93.39701045877466,90-95,0.03,clear<=0.2,1.5221108342606656e-15,0.0,0.0,Final_Backtest_Forecast_MWH,default_final,recent_mean+last24_mean+same_hour+hourgroup+global+temp_hourgroup+cloud_hourgroup+solar_hourgroup+solar_loss_hourgroup+temp_cloud_hourgroup,259.9988860419909,0.0,none
2026-05-24 19:00:00-07:00,5,Spring,19,177.849983,188.21650468802423,-10.36652168802425,10.36652168802425,10.36652168802425,192.71372268903104,190.9097137451172,192.87198949551288,192.98044883424927,79.0,84.9,80-90,0.68,cloudy0.6-0.85,0.0,0.0,0.0,Final_Backtest_Forecast_MWH,default_final,recent_mean+last24_mean+same_hour+hourgroup+global+temp_hourgroup+cloud_hourgroup+solar_hourgroup+solar_loss_hourgroup+temp_cloud_hourgroup,186.96650468802423,1.25,shoulder_heat_days8to16_bias_up
2026-06-04 14:00:00-07:00,6,Summer,14,209.669616,219.97680084068395,-10.30718484068396,10.30718484068396,10.30718484068396,229.7433400284833,228.3238220214844,231.11455019360835,227.9941577710007,91.0,94.5,90-95,0.0,clear<=0.2,20.755798044918272,0.0,0.0,Final_Backtest_Forecast_MWH,default_final,recent_mean+last24_mean+same_hour+hourgroup+global+temp_hourgroup+cloud_hourgroup+solar_hourgroup+solar_loss_hourgroup+temp_cloud_hourgroup,219.97680084068395,0.0,none
2026-05-21 16:00:00-07:00,5,Spring,16,241.242408,251.5309240259443,-10.28851602594429,10.28851602594429,10.28851602594429,255.2270403434123,254.4467315673828,256.37325841536807,253.6487858806331,93.9,94.2,90-95,0.0,clear<=0.2,9.7793898068794,0.0,0.0,Final_Backtest_Forecast_MWH,default_final,recent_mean+last24_mean+same_hour+hourgroup+global+temp_hourgroup+cloud_hourgroup+solar_hourgroup+solar_loss_hourgroup+temp_cloud_hourgroup,251.5309240259443,0.0,none
2026-06-29 15:00:00-07:00,6,Summer,15,198.993,209.2620799750299,-10.26907997502991,10.26907997502991,10.26907997502991,220.53314355276396,219.5912170410156,221.95496608379815,218.5679728644953,89.2,90.2,90-95,0.14,clear<=0.2,15.959170588343431,0.0,0.0,Final_Backtest_Forecast_MWH,default_final,recent_mean+last24_mean+same_hour+hourgroup+global+temp_hourgroup+cloud_hourgroup+solar_hourgroup+solar_loss_hourgroup+temp_cloud_hourgroup,209.2620799750299,0.0,none
2026-06-24 14:00:00-07:00,6,Summer,14,189.372,199.60459075976837,-10.232590759768328,10.232590759768328,10.232590759768328,210.836667183049,211.0691070556641,212.18745121255668,208.64759517307547,89.9,93.8,90-95,0.0,clear<=0.2,20.755798044918272,0.0,0.0,Final_Backtest_Forecast_MWH,default_final,recent_mean+last24_mean+same_hour+hourgroup+global+temp_hourgroup+cloud_hourgroup+solar_hourgroup+solar_loss_hourgroup+temp_cloud_hourgroup,199.60459075976837,0.0,none
2026-06-29 13:00:00-07:00,6,Summer,13,166.171,176.38634544178285,-10.215345441782858,10.215345441782858,10.215345441782858,187.1873423875364,186.5335998535156,187.3620959025681,187.0995133022068,85.5,90.2,90-95,0.11,clear<=0.2,22.66148986487129,0.0,0.0,Final_Backtest_Forecast_MWH,default_final,recent_mean+last24_mean+same_hour+hourgroup+global+temp_hourgroup+cloud_hourgroup+solar_hourgroup+solar_loss_hourgroup+temp_cloud_hourgroup,176.38634544178285,0.0,none
2026-05-18 16:00:00-07:00,5,Spring,16,149.93775,160.15240408928003,-10.21465408928006,10.21465408928006,10.21465408928006,150.33936620248153,150.39927673339844,149.7966309329097,151.17511861726098,83.3,83.3,80-90,0.0,clear<=0.2,10.020261476999584,0.0,0.0,Final_Backtest_Forecast_MWH,default_final,recent_mean+last24_mean+hourgroup+global+temp_hourgroup+cloud_hourgroup+solar_loss_hourgroup+temp_cloud_hourgroup,158.15240408928003,2.0,shoulder_heat_days2to7_bias_up
2026-05-21 13:00:00-07:00,5,Spring,13,187.746158,197.93103099398644,-10.184872993986431,10.184872993986431,10.184872993986431,202.7267722931618,202.5766143798828,203.8614471996717,200.98661398672584,89.2,94.2,90-95,0.55,mixed0.2-0.6,22.684756281570337,0.0,0.0,Final_Backtest_Forecast_MWH,default_final,recent_mean+last24_mean+same_hour+hourgroup+global+temp_hourgroup+cloud_hourgroup+solar_hourgroup+solar_loss_hourgroup+temp_cloud_hourgroup,197.93103099398644,0.0,none
2026-06-04 15:00:00-07:00,6,Summer,15,230.85115,240.99811434446408,-10.146964344464068,10.146964344464068,10.146964344464068,251.04217115532668,248.7667236328125,252.27391371251304,249.75670357189503,93.3,94.5,90-95,0.0,clear<=0.2,16.044331584012287,0.0,0.0,Final_Backtest_Forecast_MWH,default_final,recent_mean+last24_mean+same_hour+hourgroup+global+temp_hourgroup+cloud_hourgroup+solar_hourgroup+solar_loss_hourgroup+temp_cloud_hourgroup,240.99811434446408,0.0,none
2026-05-22 18:00:00-07:00,5,Spring,18,236.710883,246.75814258585447,-10.047259585854476,10.047259585854476,10.047259585854476,249.3889287216712,251.31097412109372,246.93979455288024,252.6884123013649,90.0,91.6,90-95,0.0,clear<=0.2,1.4011679191353026e-15,0.0,0.0,Final_Backtest_Forecast_MWH,default_final,recent_mean+last24_mean+same_hour+hourgroup+global+temp_hourgroup+cloud_hourgroup+solar_hourgroup+solar_loss_hourgroup+temp_cloud_hourgroup,244.75814258585447,2.0,shoulder_heat_days2to7_bias_up
2026-05-22 14:00:00-07:00,5,Spring,14,191.289366,201.06817473897104,-9.778808738971035,9.778808738971035,9.778808738971035,207.09809629047496,205.9888458251953,208.00812893901863,205.9849736899862,88.0,91.6,90-95,0.0,clear<=0.2,20.401176369778963,0.0,0.0,Final_Backtest_Forecast_MWH,default_final,recent_mean+last24_mean+same_hour+hourgroup+global+temp_hourgroup+cloud_hourgroup+solar_hourgroup+solar_loss_hourgroup+temp_cloud_hourgroup,199.06817473897104,2.0,shoulder_heat_days2to7_bias_up
2026-06-11 16:00:00-07:00,6,Summer,16,281.60275,291.2852705576534,-9.68252055765339,9.68252055765339,9.68252055765339,297.23854082574155,293.7693176269531,298.7747771201324,295.81566184849544,100.1,100.1,100-105,0.0,clear<=0.2,10.104566561541647,0.0,0.0,Final_Backtest_Forecast_MWH,default_final,recent_mean+last24_mean+same_hour+hourgroup+global+cloud_hourgroup+solar_hourgroup+solar_loss_hourgroup,291.2852705576534,0.0,none
2026-06-23 20:00:00-07:00,6,Summer,20,233.721,243.37740468472992,-9.65640468472992,9.65640468472992,9.65640468472992,246.2863383221308,243.6942443847656,246.02284111293463,247.441003632972,87.3,95.0,90-95,0.0,clear<=0.2,0.0,0.0,0.0,Final_Backtest_Forecast_MWH,default_final,recent_mean+last24_mean+same_hour+hourgroup+global+temp_hourgroup+cloud_hourgroup+solar_hourgroup+solar_loss_hourgroup+temp_cloud_hourgroup,243.37740468472992,0.0,none
2026-06-03 13:00:00-07:00,6,Summer,13,173.149283,182.6518245043485,-9.5025415043485,9.5025415043485,9.5025415043485,190.45773412774335,190.54722595214844,190.73827123004523,189.99132101715324,85.8,93.3,90-95,0.0,clear<=0.2,22.987219698657945,0.0,0.0,Final_Backtest_Forecast_MWH,default_final,recent_mean+last24_mean+same_hour+hourgroup+global+temp_hourgroup+cloud_hourgroup+solar_hourgroup+solar_loss_hourgroup+temp_cloud_hourgroup,182.6518245043485,0.0,none
2026-06-23 13:00:00-07:00,6,Summer,13,169.602,179.01899684580133,-9.416996845801322,9.416996845801322,9.416996845801322,188.2432327933969,189.2883758544922,188.1747998267917,188.052158009178,86.5,95.0,90-95,0.0,clear<=0.2,22.94068686525985,0.0,0.0,Final_Backtest_Forecast_MWH,default_final,recent_mean+last24_mean+same_hour+hourgroup+global+temp_hourgroup+cloud_hourgroup+solar_hourgroup+solar_loss_hourgroup+temp_cloud_hourgroup,179.01899684580133,0.0,none
2026-06-05 14:00:00-07:00,6,Summer,14,229.425308,238.82155963438456,-9.396251634384583,9.396251634384583,9.396251634384583,249.5322379898424,245.9551696777344,250.70520609773567,248.71102190946945,94.3,96.8,95-100,0.17,clear<=0.2,20.65149755223024,0.0,0.0,Final_Backtest_Forecast_MWH,default_final,recent_mean+last24_mean+same_hour+hourgroup+global+temp_hourgroup+cloud_hourgroup+solar_hourgroup+solar_loss_hourgroup+temp_cloud_hourgroup,238.82155963438456,0.0,none
2026-06-23 18:00:00-07:00,6,Summer,18,259.82,269.1985144189489,-9.378514418948896,9.378514418948896,9.378514418948896,271.7260616664743,273.64031982421875,273.2280123047332,268.8189226184261,94.0,95.0,90-95,0.0,clear<=0.2,1.519161007062486e-15,0.0,0.0,Final_Backtest_Forecast_MWH,default_final,recent_mean+last24_mean+same_hour+hourgroup+global+temp_hourgroup+cloud_hourgroup+solar_hourgroup+solar_loss_hourgroup+temp_cloud_hourgroup,269.1985144189489,0.0,none
2026-06-13 17:00:00-07:00,6,Summer,17,305.364483,314.4907746447846,-9.1262916447846,9.1262916447846,9.1262916447846,317.7941408310648,316.5246276855469,316.91163093967486,319.5436601305397,101.4,101.7,100-105,0.01,clear<=0.2,4.264204814648444,0.0,0.0,Final_Backtest_Forecast_MWH,default_final,recent_mean+last24_mean+same_hour+hourgroup+global+temp_hourgroup+cloud_hourgroup+solar_hourgroup+solar_loss_hourgroup+temp_cloud_hourgroup,314.4907746447846,0.0,none
2026-06-03 14:00:00-07:00,6,Summer,14,192.374825,201.44466456591212,-9.069839565912162,9.069839565912162,9.069839565912162,209.81059094965903,210.1452178955078,211.12497123640307,207.6495285145331,89.2,93.3,90-95,0.0,clear<=0.2,20.672357650767847,0.0,0.0,Final_Backtest_Forecast_MWH,default_final,recent_mean+last24_mean+same_hour+hourgroup+global+temp_hourgroup+cloud_hourgroup+solar_hourgroup+solar_loss_hourgroup+temp_cloud_hourgroup,201.44466456591212,0.0,none
2026-05-23 19:00:00-07:00,5,Spring,19,182.135616,191.1020284663858,-8.966412466385805,8.966412466385805,8.966412466385805,193.4112243057409,191.85430908203125,192.692505906404,194.98547185433011,80.2,85.3,80-90,0.0,clear<=0.2,0.0,0.0,0.0,Final_Backtest_Forecast_MWH,default_final,recent_mean+last24_mean+same_hour+hourgroup+global+temp_hourgroup+cloud_hourgroup+solar_hourgroup+solar_loss_hourgroup+temp_cloud_hourgroup,189.1020284663858,2.0,shoulder_heat_days2to7_bias_up
2026-06-09 17:00:00-07:00,6,Summer,17,208.519,217.43512230886463,-8.91612230886463,8.91612230886463,8.91612230886463,224.25646274744332,220.8968505859375,223.1592072320265,226.9406106035286,84.8,84.8,80-90,0.0,clear<=0.2,4.226799509256791,0.0,0.0,Final_Backtest_Forecast_MWH,default_final,recent_mean+last24_mean+same_hour+hourgroup+global+temp_hourgroup+cloud_hourgroup+solar_hourgroup+solar_loss_hourgroup+temp_cloud_hourgroup,217.43512230886463,0.0,none
2026-05-22 15:00:00-07:00,5,Spring,15,211.14735,220.0267536412446,-8.879403641244608,8.879403641244608,8.879403641244608,226.3872458408776,228.66354370117188,227.55431734839524,223.90290551183728,90.5,91.6,90-95,0.01,clear<=0.2,15.720719800470636,0.0,0.0,Final_Backtest_Forecast_MWH,default_final,recent_mean+last24_mean+same_hour+hourgroup+global+temp_hourgroup+cloud_hourgroup+solar_hourgroup+solar_loss_hourgroup+temp_cloud_hourgroup,218.0267536412446,2.0,shoulder_heat_days2to7_bias_up
2026-06-01 17:00:00-07:00,6,Summer,17,237.518291,246.23977704400136,-8.72148604400138,8.72148604400138,8.72148604400138,247.88228020675396,246.1246032714844,247.03971504144803,249.7085045908829,92.4,92.5,90-95,0.0,clear<=0.2,4.289141684909547,0.0,0.0,Final_Backtest_Forecast_MWH,default_final,recent_mean+last24_mean+same_hour+hourgroup+global+temp_hourgroup+cloud_hourgroup+solar_hourgroup+solar_loss_hourgroup+temp_cloud_hourgroup,246.23977704400136,0.0,none
2026-06-29 14:00:00-07:00,6,Summer,14,183.458,192.17604586878895,-8.718045868788977,8.718045868788977,8.718045868788977,203.4954884827073,202.70196533203125,202.8401564406321,204.75201687759,87.7,90.2,90-95,0.2,clear<=0.2,20.526336961004603,0.0,0.0,Final_Backtest_Forecast_MWH,default_final,recent_mean+last24_mean+same_hour+hourgroup+global+temp_hourgroup+cloud_hourgroup+solar_hourgroup+solar_loss_hourgroup+temp_cloud_hourgroup,192.17604586878895,0.0,none
2026-06-30 14:00:00-07:00,6,Summer,14,203.63,212.3390657648388,-8.709065764838812,8.709065764838812,8.709065764838812,225.37154563622587,228.81326293945312,227.03382244070144,221.77604857112792,90.4,93.39701045877466,90-95,0.0,clear<=0.2,20.58891725661742,0.0,0.0,Final_Backtest_Forecast_MWH,default_final,recent_mean+last24_mean+same_hour+hourgroup+global+temp_hourgroup+cloud_hourgroup+solar_hourgroup+solar_loss_hourgroup+temp_cloud_hourgroup,212.3390657648388,0.0,none
2026-06-24 18:00:00-07:00,6,Summer,18,247.509,256.21551355099814,-8.706513550998153,8.706513550998153,8.706513550998153,261.40742186738976,262.1444702148437,260.4692048257341,262.6711776907189,91.8,93.8,90-95,0.0,clear<=0.2,1.533910143053384e-15,0.0,0.0,Final_Backtest_Forecast_MWH,default_final,recent_mean+last24_mean+same_hour+hourgroup+global+temp_hourgroup+cloud_hourgroup+solar_hourgroup+solar_loss_hourgroup+temp_cloud_hourgroup,256.21551355099814,0.0,none
2026-06-10 17:00:00-07:00,6,Summer,17,252.155283,260.81846322249874,-8.663180222498738,8.663180222498738,8.663180222498738,267.2700060304191,268.4358825683594,267.4334447669646,266.6800661478645,96.3,98.2,95-100,0.0,clear<=0.2,4.276673249778995,0.0,0.0,Final_Backtest_Forecast_MWH,default_final,recent_mean+last24_mean+same_hour+hourgroup+global+temp_hourgroup+cloud_hourgroup+solar_hourgroup+solar_loss_hourgroup+temp_cloud_hourgroup,260.81846322249874,0.0,none
2026-06-25 20:00:00-07:00,6,Summer,20,206.147,214.7318561957753,-8.584856195775302,8.584856195775302,8.584856195775302,220.28879315940017,220.57073974609372,220.4191885540057,220.0033299431076,80.7,90.3,90-95,0.88,overcast>0.85,0.0,0.0,0.0,Final_Backtest_Forecast_MWH,default_final,recent_mean+last24_mean+same_hour+hourgroup+global+temp_hourgroup+solar_hourgroup+solar_loss_hourgroup,214.7318561957753,0.0,none
2026-05-22 19:00:00-07:00,5,Spring,19,224.437116,233.00815293221652,-8.571036932216543,8.571036932216543,8.571036932216543,236.26043586701547,237.2532958984375,235.9825250964988,236.41347849742112,85.9,91.6,90-95,0.0,clear<=0.2,0.0,0.0,0.0,Final_Backtest_Forecast_MWH,default_final,recent_mean+last24_mean+same_hour+hourgroup+global+temp_hourgroup+cloud_hourgroup+solar_hourgroup+solar_loss_hourgroup+temp_cloud_hourgroup,231.00815293221652,2.0,shoulder_heat_days2to7_bias_up
2026-05-31 16:00:00-07:00,5,Spring,16,179.411933,187.9703372287293,-8.558404228729302,8.558404228729302,8.558404228729302,180.6957620945545,182.1258087158203,179.92649110355376,181.4960317600512,86.7,87.4,80-90,0.0,clear<=0.2,10.092522978035635,0.0,0.0,Final_Backtest_Forecast_MWH,default_final,recent_mean+last24_mean+same_hour+hourgroup+global+cloud_hourgroup+solar_hourgroup+solar_loss_hourgroup,178.7203372287293,9.25,shoulder_heat_days8to16_bias_up+may_long_85_93_hot_peak_recovery_up
2026-06-10 11:00:00-07:00,6,Summer,11,151.332441,159.87105259136123,-8.538611591361246,8.538611591361246,8.538611591361246,172.87898444103826,173.1938018798828,173.9803564590181,171.0583091445429,83.6,98.2,95-100,0.45,mixed0.2-0.6,19.03192885982004,3.3715018777708643,0.0,Final_Backtest_Forecast_MWH,default_final,recent_mean+last24_mean+same_hour+hourgroup+global+temp_hourgroup+cloud_hourgroup+solar_hourgroup+solar_loss_hourgroup,159.87105259136123,0.0,none
2026-05-24 22:00:00-07:00,5,Spring,22,144.513041,152.964933999932,-8.451892999932028,8.451892999932028,8.451892999932028,151.8177105584855,151.79095458984375,151.3602658963457,152.54419673288848,65.6,84.9,80-90,0.11,clear<=0.2,0.0,0.0,0.0,Final_Backtest_Forecast_MWH,default_final,recent_mean+last24_mean+same_hour+hourgroup+global+temp_hourgroup+cloud_hourgroup+solar_hourgroup+solar_loss_hourgroup+temp_cloud_hourgroup,151.714933999932,1.25,shoulder_heat_days8to16_bias_up
2026-06-23 19:00:00-07:00,6,Summer,19,251.222,259.6282523673519,-8.406252367351868,8.406252367351868,8.406252367351868,261.53436775176,261.33770751953125,259.8090312548418,264.3017994561252,91.6,95.0,90-95,0.0,clear<=0.2,0.0,0.0,0.0,Final_Backtest_Forecast_MWH,default_final,recent_mean+last24_mean+same_hour+hourgroup+global+temp_hourgroup+cloud_hourgroup+solar_hourgroup+solar_loss_hourgroup+temp_cloud_hourgroup,259.6282523673519,0.0,none
2026-06-09 13:00:00-07:00,6,Summer,13,150.664,159.05588026443897,-8.391880264438981,8.391880264438981,8.391880264438981,170.8113768171047,172.24716186523438,171.20744378850222,169.7787615625858,82.0,84.8,80-90,0.85,cloudy0.6-0.85,21.312037696326595,1.0780962562040737,1.0780962562040737,Final_Backtest_Forecast_MWH,default_final,recent_mean+last24_mean+same_hour+hourgroup+global+temp_hourgroup+cloud_hourgroup+solar_hourgroup+solar_loss_hourgroup+temp_cloud_hourgroup,159.05588026443897,0.0,none
2026-05-21 17:00:00-07:00,5,Spring,17,252.08895,260.4789570070191,-8.390007007019108,8.390007007019108,8.390007007019108,264.8506793991798,264.5399475097656,264.86593392733886,264.9154885376196,94.2,94.2,90-95,0.0,clear<=0.2,4.095880940386006,0.0,0.0,Final_Backtest_Forecast_MWH,default_final,recent_mean+last24_mean+same_hour+hourgroup+global+temp_hourgroup+cloud_hourgroup+solar_hourgroup+solar_loss_hourgroup+temp_cloud_hourgroup,260.4789570070191,0.0,none
2026-06-11 13:00:00-07:00,6,Summer,13,220.518708,228.9023378298852,-8.383629829885166,8.383629829885166,8.383629829885166,240.87085229382237,240.68704223632807,243.4328081458456,236.89743882849848,94.6,100.1,100-105,0.0,clear<=0.2,23.057018948755083,0.0,0.0,Final_Backtest_Forecast_MWH,default_final,recent_mean+last24_mean+same_hour+hourgroup+global+temp_hourgroup+cloud_hourgroup+solar_hourgroup+solar_loss_hourgroup+temp_cloud_hourgroup,228.9023378298852,0.0,none
2026-06-14 20:00:00-07:00,6,Summer,20,256.1668,264.44526020649766,-8.278460206497641,8.278460206497641,8.278460206497641,268.26237804176986,265.2098388671875,268.1513420657702,269.30901719679275,87.6,97.7,95-100,0.0,clear<=0.2,0.0,0.0,0.0,Final_Backtest_Forecast_MWH,default_final,recent_mean+last24_mean+same_hour+hourgroup+global+temp_hourgroup+cloud_hourgroup+solar_hourgroup+solar_loss_hourgroup+temp_cloud_hourgroup,264.44526020649766,0.0,none
2026-06-04 17:00:00-07:00,6,Summer,17,261.03715,269.2495747942425,-8.212424794242509,8.212424794242509,8.212424794242509,272.8035705333297,270.79400634765625,271.667259787018,275.16336290201195,93.7,94.5,90-95,0.0,clear<=0.2,4.264204814648444,0.0,0.0,Final_Backtest_Forecast_MWH,default_final,recent_mean+last24_mean+same_hour+hourgroup+global+temp_hourgroup+cloud_hourgroup+solar_hourgroup+solar_loss_hourgroup+temp_cloud_hourgroup,269.2495747942425,0.0,none
2026-06-24 13:00:00-07:00,6,Summer,13,171.398,179.60228275336624,-8.204282753366243,8.204282753366243,8.204282753366243,190.5944673055486,191.44468688964844,190.21212119110672,190.95237703278585,86.0,93.8,90-95,0.0,clear<=0.2,23.033752532056035,0.0,0.0,Final_Backtest_Forecast_MWH,default_final,recent_mean+last24_mean+same_hour+hourgroup+global+temp_hourgroup+cloud_hourgroup+solar_hourgroup+solar_loss_hourgroup+temp_cloud_hourgroup,179.60228275336624,0.0,none
2026-05-23 16:00:00-07:00,5,Spring,16,166.7673,174.9592901347155,-8.191990134715496,8.191990134715496,8.191990134715496,179.48663747091382,178.837646484375,180.0963769361378,178.71390145028724,84.7,85.3,80-90,0.0,clear<=0.2,9.863694891421463,0.0,0.0,Final_Backtest_Forecast_MWH,default_final,recent_mean+last24_mean+same_hour+hourgroup+global+temp_hourgroup+cloud_hourgroup+solar_hourgroup+solar_loss_hourgroup+temp_cloud_hourgroup,172.9592901347155,2.0,shoulder_heat_days2to7_bias_up
2026-05-24 17:00:00-07:00,5,Spring,17,177.205716,185.35786136957125,-8.152145369571258,8.152145369571258,8.152145369571258,191.1638079139576,191.9521942138672,190.678125787278,191.70176945590845,84.9,84.9,80-90,0.73,cloudy0.6-0.85,4.014836112037424,0.0,0.0,Final_Backtest_Forecast_MWH,default_final,recent_mean+last24_mean+same_hour+hourgroup+global+temp_hourgroup+cloud_hourgroup+solar_hourgroup+solar_loss_hourgroup+temp_cloud_hourgroup,184.10786136957125,1.25,shoulder_heat_days8to16_bias_up
2026-06-06 14:00:00-07:00,6,Summer,14,142.112108,150.23628753881675,-8.124179538816747,8.124179538816747,8.124179538816747,163.20344412071717,163.88385009765625,164.26786425210005,161.33638220656144,82.0,86.3,80-90,0.1,clear<=0.2,15.770234494430364,2.190474723656129,0.0,Final_Backtest_Forecast_MWH,default_final,recent_mean+last24_mean+same_hour+hourgroup+global+temp_hourgroup+cloud_hourgroup+solar_hourgroup+solar_loss_hourgroup+temp_cloud_hourgroup,150.23628753881675,0.0,none
2026-06-28 16:00:00-07:00,6,Summer,16,167.637,175.75992777389357,-8.122927773893565,8.122927773893565,8.122927773893565,181.96016945483453,181.79991149902344,183.23432807030684,180.003708189324,85.9,85.9,80-90,0.0,clear<=0.2,10.297263897637793,0.0,0.0,Final_Backtest_Forecast_MWH,default_final,recent_mean+last24_mean+same_hour+hourgroup+global+cloud_hourgroup+solar_loss_hourgroup,175.75992777389357,0.0,none
2026-06-23 21:00:00-07:00,6,Summer,21,214.279,222.29326893588848,-8.01426893588848,8.01426893588848,8.01426893588848,222.6429782302494,224.1063232421875,221.31573312181376,224.31055054009445,81.8,95.0,90-95,0.0,clear<=0.2,0.0,0.0,0.0,Final_Backtest_Forecast_MWH,default_final,recent_mean+last24_mean+same_hour+hourgroup+global+temp_hourgroup+cloud_hourgroup+solar_hourgroup+solar_loss_hourgroup+temp_cloud_hourgroup,222.29326893588848,0.0,none
2026-06-25 21:00:00-07:00,6,Summer,21,187.771,195.77531877212436,-8.00431877212435,8.00431877212435,8.00431877212435,199.1433149043241,199.26693725585935,197.51694334253293,201.66372097241447,74.4,90.3,90-95,0.99,overcast>0.85,0.0,0.0,0.0,Final_Backtest_Forecast_MWH,default_final,recent_mean+last24_mean+same_hour+hourgroup+global+temp_hourgroup+solar_hourgroup+solar_loss_hourgroup,195.77531877212436,0.0,none
