Slice,SliceGroup,SliceValue,N,Actual_Mean_MWH,Forecast_Mean_MWH,Bias_MWH,MAE_MWH,RMSE_MWH,MAPE_PCT,Underforecast_Rate_PCT,P90_AbsError_MWH,Max_Underforecast_MWH,Max_Overforecast_MWH,Actual_Peak_MWH,Forecast_At_Actual_Peak_MWH,Underforecast_At_Actual_Peak_MWH,ForecastColumn,Model,MAE_Improvement_vs_Raw_MWH,Skill_vs_Raw_PCT,Bias_Abs_Improvement_vs_Raw_MWH,MAE_Delta_vs_Final_MWH
Overall,all,all,3070,134.33930052410423,134.2998635687681,0.039436955336117734,3.9245886642928225,5.623585064131037,2.858826643691273,54.36482084690554,8.871637854119601,20.808750419490366,38.094951284718206,317.629341,319.15753880422824,-1.5281978042282276,Final_Backtest_Forecast_MWH,final_corrected_production,1.6848258609387186,30.035681145692717,3.964146993169288,0.0
Overall,all,all,3070,134.33930052410423,134.2998635687681,0.039436955336117734,3.9245886642928225,5.623585064131037,2.858826643691273,54.36482084690554,8.871637854119601,20.808750419490366,38.094951284718206,317.629341,319.15753880422824,-1.5281978042282276,Recent_Corrected_Forecast_MWH,recent_corrected_simulation,1.6848258609387186,30.035681145692717,3.964146993169288,0.0
Overall,all,all,3070,134.33930052410423,134.00693044240418,0.33237008170007,3.9951767203089763,5.6592596198522775,2.9188484987323946,57.49185667752443,8.700588630314435,21.22648394812481,37.292848962522925,317.629341,317.9170236728245,-0.2876826728244737,Cloud_Solar_Adjusted_Forecast_MWH,cloud_solar_adjusted,1.6142378049225647,28.777295699250065,3.671213866805336,0.07058805601615381
Overall,all,all,3070,134.33930052410423,134.00693044240418,0.33237008170007,3.9951767203089763,5.6592596198522775,2.9188484987323946,57.49185667752443,8.700588630314435,21.22648394812481,37.292848962522925,317.629341,317.9170236728245,-0.2876826728244737,Peak_Risk_Adjusted_Forecast_MWH,peak_risk_adjusted,1.6142378049225647,28.777295699250065,3.671213866805336,0.07058805601615381
Overall,all,all,3070,134.33930052410423,133.9202270471617,0.41907347694256386,3.999916992747556,5.683967428269175,2.919035607294639,57.88273615635179,8.758874723074548,22.72297203776907,37.292848962522925,317.629341,317.9170236728245,-0.2876826728244737,Warm_Ramp_Adjusted_Forecast_MWH,warm_ramp_adjusted,1.609497532483985,28.692790045099215,3.584510471562842,0.07532832845473347
Overall,all,all,3070,134.33930052410423,133.7965123688752,0.5427881552290487,4.039487508969725,5.710265069892054,2.9408746827760583,58.46905537459284,8.92278375603191,22.72297203776907,37.292848962522925,317.629341,317.9170236728245,-0.2876826728244737,Residual_Calibrated_Forecast_MWH,residual_calibrated,1.5699270162618157,27.98735962906955,3.460795793276357,0.11489884467690281
Overall,all,all,3070,134.33930052410423,132.14893981613412,2.190360707970129,4.520108557097953,6.076227444572317,3.30266019156095,73.38762214983713,9.332430069533304,23.81930206017097,35.37399376671698,317.629341,312.48951743755526,5.139823562444747,Targeted_Meta_Adjusted_Forecast_MWH,targeted_residual_meta_adjusted,1.089305968133588,19.419245328256864,1.8132232405352768,0.5955198928051306
Overall,all,all,3070,134.33930052410423,130.3548319904635,3.98446853364073,5.591299916000282,7.16564727176525,4.109744273730757,82.11726384364822,10.894410048215478,26.995507470188713,36.88139877862386,317.629341,313.92285216420987,3.7064888357901395,LGB_Pred_MWH,lgb_component,0.01811460923125896,0.32293226235604755,0.019115414864675717,1.6667112517074596
Overall,all,all,3070,134.33930052410423,130.33571657559884,4.003583948505406,5.609414525231541,7.173332802297779,4.129279217455176,82.11726384364822,11.02349442952617,26.43005153789305,37.94699951207673,317.629341,312.48951743755526,5.139823562444747,Raw_Forecast_MWH,raw_xgb_lgb_production,0.0,0.0,0.0,1.6848258609387186
Overall,all,all,3070,134.33930052410423,130.32424732668002,4.015053197424197,5.6314876028760885,7.196226846062943,4.148363805660182,82.41042345276874,11.155150384472657,26.516468221679673,38.58635995214843,317.629341,311.6295166015625,5.999824398437511,XGB_Pred_MWH,xgb_component,-0.022073077644547467,-0.3935005613377512,-0.011469248918791308,1.706898938583266
Overall,all,all,3046,133.93742867925147,134.16604452035455,-0.22861584110308625,8.198132030203547,13.025459007529074,5.805781983331039,51.083388049901515,19.9129955,105.481991,82.48586599999999,317.629341,298.303833,19.325508000000013,Baseline_SameHourYesterday_MWH,baseline_same_hour_yesterday,-2.5887175049720064,-46.14951334631757,3.7749681074023194,4.273543365910725
Overall,all,all,3022,133.5607152319656,134.99372699804056,-1.4330117660749742,11.187240991197095,16.626900928142167,7.94341602955011,45.86366644606221,25.73270327142859,83.96140271428573,83.07873214285718,317.629341,275.88803033333335,41.741310666666664,Baseline_Rolling7DaySameHourAvg_MWH,baseline_rolling_7day_same_hour_avg,-5.577826465965554,-99.43687422058217,2.5705721824304315,7.262652326904273
Overall,all,all,2902,131.2675379758787,134.19001819745003,-2.9224802215713304,15.4224820547898,23.47038488799628,11.113174899192174,46.55410062026189,33.83835170000003,129.25466699999998,125.67567499999998,304.358241,239.692025,64.66621600000002,Baseline_SameHour7DaysAgo_MWH,baseline_same_hour_7_days_ago,-9.813067529558259,-174.93924696451637,1.0811037269340753,11.497893390496976
PeakWindowHours14to18,risk_slice,peak_window,640,159.25978903125,159.8373127762356,-0.5775237449855606,5.7853052390851305,7.8591638511245066,3.7179026916888387,52.81249999999999,12.295617729584713,18.81087992522822,38.094951284718206,317.629341,319.15753880422824,-1.5281978042282276,Final_Backtest_Forecast_MWH,final_corrected_production,1.6450306720645242,22.1393849717623,3.8524141476209808,0.0
PeakWindowHours14to18,risk_slice,peak_window,640,159.25978903125,159.8373127762356,-0.5775237449855606,5.7853052390851305,7.8591638511245066,3.7179026916888387,52.81249999999999,12.295617729584713,18.81087992522822,38.094951284718206,317.629341,319.15753880422824,-1.5281978042282276,Recent_Corrected_Forecast_MWH,recent_corrected_simulation,1.6450306720645242,22.1393849717623,3.8524141476209808,0.0
PeakWindowHours14to18,risk_slice,peak_window,640,159.25978903125,159.47803691686514,-0.21824788561513278,5.81675428684846,7.873373729967343,3.747241533599051,55.00000000000001,11.915411506943627,19.285987927142173,37.292848962522925,317.629341,317.9170236728245,-0.2876826728244737,Warm_Ramp_Adjusted_Forecast_MWH,warm_ramp_adjusted,1.6135816243011947,21.71613293929176,4.211690006991408,0.031449047763329574
PeakWindowHours14to18,risk_slice,peak_window,640,159.25978903125,159.555432894263,-0.2956438630129975,5.819572542061133,7.861465594220918,3.7523256950981896,54.6875,11.915411506943627,19.237094878775196,37.292848962522925,317.629341,317.9170236728245,-0.2876826728244737,Cloud_Solar_Adjusted_Forecast_MWH,cloud_solar_adjusted,1.610763369088522,21.678203897504513,4.134294029593544,0.034267302976002334
PeakWindowHours14to18,risk_slice,peak_window,640,159.25978903125,159.555432894263,-0.2956438630129975,5.819572542061133,7.861465594220918,3.7523256950981896,54.6875,11.915411506943627,19.237094878775196,37.292848962522925,317.629341,317.9170236728245,-0.2876826728244737,Peak_Risk_Adjusted_Forecast_MWH,peak_risk_adjusted,1.610763369088522,21.678203897504513,4.134294029593544,0.034267302976002334
PeakWindowHours14to18,risk_slice,peak_window,640,159.25978903125,159.18576967661002,0.0740193546399794,5.903993858725173,7.903500035603359,3.79642047583452,55.78125000000001,11.630384339289385,19.285987927142173,37.292848962522925,317.629341,317.9170236728245,-0.2876826728244737,Residual_Calibrated_Forecast_MWH,residual_calibrated,1.5263420524244822,20.542032966963397,4.355918537966562,0.11868861964004207
PeakWindowHours14to18,risk_slice,peak_window,640,159.25978903125,157.08379572370956,2.1759933075404314,6.280226092677784,8.130806335796935,4.038924207904657,69.0625,12.68532191211941,20.520037503309652,35.37399376671698,317.629341,312.48951743755526,5.139823562444747,Targeted_Meta_Adjusted_Forecast_MWH,targeted_residual_meta_adjusted,1.1501098184718703,15.478570985546739,2.25394458506611,0.4949208535926539
PeakWindowHours14to18,risk_slice,peak_window,640,159.25978903125,154.84140043272456,4.418388598525455,7.406148126042643,9.266611875431172,4.781051707600654,76.40625,15.112657609208956,23.757607561701292,36.88139877862386,317.629341,313.92285216420987,3.7064888357901395,LGB_Pred_MWH,lgb_component,0.024187785107011806,0.32552747811463834,0.011549294081086181,1.6208428869575124
PeakWindowHours14to18,risk_slice,peak_window,640,159.25978903125,154.82985113864348,4.429937892606541,7.430335911149655,9.309781774932185,4.803465554557775,76.875,15.093460468966041,23.3125178482386,37.94699951207673,317.629341,312.48951743755526,5.139823562444747,Raw_Forecast_MWH,raw_xgb_lgb_production,0.0,0.0,0.0,1.6450306720645242
PeakWindowHours14to18,risk_slice,peak_window,640,159.25978903125,154.82292156219484,4.4368674690551755,7.458748369198608,9.36119265604507,4.823845320754315,77.34375,15.161685667968763,23.472010949707027,38.58635995214843,317.629341,311.6295166015625,5.999824398437511,XGB_Pred_MWH,xgb_component,-0.02841245804895287,-0.38238457034382944,-0.006929576448634123,1.6734431301134771
PeakWindowHours14to18,risk_slice,peak_window,635,158.66431813228346,158.78185352440946,-0.11753539212598425,12.58786115905512,19.132414190499336,7.715987546159023,52.75590551181102,28.63452860000001,105.481991,82.48586599999999,317.629341,298.303833,19.325508000000013,Baseline_SameHourYesterday_MWH,baseline_same_hour_yesterday,-5.157525247905465,-69.41173736393661,4.312402500480557,6.802555919969989
PeakWindowHours14to18,risk_slice,peak_window,630,157.92995657301586,160.31517269008694,-2.3852161170710513,17.61824808202192,25.03711144266638,10.846442331186354,46.507936507936506,45.40124957142858,83.96140271428573,83.07873214285718,317.629341,275.88803033333335,41.741310666666664,Baseline_Rolling7DaySameHourAvg_MWH,baseline_rolling_7day_same_hour_avg,-10.187912170872266,-137.11240370148954,2.04472177553549,11.832942842936792
PeakWindowHours14to18,risk_slice,peak_window,605,153.2283907140496,157.9491315090909,-4.720740795041324,24.503896014876034,36.04892808774223,15.48078398044789,49.917355371900825,67.40128960000003,129.25466699999998,125.67567499999998,304.358241,239.692025,64.66621600000002,Baseline_SameHour7DaysAgo_MWH,baseline_same_hour_7_days_ago,-17.07356010372638,-229.78180674317161,-0.29080290243478224,18.718590775790904
HotPeakDailyMax90Plus,risk_slice,hot_peak,80,254.85525048749997,254.26703307691614,0.5882174105838786,6.0091840056994394,7.975253661780041,2.448047226046357,60.0,11.539193529504292,12.832384093106242,26.850219097652086,317.629341,312.48951743755526,5.139823562444747,Targeted_Meta_Adjusted_Forecast_MWH,targeted_residual_meta_adjusted,0.0,0.0,0.0,-0.5812823860755207
HotPeakDailyMax90Plus,risk_slice,hot_peak,80,254.85525048749997,254.26703307691614,0.5882174105838786,6.0091840056994394,7.975253661780041,2.448047226046357,60.0,11.539193529504292,12.832384093106242,26.850219097652086,317.629341,312.48951743755526,5.139823562444747,Raw_Forecast_MWH,raw_xgb_lgb_production,0.0,0.0,0.0,-0.5812823860755207
HotPeakDailyMax90Plus,risk_slice,hot_peak,80,254.85525048749997,254.06036243606673,0.794888051433259,6.078323811603431,7.985637424778984,2.461519121751263,57.49999999999999,11.811470110101716,13.148925534090552,26.942191682280736,317.629341,313.92285216420987,3.7064888357901395,LGB_Pred_MWH,lgb_component,-0.06913980590399138,-1.1505689597525288,-0.20667064084938047,-0.5121425801715294
HotPeakDailyMax90Plus,risk_slice,hot_peak,80,254.85525048749997,254.3910354614258,0.4642150260742195,6.080047404174802,8.070602060653854,2.485280094828366,61.25000000000001,12.12510907011718,12.765171118164062,26.795035546875,317.629341,311.6295166015625,5.999824398437511,XGB_Pred_MWH,xgb_component,-0.07086339847536216,-1.1792515990216215,0.12400238450965906,-0.5104189876001586
HotPeakDailyMax90Plus,risk_slice,hot_peak,80,254.85525048749997,258.0951859785979,-3.239935491097904,6.2747667461085985,8.748277121976674,2.5461743301453668,32.5,14.048045740780749,9.983866820574917,31.814979813894524,317.629341,317.9170236728245,-0.2876826728244737,Residual_Calibrated_Forecast_MWH,residual_calibrated,-0.2655827404091591,-4.419614046720251,-2.6517180805140255,-0.31569964566636166
HotPeakDailyMax90Plus,risk_slice,hot_peak,80,254.85525048749997,258.0951859785979,-3.239935491097904,6.2747667461085985,8.748277121976674,2.5461743301453668,32.5,14.048045740780749,9.983866820574917,31.814979813894524,317.629341,317.9170236728245,-0.2876826728244737,Warm_Ramp_Adjusted_Forecast_MWH,warm_ramp_adjusted,-0.2655827404091591,-4.419614046720251,-2.6517180805140255,-0.31569964566636166
HotPeakDailyMax90Plus,risk_slice,hot_peak,80,254.85525048749997,258.1182647859507,-3.2630142984507087,6.303136573834723,8.777089424052544,2.556288037264561,32.5,14.048045740780749,9.983866820574917,31.814979813894524,317.629341,317.9170236728245,-0.2876826728244737,Cloud_Solar_Adjusted_Forecast_MWH,cloud_solar_adjusted,-0.2939525681352837,-4.891721868667743,-2.67479688786683,-0.28732981794023704
HotPeakDailyMax90Plus,risk_slice,hot_peak,80,254.85525048749997,258.1182647859507,-3.2630142984507087,6.303136573834723,8.777089424052544,2.556288037264561,32.5,14.048045740780749,9.983866820574917,31.814979813894524,317.629341,317.9170236728245,-0.2876826728244737,Peak_Risk_Adjusted_Forecast_MWH,peak_risk_adjusted,-0.2939525681352837,-4.891721868667743,-2.67479688786683,-0.28732981794023704
HotPeakDailyMax90Plus,risk_slice,hot_peak,80,254.85525048749997,258.8591819757764,-4.003931488276376,6.59046639177496,9.110067799271608,2.6371999667943964,31.25,15.255561432545559,9.636206194514216,33.194918762754696,317.629341,319.15753880422824,-1.5281978042282276,Recent_Corrected_Forecast_MWH,recent_corrected_simulation,-0.5812823860755207,-9.673233263022079,-3.4157140776924977,0.0
HotPeakDailyMax90Plus,risk_slice,hot_peak,80,254.85525048749997,258.8591819757764,-4.003931488276376,6.59046639177496,9.110067799271608,2.6371999667943964,31.25,15.255561432545559,9.636206194514216,33.194918762754696,317.629341,319.15753880422824,-1.5281978042282276,Final_Backtest_Forecast_MWH,final_corrected_production,-0.5812823860755207,-9.673233263022079,-3.4157140776924977,0.0
HotPeakDailyMax90Plus,risk_slice,hot_peak,75,255.2759700933333,248.57518616000002,6.700783933333332,25.647467586666668,35.72009007062545,10.521407948975277,60.0,62.555950200000034,105.481991,82.48586599999999,317.629341,298.303833,19.325508000000013,Baseline_SameHourYesterday_MWH,baseline_same_hour_yesterday,-19.63828358096723,-326.8044972885038,-6.112566522749454,19.057001194891708
HotPeakDailyMax90Plus,risk_slice,hot_peak,70,255.00810261428566,235.2934095203401,19.714693093945574,26.468132049047615,34.80545485745871,10.455255221006682,81.42857142857143,61.525660414285746,83.96140271428573,44.458717999999976,317.629341,275.88803033333335,41.741310666666664,Baseline_Rolling7DaySameHourAvg_MWH,baseline_rolling_7day_same_hour_avg,-20.458948043348176,-340.4613342501043,-19.126475683361694,19.877665657272654
HotPeakDailyMax90Plus,risk_slice,hot_peak,45,243.10151240000002,216.63019213333334,26.471320266666666,36.48767835555555,47.521677121336054,15.049387289260505,77.77777777777779,81.32629180000005,129.25466699999998,31.164141,304.358241,239.692025,64.66621600000002,Baseline_SameHour7DaysAgo_MWH,baseline_same_hour_7_days_ago,-30.478494349856113,-507.19855343002706,-25.883102856082786,29.89721196378059
CloudSolarMidday,risk_slice,cloud_solar_midday,510,133.604598527451,133.09394625848063,0.5106522689703274,6.214458267038794,7.852824058644943,4.629204800808786,52.156862745098046,13.090903571622377,20.808750419490366,28.022857658462954,277.878808,288.44704696328813,-10.568238963288138,Final_Backtest_Forecast_MWH,final_corrected_production,1.4763993814494345,19.19681066700859,4.892510830362972,0.0
CloudSolarMidday,risk_slice,cloud_solar_midday,510,133.604598527451,133.09394625848063,0.5106522689703274,6.214458267038794,7.852824058644943,4.629204800808786,52.156862745098046,13.090903571622377,20.808750419490366,28.022857658462954,277.878808,288.44704696328813,-10.568238963288138,Recent_Corrected_Forecast_MWH,recent_corrected_simulation,1.4763993814494345,19.19681066700859,4.892510830362972,0.0
CloudSolarMidday,risk_slice,cloud_solar_midday,510,133.604598527451,132.92453229089307,0.6800662365579045,6.246565090159422,7.915258171618416,4.651910157828081,53.529411764705884,13.402166182222198,21.22648394812481,29.768324742643784,277.878808,287.84353988323784,-9.964731883237846,Cloud_Solar_Adjusted_Forecast_MWH,cloud_solar_adjusted,1.444292558328807,18.77934327145826,4.723096862775394,0.032106823120627404
CloudSolarMidday,risk_slice,cloud_solar_midday,510,133.604598527451,132.92453229089307,0.6800662365579045,6.246565090159422,7.915258171618416,4.651910157828081,53.529411764705884,13.402166182222198,21.22648394812481,29.768324742643784,277.878808,287.84353988323784,-9.964731883237846,Peak_Risk_Adjusted_Forecast_MWH,peak_risk_adjusted,1.444292558328807,18.77934327145826,4.723096862775394,0.032106823120627404
CloudSolarMidday,risk_slice,cloud_solar_midday,510,133.604598527451,132.41858142482,1.186017102630963,6.290679067840525,8.034566145529768,4.66410517047526,56.07843137254902,13.93263866985194,22.72297203776907,29.659058463614343,277.878808,287.89545077095653,-10.016642770956537,Residual_Calibrated_Forecast_MWH,residual_calibrated,1.4001785806477036,18.20575343665258,4.217145996702336,0.07622080080173088
CloudSolarMidday,risk_slice,cloud_solar_midday,510,133.604598527451,132.44191535233924,1.162683175111753,6.302453647006074,8.038028774426556,4.673347713523142,55.68627450980392,13.93263866985194,22.72297203776907,29.659058463614343,277.878808,287.89545077095653,-10.016642770956537,Warm_Ramp_Adjusted_Forecast_MWH,warm_ramp_adjusted,1.3884040014821544,18.052655047581972,4.240479924221546,0.08799537996728013
CloudSolarMidday,risk_slice,cloud_solar_midday,510,133.604598527451,130.97488109410565,2.6297174333453506,6.476983779864051,8.342026623573622,4.761979193170403,62.549019607843135,14.58534555410287,23.81930206017097,29.359641173619764,277.878808,285.5324711871029,-7.653663187102893,Targeted_Meta_Adjusted_Forecast_MWH,targeted_residual_meta_adjusted,1.2138738686241775,15.78333554077399,2.7734456659879485,0.26252551282525705
CloudSolarMidday,risk_slice,cloud_solar_midday,510,133.604598527451,128.16818509714815,5.4364134303028235,7.6712711231071395,9.878772234690178,5.577474681167036,74.31372549019608,17.56806477074189,26.995507470188713,31.29729972783437,277.878808,278.74434579700306,-0.8655377970030713,LGB_Pred_MWH,lgb_component,0.01958652538108918,0.25467283723472967,-0.033250330969524455,1.4568128560683453
CloudSolarMidday,risk_slice,cloud_solar_midday,510,133.604598527451,128.2014354281177,5.403163099333299,7.690857648488229,9.867076143041228,5.591901208937283,74.50980392156863,17.59900968948001,26.43005153789305,32.169903189563854,277.878808,278.1483046311515,-0.2694966311515259,Raw_Forecast_MWH,raw_xgb_lgb_production,0.0,0.0,0.0,1.4763993814494345
CloudSolarMidday,risk_slice,cloud_solar_midday,510,133.604598527451,128.2213856266994,5.3832129007515706,7.714755407639208,9.880162658686086,5.6106341443805245,74.70588235294117,17.769264143652347,26.516468221679673,32.69346526660155,277.878808,277.7906799316406,0.08812806835936726,XGB_Pred_MWH,xgb_component,-0.023897759150979248,-0.31072944323285934,0.01995019858172853,1.5002971406004137
CloudSolarMidday,risk_slice,cloud_solar_midday,508,133.4218093661417,132.64542814370077,0.7763812224409451,10.774975442913385,14.828343912871846,8.019199292469777,53.14960629921261,24.501512600000016,53.919442000000004,71.42490899999999,277.878808,257.261983,20.616825000000006,Baseline_SameHourYesterday_MWH,baseline_same_hour_yesterday,-3.0841177944251568,-40.101090611544386,4.626781876892354,4.560517175874591
CloudSolarMidday,risk_slice,cloud_solar_midday,506,133.3198191541502,133.11548730004236,0.2043318541078492,14.714120252517413,18.759780528405262,10.85185023836823,48.22134387351779,29.850995500000003,77.53991471428574,65.88467528571431,277.878808,240.124793,37.75401499999998,Baseline_Rolling7DaySameHourAvg_MWH,baseline_rolling_7day_same_hour_avg,-7.023262604029184,-91.31962812248551,5.19883124522545,8.499661985478618
CloudSolarMidday,risk_slice,cloud_solar_midday,494,132.00906887044536,133.43777680161944,-1.428707931174089,21.04809780161943,27.552334341828512,15.58971329012997,49.59514170040486,38.90028309999999,109.276134,114.398425,216.244325,106.968191,109.276134,Baseline_SameHour7DaysAgo_MWH,baseline_same_hour_7_days_ago,-13.357240153131201,-173.6768610683725,3.97445516815921,14.833639534580637
ScoredSeason:Fall,Season,Fall,887,124.44907383540023,122.76129819935102,1.6877756360492129,3.605702661663259,5.113986322225271,2.816932755442429,69.56031567080045,7.810644748964738,20.808750419490366,23.538585602298127,197.495883,192.62901897652887,4.866864023471123,Final_Backtest_Forecast_MWH,final_corrected_production,1.97157467967113,35.350128010658004,3.159578480113616,0.0
ScoredSeason:Fall,Season,Fall,887,124.44907383540023,122.76129819935102,1.6877756360492129,3.605702661663259,5.113986322225271,2.816932755442429,69.56031567080045,7.810644748964738,20.808750419490366,23.538585602298127,197.495883,192.62901897652887,4.866864023471123,Recent_Corrected_Forecast_MWH,recent_corrected_simulation,1.97157467967113,35.350128010658004,3.159578480113616,0.0
ScoredSeason:Fall,Season,Fall,887,124.44907383540023,122.43024199975652,2.018831835643692,3.782683356501313,5.243672672083572,2.9641177366218416,73.50620067643743,7.826859617758859,21.22648394812481,23.13509444723448,197.495883,193.3110932399353,4.184789760064689,Cloud_Solar_Adjusted_Forecast_MWH,cloud_solar_adjusted,1.7945939848330759,32.17688264366841,2.828522280519137,0.17698069483805412
ScoredSeason:Fall,Season,Fall,887,124.44907383540023,122.43024199975652,2.018831835643692,3.782683356501313,5.243672672083572,2.9641177366218416,73.50620067643743,7.826859617758859,21.22648394812481,23.13509444723448,197.495883,193.3110932399353,4.184789760064689,Peak_Risk_Adjusted_Forecast_MWH,peak_risk_adjusted,1.7945939848330759,32.17688264366841,2.828522280519137,0.17698069483805412
ScoredSeason:Fall,Season,Fall,887,124.44907383540023,122.3391082455176,2.10996558988264,3.7846072322422635,5.276687491969625,2.962431415809031,73.84441939120632,7.8140858910545266,22.72297203776907,23.13509444723448,197.495883,193.3110932399353,4.184789760064689,Warm_Ramp_Adjusted_Forecast_MWH,warm_ramp_adjusted,1.7926701090921253,32.14238775264529,2.737388526280189,0.17890457057900466
ScoredSeason:Fall,Season,Fall,887,124.44907383540023,122.22718888108534,2.2218849543148878,3.850082707398757,5.332341179310959,3.0071783017049447,74.40811724915444,7.848586301535165,22.72297203776907,23.13509444723448,197.495883,193.3110932399353,4.184789760064689,Residual_Calibrated_Forecast_MWH,residual_calibrated,1.7271946339356319,30.96841932415706,2.625469161847941,0.2443800457354981
ScoredSeason:Fall,Season,Fall,887,124.44907383540023,121.08552676941748,3.363547065982752,4.496843136925623,5.871779982548412,3.50776845300259,84.32919954904172,8.336808160299368,23.81930206017097,21.780025308462683,197.495883,191.2942306031344,6.201652396865597,Targeted_Meta_Adjusted_Forecast_MWH,targeted_residual_meta_adjusted,1.0804342044087658,19.372072398147356,1.4838070501800766,0.8911404752623642
ScoredSeason:Fall,Season,Fall,887,124.44907383540023,119.68899538298925,4.760078452410974,5.505339757044181,6.942072331040488,4.281232026783614,87.9368658399098,9.83808390374378,26.995507470188713,20.446497103635892,197.495883,189.5236733107105,7.972209689289485,LGB_Pred_MWH,lgb_component,0.07193758429020747,1.2898333700758027,0.08727566375185525,1.8996370953809225
ScoredSeason:Fall,Season,Fall,887,124.44907383540023,119.60171971923741,4.847354116162829,5.577277341334389,6.992138158033206,4.3463836768467425,88.16234498308907,10.05273867139305,26.43005153789305,20.30262798246696,197.495883,189.89264557318145,7.603237426818538,Raw_Forecast_MWH,raw_xgb_lgb_production,0.0,0.0,0.0,1.97157467967113
ScoredSeason:Fall,Season,Fall,887,124.44907383540023,119.5493543209863,4.899719514413931,5.624675983409448,7.033220778312287,4.389040812580852,88.61330326944757,10.327002500195299,26.516468221679673,20.216306509765616,197.495883,190.11402893066406,7.38185406933593,XGB_Pred_MWH,xgb_component,-0.04739864207505917,-0.8498527000581046,-0.05236539825110231,2.018973321746189
ScoredSeason:Fall,Season,Fall,887,124.44907383540023,124.4828755535513,-0.03380171815107106,5.755517815107103,8.550219199996501,4.486655935432394,55.2423900789177,14.631833600000004,36.609300000000005,39.332908,197.495883,183.357908,14.137974999999983,Baseline_SameHourYesterday_MWH,baseline_same_hour_yesterday,-0.17824047377271413,-3.1958330716626917,4.813552398011757,2.149815153443844
ScoredSeason:Fall,Season,Fall,887,124.44907383540023,125.7568670148172,-1.3077931794169757,7.632965179416975,10.818785035394384,5.93864543169248,49.71815107102593,18.554488657142866,40.19886542857142,40.56156800000002,197.495883,157.29701757142857,40.19886542857142,Baseline_Rolling7DaySameHourAvg_MWH,baseline_rolling_7day_same_hour_avg,-2.0556878380825863,-36.85826815258847,3.539560936745853,4.027262517753716
ScoredSeason:Fall,Season,Fall,887,124.44907383540023,127.97965136978578,-3.530577534385569,12.098878806087937,18.343565256420362,9.42883734955962,44.41939120631341,27.35448020000002,42.43152499999999,93.47464200000002,197.495883,160.978691,36.517191999999994,Baseline_SameHour7DaysAgo_MWH,baseline_same_hour_7_days_ago,-6.521601464753548,-116.93163286718004,1.3167765817772596,8.493176144424678
ScoredSeason:Spring,Season,Spring,768,127.912764109375,128.00573430069497,-0.09297019131996172,3.980452403146566,5.483956998757703,3.0390909881870525,55.078125,9.47695641345153,18.469816477481032,17.90267384173015,251.088633,242.12313589248726,8.965497107512732,Final_Backtest_Forecast_MWH,final_corrected_production,1.511201419034744,27.51814786523612,3.6384805671830383,0.0
ScoredSeason:Spring,Season,Spring,768,127.912764109375,128.00573430069497,-0.09297019131996172,3.980452403146566,5.483956998757703,3.0390909881870525,55.078125,9.47695641345153,18.469816477481032,17.90267384173015,251.088633,242.12313589248726,8.965497107512732,Recent_Corrected_Forecast_MWH,recent_corrected_simulation,1.511201419034744,27.51814786523612,3.6384805671830383,0.0
ScoredSeason:Spring,Season,Spring,768,127.912764109375,127.67898302280587,0.2337810865691393,4.0387698983350235,5.4953140731014045,3.0835205648368875,59.505208333333336,9.47822406644507,18.754794408033035,17.594771063376783,251.088633,241.76905003821724,9.319582961782743,Cloud_Solar_Adjusted_Forecast_MWH,cloud_solar_adjusted,1.4528839238462865,26.456218306732133,3.4976696719338607,0.058317495188457524
ScoredSeason:Spring,Season,Spring,768,127.912764109375,127.67898302280587,0.2337810865691393,4.0387698983350235,5.4953140731014045,3.0835205648368875,59.505208333333336,9.47822406644507,18.754794408033035,17.594771063376783,251.088633,241.76905003821724,9.319582961782743,Peak_Risk_Adjusted_Forecast_MWH,peak_risk_adjusted,1.4528839238462865,26.456218306732133,3.4976696719338607,0.058317495188457524
ScoredSeason:Spring,Season,Spring,768,127.912764109375,127.6478944645578,0.26486964481720143,4.067283915000085,5.580848202456345,3.10338999197067,59.635416666666664,9.428981660752033,21.084457680447215,17.594771063376783,251.088633,241.76905003821724,9.319582961782743,Warm_Ramp_Adjusted_Forecast_MWH,warm_ramp_adjusted,1.4243699071812248,25.936993723603983,3.4665811136857987,0.08683151185351923
ScoredSeason:Spring,Season,Spring,768,127.912764109375,127.28261896183892,0.6301451475360876,4.149842168044682,5.626876078986852,3.1390090986611376,61.328125,9.564694055913519,21.084457680447215,17.594771063376783,251.088633,241.76905003821724,9.319582961782743,Residual_Calibrated_Forecast_MWH,residual_calibrated,1.3418116541366283,24.433653277941954,3.1013056109669126,0.16938976489811575
ScoredSeason:Spring,Season,Spring,768,127.912764109375,125.89617574598067,2.0165883633943107,4.595398718153972,6.02318246157541,3.4618326969170656,70.3125,10.276758016662654,21.7146205092331,15.620651243091686,251.088633,239.12053520932398,11.968097790676012,Targeted_Meta_Adjusted_Forecast_MWH,targeted_residual_meta_adjusted,0.8962551040273379,16.320313207057566,1.7148623951086894,0.6149463150074062
ScoredSeason:Spring,Season,Spring,768,127.912764109375,124.21527590374365,3.69748820563134,5.48935029457325,6.9227889589895755,4.142622136693311,79.296875,11.308899417852619,23.34424045121699,14.780642268192452,251.088633,239.2971657502546,11.79146724974538,LGB_Pred_MWH,lgb_component,0.002303527608059852,0.041945972609483975,0.03396255287166028,1.5088978914266842
ScoredSeason:Spring,Season,Spring,768,127.912764109375,124.181313350872,3.731450758503,5.49165382218131,6.896575478900763,4.142478193664873,79.296875,11.394486685909719,22.88524780012679,14.048781341335967,251.088633,239.12053520932398,11.968097790676012,Raw_Forecast_MWH,raw_xgb_lgb_production,0.0,0.0,0.0,1.511201419034744
ScoredSeason:Spring,Season,Spring,768,127.912764109375,124.16093581914902,3.751828290225983,5.499841575920105,6.898519472985078,4.148116354700247,79.16666666666666,11.518735009765631,22.60985220947265,14.532381973632809,251.088633,239.01455688476562,12.074076115234362,XGB_Pred_MWH,xgb_component,-0.008187753738795323,-0.1490944987414212,-0.020377531722982845,1.5193891727735394
ScoredSeason:Spring,Season,Spring,768,127.912764109375,126.9070521080729,1.0057120013020835,9.143865936197917,13.55056865118562,6.685072366997984,56.119791666666664,22.681200000000008,53.919442000000004,52.918058,251.088633,210.358166,40.730466999999976,Baseline_SameHourYesterday_MWH,baseline_same_hour_yesterday,-3.6522121140166073,-66.50477674439304,2.725738757200917,5.163413533051351
ScoredSeason:Spring,Season,Spring,768,127.912764109375,126.09632998400298,1.816434125372024,12.043211899181548,18.088800235336162,8.66801001904779,48.56770833333333,29.7334381,83.96140271428573,65.91625357142857,251.088633,171.9888437142857,79.09978928571428,Baseline_Rolling7DaySameHourAvg_MWH,baseline_rolling_7day_same_hour_avg,-6.551558077000238,-119.3002743643067,1.9150166331309761,8.062759496034982
ScoredSeason:Spring,Season,Spring,768,127.912764109375,125.24949407291666,2.6632700364583335,17.312685018229164,25.55766398630226,12.399904462214371,51.692708333333336,39.6792025,129.25466699999998,84.07922500000001,251.088633,128.644316,122.44431699999998,Baseline_SameHour7DaysAgo_MWH,baseline_same_hour_7_days_ago,-11.821031196047855,-215.2544857853492,1.0681807220446666,13.332232615082598
ScoredSeason:Summer,Season,Summer,576,167.42732230208333,169.5661760646915,-2.138853762608147,5.051537774678904,7.492014886498174,2.9763878088548315,41.31944444444444,12.21196362232709,14.767314206197256,38.094951284718206,317.629341,319.15753880422824,-1.5281978042282276,Final_Backtest_Forecast_MWH,final_corrected_production,0.6037373165269253,10.675648961193065,-0.8562970184618925,0.0
ScoredSeason:Summer,Season,Summer,576,167.42732230208333,169.5661760646915,-2.138853762608147,5.051537774678904,7.492014886498174,2.9763878088548315,41.31944444444444,12.21196362232709,14.767314206197256,38.094951284718206,317.629341,319.15753880422824,-1.5281978042282276,Recent_Corrected_Forecast_MWH,recent_corrected_simulation,0.6037373165269253,10.675648961193065,-0.8562970184618925,0.0
ScoredSeason:Summer,Season,Summer,576,167.42732230208333,169.28234704351175,-1.855024741428392,5.084603850610798,7.4648928347468795,3.025657087637769,42.36111111111111,11.52596367311071,15.394996321033432,37.292848962522925,317.629341,317.9170236728245,-0.2876826728244737,Warm_Ramp_Adjusted_Forecast_MWH,warm_ramp_adjusted,0.5706712405950309,10.090954575886975,-0.5724679972821376,0.03306607593189437
ScoredSeason:Summer,Season,Summer,576,167.42732230208333,169.28234704351175,-1.855024741428392,5.084603850610798,7.4648928347468795,3.025657087637769,42.36111111111111,11.52596367311071,15.394996321033432,37.292848962522925,317.629341,317.9170236728245,-0.2876826728244737,Residual_Calibrated_Forecast_MWH,residual_calibrated,0.5706712405950309,10.090954575886975,-0.5724679972821376,0.03306607593189437
ScoredSeason:Summer,Season,Summer,576,167.42732230208333,169.2957426241393,-1.8684203220560027,5.089049642003412,7.4770656504684005,3.0275023840556714,42.36111111111111,11.600194873761126,15.394996321033432,37.292848962522925,317.629341,317.9170236728245,-0.2876826728244737,Peak_Risk_Adjusted_Forecast_MWH,peak_risk_adjusted,0.5662254492024168,10.012341399323248,-0.5858635779097483,0.03751186732450851
ScoredSeason:Summer,Season,Summer,576,167.42732230208333,169.2957426241393,-1.8684203220560027,5.089049642003412,7.4770656504684005,3.0275023840556714,42.36111111111111,11.600194873761126,15.394996321033432,37.292848962522925,317.629341,317.9170236728245,-0.2876826728244737,Cloud_Solar_Adjusted_Forecast_MWH,cloud_solar_adjusted,0.5662254492024168,10.012341399323248,-0.5858635779097483,0.03751186732450851
ScoredSeason:Summer,Season,Summer,576,167.42732230208333,167.58880765202943,-0.16148534994608227,5.121494300423366,7.227081160524173,3.08663033831073,54.861111111111114,10.361811969332663,18.663964070838205,35.37399376671698,317.629341,312.48951743755526,5.139823562444747,Targeted_Meta_Adjusted_Forecast_MWH,targeted_residual_meta_adjusted,0.5337807907824628,9.438635294903913,1.1210713942001722,0.06995652574446254
ScoredSeason:Summer,Season,Summer,576,167.42732230208333,166.1447655579371,1.2825567441462544,5.655275091205829,7.622935466107211,3.4769689793095084,63.19444444444444,11.272496995396565,21.403653882320867,37.94699951207673,317.629341,312.48951743755526,5.139823562444747,Raw_Forecast_MWH,raw_xgb_lgb_production,0.0,0.0,0.0,0.6037373165269253
ScoredSeason:Summer,Season,Summer,576,167.42732230208333,166.07659470264718,1.3507275994361636,5.667783886233039,7.597757524922269,3.4748881822560764,64.0625,11.029076425094019,22.502113206045777,36.88139877862386,317.629341,313.92285216420987,3.7064888357901395,LGB_Pred_MWH,lgb_component,-0.012508795027209807,-0.22118809121525257,-0.06817085528990918,0.6162461115541351
ScoredSeason:Summer,Season,Summer,576,167.42732230208333,166.18566807111105,1.2416542309722904,5.683027239681668,7.678484017129733,3.4969362294044446,63.888888888888886,11.64895617285157,21.509998339843747,38.58635995214843,317.629341,311.6295166015625,5.999824398437511,XGB_Pred_MWH,xgb_component,-0.027752148475839178,-0.4907303009714742,0.040902513173963984,0.6314894650027645
ScoredSeason:Summer,Season,Summer,552,166.64835651086958,168.84109776086956,-2.1927412499999996,13.435024333333336,20.44425735296772,7.861618825340696,45.108695652173914,28.812332499999993,105.481991,82.48586599999999,317.629341,298.303833,19.325508000000013,Baseline_SameHourYesterday_MWH,baseline_same_hour_yesterday,-7.779749242127507,-137.56623889482083,-0.9101845058537452,8.383486558654432
ScoredSeason:Summer,Season,Summer,528,165.9791031590909,173.2911437390557,-7.312040579964828,19.562266142257396,26.497397446327238,11.75282599955713,38.446969696969695,46.24071548571429,74.37000028571424,83.07873214285718,317.629341,275.88803033333335,41.741310666666664,Baseline_Rolling7DaySameHourAvg_MWH,baseline_rolling_7day_same_hour_avg,-13.906991051051566,-245.91184030424046,-6.029483835818573,14.510728367578492
ScoredSeason:Summer,Season,Summer,408,159.2031378504902,175.14272238480393,-15.939584534313726,27.954972127450983,39.32268660431424,17.207125821346256,38.48039215686275,74.8980062,81.756741,125.67567499999998,304.358241,239.692025,64.66621600000002,Baseline_SameHour7DaysAgo_MWH,baseline_same_hour_7_days_ago,-22.299697036245153,-394.316751645239,-14.657027790167472,22.90343435277208
ScoredSeason:Winter,Season,Winter,839,127.96207823003574,127.62823977970093,0.33383845033481835,3.4212070179549747,4.691870123086984,2.6312045914887996,50.05959475566151,7.693367083580597,19.94541405745366,17.992185566605556,169.004908,161.68742714758002,7.317480852419976,Warm_Ramp_Adjusted_Forecast_MWH,warm_ramp_adjusted,2.298493819622409,40.18556013492397,4.894877585084275,-0.015688970903241728
ScoredSeason:Winter,Season,Winter,839,127.96207823003574,127.62823977970093,0.33383845033481835,3.4212070179549747,4.691870123086984,2.6312045914887996,50.05959475566151,7.693367083580597,19.94541405745366,17.992185566605556,169.004908,161.68742714758002,7.317480852419976,Residual_Calibrated_Forecast_MWH,residual_calibrated,2.298493819622409,40.18556013492397,4.894877585084275,-0.015688970903241728
ScoredSeason:Winter,Season,Winter,839,127.96207823003574,127.8114959372796,0.15058229275616067,3.4289445988279255,4.700815225238396,2.6456582737950907,49.106078665077476,7.518171215768567,19.94541405745366,18.84764337117035,169.004908,161.68742714758002,7.317480852419976,Peak_Risk_Adjusted_Forecast_MWH,peak_risk_adjusted,2.2907562387494584,40.050280666772125,5.078133742662933,-0.007951390030290995
ScoredSeason:Winter,Season,Winter,839,127.96207823003574,127.8114959372796,0.15058229275616067,3.4289445988279255,4.700815225238396,2.6456582737950907,49.106078665077476,7.518171215768567,19.94541405745366,18.84764337117035,169.004908,161.68742714758002,7.317480852419976,Cloud_Solar_Adjusted_Forecast_MWH,cloud_solar_adjusted,2.2907562387494584,40.050280666772125,5.078133742662933,-0.007951390030290995
ScoredSeason:Winter,Season,Winter,839,127.96207823003574,128.04861537198778,-0.0865371419520225,3.4368959888582165,4.690995285206621,2.6573983137386583,46.603098927294404,7.592075668711319,19.6643523667949,19.013691670597936,169.004908,161.87037672328265,7.134531276717354,Final_Backtest_Forecast_MWH,final_corrected_production,2.2828048487191674,39.91126308078141,5.142178893467071,0.0
ScoredSeason:Winter,Season,Winter,839,127.96207823003574,128.04861537198778,-0.0865371419520225,3.4368959888582165,4.690995285206621,2.6573983137386583,46.603098927294404,7.592075668711319,19.6643523667949,19.013691670597936,169.004908,161.87037672328265,7.134531276717354,Recent_Corrected_Forecast_MWH,recent_corrected_simulation,2.2828048487191674,39.91126308078141,5.142178893467071,0.0
ScoredSeason:Winter,Season,Winter,839,127.96207823003574,125.23833946433409,2.723738765701678,4.062915941896993,5.438715034287953,3.0884262028361547,77.35399284862932,8.364848653510299,22.003258348760966,16.01907042338736,169.004908,159.1439294984322,9.860978501567814,Targeted_Meta_Adjusted_Forecast_MWH,targeted_residual_meta_adjusted,1.6567848956803912,28.966285872778847,2.5049772697174157,0.6260199530387762
ScoredSeason:Winter,Season,Winter,839,127.96207823003574,122.73336219461666,5.228716035419094,5.719700837577384,7.291609551043003,4.335503565443897,91.29916567342073,11.336729070823539,24.57606884059544,8.587970366366747,169.004908,154.18277625138037,14.822131748619626,Raw_Forecast_MWH,raw_xgb_lgb_production,0.0,0.0,0.0,2.2828048487191674
ScoredSeason:Winter,Season,Winter,839,127.96207823003574,122.72675192277902,5.235326307256744,5.722991457592601,7.309812821013794,4.334198711128005,90.94159713945173,11.275598836418244,24.935373447968033,8.438666772876402,169.004908,153.8487467208034,15.156161279196596,LGB_Pred_MWH,lgb_component,-0.0032906200152167386,-0.057531330897552704,-0.006610271837650394,2.286095468734384
ScoredSeason:Winter,Season,Winter,839,127.96207823003574,122.73732835771926,5.22474987231649,5.723810873876198,7.290685343264676,4.341369551931815,91.53754469606675,11.235896640625016,24.360486076171867,8.677552522460942,169.004908,154.38319396972656,14.621714030273438,XGB_Pred_MWH,xgb_component,-0.004110036298814457,-0.0718575396778145,0.003966163102603559,2.286914885017982
ScoredSeason:Winter,Season,Winter,839,127.96207823003574,128.23427772348032,-0.2721994934445768,6.469300823599523,9.777639864928588,5.042906957157681,46.00715137067938,16.572295400000023,50.669974999999994,41.295591,169.004908,166.902833,2.1020750000000135,Baseline_SameHourYesterday_MWH,baseline_same_hour_yesterday,-0.7495999860221394,-13.105580297091853,4.956516541974517,3.032404834741307
ScoredSeason:Winter,Season,Winter,839,127.96207823003574,128.8021413873659,-0.840063157330155,8.890749582325897,11.430215788215015,7.00226569844378,43.98092967818832,18.496820685714315,42.67328214285713,33.96398085714286,169.004908,152.63680557142857,16.368102428571433,Baseline_Rolling7DaySameHourAvg_MWH,baseline_rolling_7day_same_hour_avg,-3.1710487447485134,-55.440814734842526,4.388652878088939,5.453853593467681
ScoredSeason:Winter,Season,Winter,839,127.96207823003574,129.02460055184744,-1.0625223218116808,11.11152169249106,14.13355748045241,8.752587444942066,48.033373063170444,23.931293200000013,41.706575,43.586200000000005,169.004908,153.402758,15.602149999999995,Baseline_SameHour7DaysAgo_MWH,baseline_same_hour_7_days_ago,-5.391820854913676,-94.26753265643552,4.166193713607413,7.674625703632843
OriginSeason:Fall,Replay_Origin_Season,Fall,766,124.10255085770234,122.41110505844391,1.6914457992584258,3.79304835824552,5.372429550544694,2.9689068228760798,69.71279373368147,8.31041887260124,20.808750419490366,23.538585602298127,166.374308,162.19751338433022,4.176794615669792,Final_Backtest_Forecast_MWH,final_corrected_production,2.116193705350808,35.81159279948173,3.4329559606571465,0.0
OriginSeason:Fall,Replay_Origin_Season,Fall,766,124.10255085770234,122.41110505844391,1.6914457992584258,3.79304835824552,5.372429550544694,2.9689068228760798,69.71279373368147,8.31041887260124,20.808750419490366,23.538585602298127,166.374308,162.19751338433022,4.176794615669792,Recent_Corrected_Forecast_MWH,recent_corrected_simulation,2.116193705350808,35.81159279948173,3.4329559606571465,0.0
OriginSeason:Fall,Replay_Origin_Season,Fall,766,124.10255085770234,121.89508528160954,2.207465576092809,4.038838444594589,5.55060425583427,3.1667231760158407,75.19582245430809,8.4763012432565,21.22648394812481,23.13509444723448,166.374308,161.7177943586047,4.656513641395321,Cloud_Solar_Adjusted_Forecast_MWH,cloud_solar_adjusted,1.8704036190017392,31.652174659154564,2.916936183822763,0.24579008634906874
OriginSeason:Fall,Replay_Origin_Season,Fall,766,124.10255085770234,121.89508528160954,2.207465576092809,4.038838444594589,5.55060425583427,3.1667231760158407,75.19582245430809,8.4763012432565,21.22648394812481,23.13509444723448,166.374308,161.7177943586047,4.656513641395321,Peak_Risk_Adjusted_Forecast_MWH,peak_risk_adjusted,1.8704036190017392,31.652174659154564,2.916936183822763,0.24579008634906874
OriginSeason:Fall,Replay_Origin_Season,Fall,766,124.10255085770234,121.80361247735557,2.2989383803467835,4.046464469347853,5.602838922686183,3.169190594892256,75.58746736292427,8.353232768029194,22.72297203776907,23.13509444723448,166.374308,161.7177943586047,4.656513641395321,Warm_Ramp_Adjusted_Forecast_MWH,warm_ramp_adjusted,1.8627775942484748,31.523122156799914,2.8254633795687885,0.2534161111023332
OriginSeason:Fall,Replay_Origin_Season,Fall,766,124.10255085770234,121.6740139443903,2.4285369133120627,4.122282676219667,5.6635238291276275,3.221005853103321,76.2402088772846,8.479110158513592,22.72297203776907,23.13509444723448,166.374308,159.25842593422738,7.115882065772638,Residual_Calibrated_Forecast_MWH,residual_calibrated,1.786959387376661,30.240077630008756,2.6958648466035093,0.32923431797414704
OriginSeason:Fall,Replay_Origin_Season,Fall,766,124.10255085770234,120.53688663760573,3.5656642200966124,4.794256253262594,6.2119559559531705,3.7414302308107596,84.46475195822454,8.668687745925503,23.81930206017097,21.780025308462683,166.374308,157.52787165561207,8.84643634438794,Targeted_Meta_Adjusted_Forecast_MWH,targeted_residual_meta_adjusted,1.1149858103337342,18.86850798011075,1.5587375398189596,1.0012078950170737
OriginSeason:Fall,Replay_Origin_Season,Fall,766,124.10255085770234,124.0442412310705,0.05830962663185376,5.25169974151436,7.969679532235649,4.155987313036365,53.65535248041775,13.469787499999988,36.609300000000005,29.481300000000005,166.374308,162.244475,4.129833000000019,Baseline_SameHourYesterday_MWH,baseline_same_hour_yesterday,0.6575423220819685,11.127354659114985,5.0660921332837185,1.4586513832688395
OriginSeason:Fall,Replay_Origin_Season,Fall,766,124.10255085770234,119.09780787164817,5.004742986054187,5.805873987379127,7.27248988974448,4.521107739269178,88.25065274151436,10.243592053594654,26.995507470188713,20.446497103635892,166.374308,155.01133577174494,11.362972228255074,LGB_Pred_MWH,lgb_component,0.10336807621720112,1.749261159125574,0.11965877386138501,2.012825629133607
OriginSeason:Fall,Replay_Origin_Season,Fall,766,124.10255085770234,118.97814909778677,5.124401759915572,5.909242063596328,7.347799019625714,4.6103651047194525,88.64229765013056,10.377278475494919,26.43005153789305,20.30262798246696,166.374308,154.9700044697022,11.404303530297824,Raw_Forecast_MWH,raw_xgb_lgb_production,0.0,0.0,0.0,2.116193705350808
OriginSeason:Fall,Replay_Origin_Season,Fall,766,124.10255085770234,118.90635383346996,5.196197024232392,5.974202637433325,7.4028873643205975,4.6664427639911485,89.16449086161879,10.801044238769528,26.516468221679673,20.216306509765616,166.374308,154.94520568847656,11.429102311523451,XGB_Pred_MWH,xgb_component,-0.06496057383699672,-1.0993046678047593,-0.07179526431681982,2.1811542791878047
OriginSeason:Fall,Replay_Origin_Season,Fall,766,124.10255085770234,123.79679133177919,0.305759525923163,6.501515724356583,8.646373802574194,5.103139131409605,57.44125326370757,15.45840592857143,22.45367457142855,26.504340142857146,166.374308,165.7310317142857,0.6432762857143075,Baseline_Rolling7DaySameHourAvg_MWH,baseline_rolling_7day_same_hour_avg,-0.592273660760255,-10.022836336472581,4.818642233992409,2.708467366111063
OriginSeason:Fall,Replay_Origin_Season,Fall,766,124.10255085770234,123.47980554308093,0.6227453146214103,9.339480084856397,12.863152919159711,7.353870722296713,54.699738903394255,20.3496295,42.43152499999999,59.576267,166.374308,151.760791,14.613517000000002,Baseline_SameHour7DaysAgo_MWH,baseline_same_hour_7_days_ago,-3.4302380212600694,-58.048697012971026,4.501656445294162,5.546431726610877
OriginSeason:Spring,Replay_Origin_Season,Spring,768,127.912764109375,128.00573430069497,-0.09297019131996172,3.980452403146566,5.483956998757703,3.0390909881870525,55.078125,9.47695641345153,18.469816477481032,17.90267384173015,251.088633,242.12313589248726,8.965497107512732,Final_Backtest_Forecast_MWH,final_corrected_production,1.511201419034744,27.51814786523612,3.6384805671830383,0.0
OriginSeason:Spring,Replay_Origin_Season,Spring,768,127.912764109375,128.00573430069497,-0.09297019131996172,3.980452403146566,5.483956998757703,3.0390909881870525,55.078125,9.47695641345153,18.469816477481032,17.90267384173015,251.088633,242.12313589248726,8.965497107512732,Recent_Corrected_Forecast_MWH,recent_corrected_simulation,1.511201419034744,27.51814786523612,3.6384805671830383,0.0
OriginSeason:Spring,Replay_Origin_Season,Spring,768,127.912764109375,127.67898302280587,0.2337810865691393,4.0387698983350235,5.4953140731014045,3.0835205648368875,59.505208333333336,9.47822406644507,18.754794408033035,17.594771063376783,251.088633,241.76905003821724,9.319582961782743,Cloud_Solar_Adjusted_Forecast_MWH,cloud_solar_adjusted,1.4528839238462865,26.456218306732133,3.4976696719338607,0.058317495188457524
OriginSeason:Spring,Replay_Origin_Season,Spring,768,127.912764109375,127.67898302280587,0.2337810865691393,4.0387698983350235,5.4953140731014045,3.0835205648368875,59.505208333333336,9.47822406644507,18.754794408033035,17.594771063376783,251.088633,241.76905003821724,9.319582961782743,Peak_Risk_Adjusted_Forecast_MWH,peak_risk_adjusted,1.4528839238462865,26.456218306732133,3.4976696719338607,0.058317495188457524
OriginSeason:Spring,Replay_Origin_Season,Spring,768,127.912764109375,127.6478944645578,0.26486964481720143,4.067283915000085,5.580848202456345,3.10338999197067,59.635416666666664,9.428981660752033,21.084457680447215,17.594771063376783,251.088633,241.76905003821724,9.319582961782743,Warm_Ramp_Adjusted_Forecast_MWH,warm_ramp_adjusted,1.4243699071812248,25.936993723603983,3.4665811136857987,0.08683151185351923
OriginSeason:Spring,Replay_Origin_Season,Spring,768,127.912764109375,127.28261896183892,0.6301451475360876,4.149842168044682,5.626876078986852,3.1390090986611376,61.328125,9.564694055913519,21.084457680447215,17.594771063376783,251.088633,241.76905003821724,9.319582961782743,Residual_Calibrated_Forecast_MWH,residual_calibrated,1.3418116541366283,24.433653277941954,3.1013056109669126,0.16938976489811575
OriginSeason:Spring,Replay_Origin_Season,Spring,768,127.912764109375,125.89617574598067,2.0165883633943107,4.595398718153972,6.02318246157541,3.4618326969170656,70.3125,10.276758016662654,21.7146205092331,15.620651243091686,251.088633,239.12053520932398,11.968097790676012,Targeted_Meta_Adjusted_Forecast_MWH,targeted_residual_meta_adjusted,0.8962551040273379,16.320313207057566,1.7148623951086894,0.6149463150074062
OriginSeason:Spring,Replay_Origin_Season,Spring,768,127.912764109375,124.21527590374365,3.69748820563134,5.48935029457325,6.9227889589895755,4.142622136693311,79.296875,11.308899417852619,23.34424045121699,14.780642268192452,251.088633,239.2971657502546,11.79146724974538,LGB_Pred_MWH,lgb_component,0.002303527608059852,0.041945972609483975,0.03396255287166028,1.5088978914266842
OriginSeason:Spring,Replay_Origin_Season,Spring,768,127.912764109375,124.181313350872,3.731450758503,5.49165382218131,6.896575478900763,4.142478193664873,79.296875,11.394486685909719,22.88524780012679,14.048781341335967,251.088633,239.12053520932398,11.968097790676012,Raw_Forecast_MWH,raw_xgb_lgb_production,0.0,0.0,0.0,1.511201419034744
OriginSeason:Spring,Replay_Origin_Season,Spring,768,127.912764109375,124.16093581914902,3.751828290225983,5.499841575920105,6.898519472985078,4.148116354700247,79.16666666666666,11.518735009765631,22.60985220947265,14.532381973632809,251.088633,239.01455688476562,12.074076115234362,XGB_Pred_MWH,xgb_component,-0.008187753738795323,-0.1490944987414212,-0.020377531722982845,1.5193891727735394
OriginSeason:Spring,Replay_Origin_Season,Spring,768,127.912764109375,126.9070521080729,1.0057120013020835,9.143865936197917,13.55056865118562,6.685072366997984,56.119791666666664,22.681200000000008,53.919442000000004,52.918058,251.088633,210.358166,40.730466999999976,Baseline_SameHourYesterday_MWH,baseline_same_hour_yesterday,-3.6522121140166073,-66.50477674439304,2.725738757200917,5.163413533051351
OriginSeason:Spring,Replay_Origin_Season,Spring,768,127.912764109375,126.09632998400298,1.816434125372024,12.043211899181548,18.088800235336162,8.66801001904779,48.56770833333333,29.7334381,83.96140271428573,65.91625357142857,251.088633,171.9888437142857,79.09978928571428,Baseline_Rolling7DaySameHourAvg_MWH,baseline_rolling_7day_same_hour_avg,-6.551558077000238,-119.3002743643067,1.9150166331309761,8.062759496034982
OriginSeason:Spring,Replay_Origin_Season,Spring,768,127.912764109375,125.24949407291666,2.6632700364583335,17.312685018229164,25.55766398630226,12.399904462214371,51.692708333333336,39.6792025,129.25466699999998,84.07922500000001,251.088633,128.644316,122.44431699999998,Baseline_SameHour7DaysAgo_MWH,baseline_same_hour_7_days_ago,-11.821031196047855,-215.2544857853492,1.0681807220446666,13.332232615082598
OriginSeason:Summer,Replay_Origin_Season,Summer,768,157.85690738671875,158.92815953627152,-1.0712521495527705,4.5517066986354875,6.7446821094675125,2.8233740614847984,47.91666666666667,9.851993701195404,15.394996321033432,37.292848962522925,317.629341,317.9170236728245,-0.2876826728244737,Warm_Ramp_Adjusted_Forecast_MWH,warm_ramp_adjusted,0.8119144528797664,15.137431036686772,0.8767689494827373,-0.010600344033797171
OriginSeason:Summer,Replay_Origin_Season,Summer,768,157.85690738671875,158.92815953627152,-1.0712521495527705,4.5517066986354875,6.7446821094675125,2.8233740614847984,47.91666666666667,9.851993701195404,15.394996321033432,37.292848962522925,317.629341,317.9170236728245,-0.2876826728244737,Residual_Calibrated_Forecast_MWH,residual_calibrated,0.8119144528797664,15.137431036686772,0.8767689494827373,-0.010600344033797171
OriginSeason:Summer,Replay_Origin_Season,Summer,768,157.85690738671875,158.9564900852915,-1.0995826985727473,4.561451407752197,6.768167365509671,2.829962578405575,47.91666666666667,9.937336070630895,15.394996321033432,37.292848962522925,317.629341,317.9170236728245,-0.2876826728244737,Peak_Risk_Adjusted_Forecast_MWH,peak_risk_adjusted,0.8021697437630566,14.955749503979025,0.8484384004627605,-0.0008556349170874
OriginSeason:Summer,Replay_Origin_Season,Summer,768,157.85690738671875,158.9564900852915,-1.0995826985727473,4.561451407752197,6.768167365509671,2.829962578405575,47.91666666666667,9.937336070630895,15.394996321033432,37.292848962522925,317.629341,317.9170236728245,-0.2876826728244737,Cloud_Solar_Adjusted_Forecast_MWH,cloud_solar_adjusted,0.8021697437630566,14.955749503979025,0.8484384004627605,-0.0008556349170874
OriginSeason:Summer,Replay_Origin_Season,Summer,768,157.85690738671875,159.06132778886527,-1.2044204021465281,4.562307042669285,6.800411414686823,2.8112374228839916,48.046875,10.394420016403567,14.767314206197256,38.094951284718206,317.629341,319.15753880422824,-1.5281978042282276,Final_Backtest_Forecast_MWH,final_corrected_production,0.8013141088459692,14.939796943331714,0.7436006968889797,0.0
OriginSeason:Summer,Replay_Origin_Season,Summer,768,157.85690738671875,159.06132778886527,-1.2044204021465281,4.562307042669285,6.800411414686823,2.8112374228839916,48.046875,10.394420016403567,14.767314206197256,38.094951284718206,317.629341,319.15753880422824,-1.5281978042282276,Recent_Corrected_Forecast_MWH,recent_corrected_simulation,0.8013141088459692,14.939796943331714,0.7436006968889797,0.0
OriginSeason:Summer,Replay_Origin_Season,Summer,768,157.85690738671875,157.31764132505376,0.5392660616649961,4.7319199562733765,6.652762828251422,2.9816116793661003,61.588541666666664,9.517459187993882,18.663964070838205,35.37399376671698,317.629341,312.48951743755526,5.139823562444747,Targeted_Meta_Adjusted_Forecast_MWH,targeted_residual_meta_adjusted,0.6317011952418774,11.777513314179885,1.4087550373705118,0.1696129136040918
OriginSeason:Summer,Replay_Origin_Season,Summer,768,157.85690738671875,155.90888628768326,1.9480210990355078,5.363621151515254,7.163950548781579,3.445073466754333,68.88020833333334,10.696717131699009,21.403653882320867,37.94699951207673,317.629341,312.48951743755526,5.139823562444747,Raw_Forecast_MWH,raw_xgb_lgb_production,0.0,0.0,0.0,0.8013141088459692
OriginSeason:Summer,Replay_Origin_Season,Summer,768,157.85690738671875,155.94173469146094,1.9151726952578236,5.377522539627075,7.20399964853059,3.45566246566366,69.53125,10.707538714746093,21.509998339843747,38.58635995214843,317.629341,311.6295166015625,5.999824398437511,XGB_Pred_MWH,xgb_component,-0.013901388111821511,-0.2591791574968767,0.032848403777684165,0.8152154969577907
OriginSeason:Summer,Replay_Origin_Season,Summer,768,157.85690738671875,155.8541389480538,2.0027684386649542,5.388592121785478,7.156215582322645,3.4541587021129563,69.53125,10.517978081827064,22.502113206045777,36.88139877862386,317.629341,313.92285216420987,3.7064888357901395,LGB_Pred_MWH,lgb_component,-0.02497097027022388,-0.46556178307204704,-0.054747339629446445,0.8262850791161931
OriginSeason:Summer,Replay_Origin_Season,Summer,744,156.97024196370967,158.75581344758064,-1.7855714838709675,12.05071128763441,18.465216103700424,7.3825766942515925,48.52150537634409,25.895928800000014,105.481991,82.48586599999999,317.629341,298.303833,19.325508000000013,Baseline_SameHourYesterday_MWH,baseline_same_hour_yesterday,-6.687090136119156,-124.67491545762913,0.16244961516454026,7.488404244965126
OriginSeason:Summer,Replay_Origin_Season,Summer,720,156.15685235416666,163.21453658800598,-7.057684233839286,17.65623632555225,24.28505048085204,11.127115091979809,35.97222222222222,41.77813330000001,74.37000028571424,83.07873214285718,317.629341,275.88803033333335,41.741310666666664,Baseline_Rolling7DaySameHourAvg_MWH,baseline_rolling_7day_same_hour_avg,-12.292615174036996,-229.18500070729758,-5.109663134803778,13.093929282882964
OriginSeason:Summer,Replay_Origin_Season,Summer,600,149.58474578333332,166.10422616000002,-16.519480376666664,25.95665444,36.72695919633489,17.00522215175989,31.166666666666664,67.70277170000001,81.756741,125.67567499999998,304.358241,239.692025,64.66621600000002,Baseline_SameHour7DaysAgo_MWH,baseline_same_hour_7_days_ago,-20.593033288484747,-383.9389976800859,-14.571459277631156,21.394347397330716
OriginSeason:Winter,Replay_Origin_Season,Winter,768,127.4583215403646,127.26968802668625,0.1886335136783228,3.3343341053937774,4.604253566481444,2.5808392261110353,48.4375,7.539144507620989,19.94541405745366,17.992185566605556,169.004908,161.68742714758002,7.317480852419976,Warm_Ramp_Adjusted_Forecast_MWH,warm_ramp_adjusted,2.339587759120655,41.23404965713031,5.024747459273102,-0.027870194835811102
OriginSeason:Winter,Replay_Origin_Season,Winter,768,127.4583215403646,127.26968802668625,0.1886335136783228,3.3343341053937774,4.604253566481444,2.5808392261110353,48.4375,7.539144507620989,19.94541405745366,17.992185566605556,169.004908,161.68742714758002,7.317480852419976,Residual_Calibrated_Forecast_MWH,residual_calibrated,2.339587759120655,41.23404965713031,5.024747459273102,-0.027870194835811102
OriginSeason:Winter,Replay_Origin_Season,Winter,768,127.4583215403646,127.46562211647019,-0.007300576105606711,3.3417608329610893,4.614101431402093,2.5958331826433674,47.39583333333333,7.381122020136016,19.94541405745366,18.84764337117035,169.004908,161.68742714758002,7.317480852419976,Peak_Risk_Adjusted_Forecast_MWH,peak_risk_adjusted,2.332161031553343,41.10315734411205,5.206080396845818,-0.020443467268499216
OriginSeason:Winter,Replay_Origin_Season,Winter,768,127.4583215403646,127.46562211647019,-0.007300576105606711,3.3417608329610893,4.614101431402093,2.5958331826433674,47.39583333333333,7.381122020136016,19.94541405745366,18.84764337117035,169.004908,161.68742714758002,7.317480852419976,Cloud_Solar_Adjusted_Forecast_MWH,cloud_solar_adjusted,2.332161031553343,41.10315734411205,5.206080396845818,-0.020443467268499216
OriginSeason:Winter,Replay_Origin_Season,Winter,768,127.4583215403646,127.69032681844766,-0.23200527808308402,3.3622043002295885,4.616195933118524,2.6163580079512623,44.66145833333333,7.379645488421177,19.6643523667949,19.013691670597936,169.004908,161.87037672328265,7.134531276717354,Final_Backtest_Forecast_MWH,final_corrected_production,2.311717564284844,40.74285158459224,4.9813756948683405,0.0
OriginSeason:Winter,Replay_Origin_Season,Winter,768,127.4583215403646,127.69032681844766,-0.23200527808308402,3.3622043002295885,4.616195933118524,2.6163580079512623,44.66145833333333,7.379645488421177,19.6643523667949,19.013691670597936,169.004908,161.87037672328265,7.134531276717354,Recent_Corrected_Forecast_MWH,recent_corrected_simulation,2.311717564284844,40.74285158459224,4.9813756948683405,0.0
OriginSeason:Winter,Replay_Origin_Season,Winter,768,127.4583215403646,124.81481583407715,2.643505706287426,3.959573226993962,5.344167493332204,3.0269087894604243,77.21354166666666,8.291853079081386,22.003258348760966,16.01907042338736,169.004908,159.1439294984322,9.860978501567814,Targeted_Meta_Adjusted_Forecast_MWH,targeted_residual_meta_adjusted,1.7143486375204704,30.21452671462162,2.569875266663998,0.5973689267643736
OriginSeason:Winter,Replay_Origin_Season,Winter,768,127.4583215403646,122.24494056741317,5.213380972951424,5.6739218645144325,7.277246749546362,4.3204529325134615,91.66666666666666,11.379749241952178,24.57606884059544,8.587970366366747,169.004908,154.18277625138037,14.822131748619626,Raw_Forecast_MWH,raw_xgb_lgb_production,0.0,0.0,0.0,2.311717564284844
OriginSeason:Winter,Replay_Origin_Season,Winter,768,127.4583215403646,122.25823086500168,5.2000906753629055,5.675276145593007,7.270533475914655,4.324582802239659,91.796875,11.251576259765644,24.360486076171867,8.677552522460942,169.004908,154.38319396972656,14.621714030273438,XGB_Pred_MWH,xgb_component,-0.001354281078574715,-0.023868518300271178,0.01329029758851874,2.3130718453634187
OriginSeason:Winter,Replay_Origin_Season,Winter,768,127.4583215403646,122.22279007143231,5.235531468932265,5.681942046907491,7.305099785417781,4.322159775872424,91.40625,11.312120014290178,24.935373447968033,8.438666772876402,169.004908,153.8487467208034,15.156161279196596,LGB_Pred_MWH,lgb_component,-0.008020182393058128,-0.14135165383960546,-0.02215049598084118,2.319737746677902
OriginSeason:Winter,Replay_Origin_Season,Winter,768,127.4583215403646,127.69914271093751,-0.24082117057291683,6.4589712565104165,9.779016967543743,5.044470053467256,45.96354166666667,16.28120500000003,50.669974999999994,41.295591,169.004908,166.902833,2.1020750000000135,Baseline_SameHourYesterday_MWH,baseline_same_hour_yesterday,-0.785049391995984,-13.836098041917037,4.972559802378507,3.096766956280828
OriginSeason:Winter,Replay_Origin_Season,Winter,768,127.4583215403646,128.60189200111608,-1.143570460751488,8.940109814546132,11.538795750294053,7.066984512742847,40.88541666666667,18.795348857142866,42.67328214285713,33.96398085714286,169.004908,152.63680557142857,16.368102428571433,Baseline_Rolling7DaySameHourAvg_MWH,baseline_rolling_7day_same_hour_avg,-3.266187950031699,-57.56490885887826,4.069810512199936,5.577905514316543
OriginSeason:Winter,Replay_Origin_Season,Winter,768,127.4583215403646,128.8798888268229,-1.4215672864583333,11.369617734375,14.473168750518385,8.97279774236957,45.3125,24.48426,41.706575,43.586200000000005,169.004908,153.402758,15.602149999999995,Baseline_SameHour7DaysAgo_MWH,baseline_same_hour_7_days_ago,-5.695695869860567,-100.38375581945027,3.791813686493091,8.00741343414541
Horizon:Day1,Replay_Horizon_Bucket,Day1,192,139.104971390625,140.0466557415052,-0.9416843508801733,4.1838503053562235,6.960377982334877,2.8422554954823904,38.02083333333333,9.539394513240227,17.273237228235786,37.292848962522925,286.654366,284.6815372624627,1.9728287375372702,Warm_Ramp_Adjusted_Forecast_MWH,warm_ramp_adjusted,0.7708620900257026,15.558160161711706,1.3403447376179334,-0.07978887204501461
Horizon:Day1,Replay_Horizon_Bucket,Day1,192,139.104971390625,140.14282453990867,-1.0378531492836787,4.186608444795319,6.9634176321779355,2.8458319858680854,36.97916666666667,10.02386942400305,17.145036064102612,37.292848962522925,286.654366,284.6815372624627,1.9728287375372702,Cloud_Solar_Adjusted_Forecast_MWH,cloud_solar_adjusted,0.7681039505866067,15.502493167969211,1.244175939214428,-0.07703073260591875
Horizon:Day1,Replay_Horizon_Bucket,Day1,192,139.104971390625,140.14282453990867,-1.0378531492836787,4.186608444795319,6.9634176321779355,2.8458319858680854,36.97916666666667,10.02386942400305,17.145036064102612,37.292848962522925,286.654366,284.6815372624627,1.9728287375372702,Peak_Risk_Adjusted_Forecast_MWH,peak_risk_adjusted,0.7681039505866067,15.502493167969211,1.244175939214428,-0.07703073260591875
Horizon:Day1,Replay_Horizon_Bucket,Day1,192,139.104971390625,138.38538540939513,0.7195859812298678,4.215332777794658,6.756118389308893,2.839702251131031,64.0625,9.43522194533001,19.57161076230824,34.82300581545715,286.654366,281.7841931000896,4.870172899910358,Targeted_Meta_Adjusted_Forecast_MWH,targeted_residual_meta_adjusted,0.739379617587268,14.922755522124994,1.5624431072682388,-0.04830639960658001
Horizon:Day1,Replay_Horizon_Bucket,Day1,192,139.104971390625,139.96152387422364,-0.8565524835986537,4.245847031700662,6.998231819290213,2.881946013458554,39.58333333333333,9.539394513240227,17.273237228235786,37.292848962522925,286.654366,284.6815372624627,1.9728287375372702,Residual_Calibrated_Forecast_MWH,residual_calibrated,0.7088653636812641,14.306892249527278,1.425476604899453,-0.01779214570057608
Horizon:Day1,Replay_Horizon_Bucket,Day1,192,139.104971390625,140.44292761373774,-1.337956223112739,4.263639177401238,7.074185083356316,2.9071720295005887,35.41666666666667,10.288593307943108,16.7952051319581,38.094951284718206,286.654366,283.881604685093,2.7727613149069725,Recent_Corrected_Forecast_MWH,recent_corrected_simulation,0.691073217980688,13.947796821159741,0.9440728653853676,0.0
Horizon:Day1,Replay_Horizon_Bucket,Day1,192,139.104971390625,140.44292761373774,-1.337956223112739,4.263639177401238,7.074185083356316,2.9071720295005887,35.41666666666667,10.288593307943108,16.7952051319581,38.094951284718206,286.654366,283.881604685093,2.7727613149069725,Final_Backtest_Forecast_MWH,final_corrected_production,0.691073217980688,13.947796821159741,0.9440728653853676,0.0
Horizon:Day1,Replay_Horizon_Bucket,Day1,192,139.104971390625,136.7867952068626,2.318176183762399,4.912440375583831,7.163361705172303,3.3896517753982462,76.04166666666666,10.780004630036625,23.355085499835383,29.9414264246237,286.654366,280.3346813560983,6.319684643901667,LGB_Pred_MWH,lgb_component,0.04227201979809525,0.8531679828176338,-0.03614709526429216,0.6488011981825927
Horizon:Day1,Replay_Horizon_Bucket,Day1,192,139.104971390625,136.8229423021269,2.2820290884981067,4.954712395381926,7.184826222314113,3.422587987340145,74.47916666666666,10.773392753163701,22.882492036498334,30.671620846733873,286.654366,281.7841931000896,4.870172899910358,Raw_Forecast_MWH,raw_xgb_lgb_production,0.0,0.0,0.0,0.691073217980688
Horizon:Day1,Replay_Horizon_Bucket,Day1,192,139.104971390625,136.8446305592855,2.260340831339519,4.989074624572755,7.215236636526537,3.447778900064375,73.95833333333334,10.666272917285145,22.5989359584961,31.109737499999994,286.654366,282.6539001464844,4.000465853515607,XGB_Pred_MWH,xgb_component,-0.034362229190828764,-0.6935262119927751,0.02168825715858791,0.7254354471715168
Horizon:Day1,Replay_Horizon_Bucket,Day1,168,132.4994622321429,129.16176173554422,3.3377004965986403,10.088691853741498,17.237112889080592,6.688610143369302,51.19047619047619,20.289695485714272,74.37000028571424,22.974153999999984,286.654366,212.99188914285716,73.66247685714282,Baseline_Rolling7DaySameHourAvg_MWH,baseline_rolling_7day_same_hour_avg,-5.133979458359572,-103.61811238821315,-1.0556714081005336,5.82505267634026
Horizon:Day1,Replay_Horizon_Bucket,Day1,168,132.4994622321429,134.15333604166668,-1.65387380952381,11.835266678571429,15.381936043180188,9.165610372289256,44.047619047619044,26.26689980000001,33.844975000000034,48.518382999999986,286.654366,258.20405,28.450315999999987,Baseline_SameHour7DaysAgo_MWH,baseline_same_hour_7_days_ago,-6.880554283189503,-138.86889357296644,0.6281552789742968,7.571627501170191
Horizon:Day1,Replay_Horizon_Bucket,Day1,168,132.4994622321429,127.58153141666666,4.917930815476191,11.836933494047619,22.51835208387754,7.510203123576037,48.214285714285715,21.44012110000002,105.481991,34.821708,286.654366,181.172375,105.481991,Baseline_SameHourYesterday_MWH,baseline_same_hour_yesterday,-6.882221098665693,-138.9025345866758,-2.635901726978084,7.573294316646381
Horizon:Days2to7,Replay_Horizon_Bucket,Days2to7,1152,136.39106781857637,137.02455580499822,-0.6334879864218412,3.675624810774847,5.461165198684139,2.613018011466917,47.74305555555556,8.13440712208566,19.08861385057635,34.236943427013756,317.629341,319.15753880422824,-1.5281978042282276,Final_Backtest_Forecast_MWH,final_corrected_production,1.5567958446723487,29.75288011394212,2.5697893293765395,0.0
Horizon:Days2to7,Replay_Horizon_Bucket,Days2to7,1152,136.39106781857637,137.02455580499822,-0.6334879864218412,3.675624810774847,5.461165198684139,2.613018011466917,47.74305555555556,8.13440712208566,19.08861385057635,34.236943427013756,317.629341,319.15753880422824,-1.5281978042282276,Recent_Corrected_Forecast_MWH,recent_corrected_simulation,1.5567958446723487,29.75288011394212,2.5697893293765395,0.0
Horizon:Days2to7,Replay_Horizon_Bucket,Days2to7,1152,136.39106781857637,136.59090767447802,-0.19983985590163536,3.792710006884178,5.548417692890399,2.7133785344508152,53.21180555555556,7.895638717509187,21.084457680447215,35.82545264473569,317.629341,317.9170236728245,-0.2876826728244737,Warm_Ramp_Adjusted_Forecast_MWH,warm_ramp_adjusted,1.4397106485630173,27.515193126993925,3.0034374598967455,0.11708519610933132
Horizon:Days2to7,Replay_Horizon_Bucket,Days2to7,1152,136.39106781857637,136.64708652832385,-0.25601870974746144,3.7995902742446717,5.542532032294996,2.7207520871648843,52.69097222222222,8.060798861385233,19.5588132520397,36.10998561624322,317.629341,317.9170236728245,-0.2876826728244737,Cloud_Solar_Adjusted_Forecast_MWH,cloud_solar_adjusted,1.4328303812025238,27.383700118049187,2.9472586060509194,0.12396546346982484
Horizon:Days2to7,Replay_Horizon_Bucket,Days2to7,1152,136.39106781857637,136.64708652832385,-0.25601870974746144,3.7995902742446717,5.542532032294996,2.7207520871648843,52.69097222222222,8.060798861385233,19.5588132520397,36.10998561624322,317.629341,317.9170236728245,-0.2876826728244737,Peak_Risk_Adjusted_Forecast_MWH,peak_risk_adjusted,1.4328303812025238,27.383700118049187,2.9472586060509194,0.12396546346982484
Horizon:Days2to7,Replay_Horizon_Bucket,Days2to7,1152,136.39106781857637,136.45594773606226,-0.06487991748586157,3.9069363608343823,5.674681835032641,2.7796257257873176,53.645833333333336,8.742261982648408,21.084457680447215,35.82545264473569,317.629341,317.9170236728245,-0.2876826728244737,Residual_Calibrated_Forecast_MWH,residual_calibrated,1.3254842946128131,25.332143225772985,3.1383973983125193,0.23131155005953552
Horizon:Days2to7,Replay_Horizon_Bucket,Days2to7,1152,136.39106781857637,134.83259533915034,1.5584724794260325,4.2295954196048395,5.905098144426638,3.0520713909446178,69.53125,9.157420074774455,21.7146205092331,35.37399376671698,317.629341,312.48951743755526,5.139823562444747,Targeted_Meta_Adjusted_Forecast_MWH,targeted_residual_meta_adjusted,1.002825235842356,19.165608078516545,1.6448048363723482,0.5539706088299927
Horizon:Days2to7,Replay_Horizon_Bucket,Days2to7,1152,136.39106781857637,133.17322308841807,3.217844730158301,5.209091090738621,6.879617295288463,3.819459644828839,79.86111111111111,10.774479552974705,23.690253050580623,36.88139877862386,317.629341,313.92285216420987,3.7064888357901395,LGB_Pred_MWH,lgb_component,0.0233295647085745,0.4458656183211747,-0.01456741435992015,1.5334662799637742
Horizon:Days2to7,Replay_Horizon_Bucket,Days2to7,1152,136.39106781857637,133.18779050277803,3.2032773157983807,5.2324206554471955,6.905376451118651,3.8438299986296887,79.34027777777779,10.847786468168922,23.657124445168478,37.94699951207673,317.629341,312.48951743755526,5.139823562444747,Raw_Forecast_MWH,raw_xgb_lgb_production,0.0,0.0,0.0,1.5567958446723487
Horizon:Days2to7,Replay_Horizon_Bucket,Days2to7,1152,136.39106781857637,133.19653095139398,3.1945368671824133,5.2625710065943405,6.941614344135502,3.8684899469212044,79.51388888888889,10.966505603027347,23.661380746093755,38.58635995214843,317.629341,311.6295166015625,5.999824398437511,XGB_Pred_MWH,xgb_component,-0.030150351147145038,-0.5762218508895517,0.008740448615967455,1.5869461958194937
Horizon:Days2to7,Replay_Horizon_Bucket,Days2to7,1152,136.39106781857637,135.96752753038194,0.4235402881944446,7.867226078125,12.89503587481894,5.448136891484593,51.736111111111114,19.316163800000023,53.919442000000004,82.48586599999999,317.629341,298.303833,19.325508000000013,Baseline_SameHourYesterday_MWH,baseline_same_hour_yesterday,-2.634805422677805,-50.355382263366934,2.779737027603936,4.191601267350153
Horizon:Days2to7,Replay_Horizon_Bucket,Days2to7,1128,135.43402819237588,135.29552339875252,0.13850479362335355,11.06407318057033,15.981102995711804,7.723712831752,42.90780141843972,23.422236657142886,83.96140271428573,69.01080257142857,317.629341,275.88803033333335,41.741310666666664,Baseline_Rolling7DaySameHourAvg_MWH,baseline_rolling_7day_same_hour_avg,-5.831652525123135,-111.45228774854161,3.0647725221750273,7.3884483697954835
Horizon:Days2to7,Replay_Horizon_Bucket,Days2to7,1008,129.0550571190476,128.3563871825397,0.6986699365079365,14.096028432539683,20.307391164264512,10.358462519055415,43.84920634920635,30.540660000000017,129.25466699999998,59.576267,251.088633,128.644316,122.44431699999998,Baseline_SameHour7DaysAgo_MWH,baseline_same_hour_7_days_ago,-8.863607777092486,-169.39784395708045,2.5046073792904444,10.420403621764835
Horizon:Days8to16,Replay_Horizon_Bucket,Days8to16,1726,132.439738108343,131.79794366565616,0.6417944426868413,4.0530409590413115,5.547736983411796,3.017511018110201,60.892236384704525,9.117013511187238,20.808750419490366,23.538585602298127,304.358241,316.9718041012308,-12.613563101230795,Final_Backtest_Forecast_MWH,final_corrected_production,1.880823014001754,31.696429553258042,4.0874510203028604,0.0
Horizon:Days8to16,Replay_Horizon_Bucket,Days8to16,1726,132.439738108343,131.79794366565616,0.6417944426868413,4.0530409590413115,5.547736983411796,3.017511018110201,60.892236384704525,9.117013511187238,20.808750419490366,23.538585602298127,304.358241,316.9718041012308,-12.613563101230795,Recent_Corrected_Forecast_MWH,recent_corrected_simulation,1.880823014001754,31.696429553258042,4.0874510203028604,0.0
Horizon:Days8to16,Replay_Horizon_Bucket,Days8to16,1726,132.439738108343,131.56223086088602,0.8775072474569853,4.104423936279255,5.573931123558634,3.059188149135476,62.97798377752027,9.146363476973363,21.22648394812481,23.13509444723448,304.358241,315.76795501387033,-11.409714013870314,Cloud_Solar_Adjusted_Forecast_MWH,cloud_solar_adjusted,1.8294400367638106,30.830501762001433,3.8517382155327162,0.05138297723794327
Horizon:Days8to16,Replay_Horizon_Bucket,Days8to16,1726,132.439738108343,131.56223086088602,0.8775072474569853,4.104423936279255,5.573931123558634,3.059188149135476,62.97798377752027,9.146363476973363,21.22648394812481,23.13509444723448,304.358241,315.76795501387033,-11.409714013870314,Peak_Risk_Adjusted_Forecast_MWH,peak_risk_adjusted,1.8294400367638106,30.830501762001433,3.8517382155327162,0.05138297723794327
Horizon:Days8to16,Replay_Horizon_Bucket,Days8to16,1726,132.439738108343,131.33570602355283,1.1040320847901701,4.105001932079561,5.572856364503925,3.0550537690796435,63.78910776361529,8.973586344228394,22.72297203776907,23.13509444723448,304.358241,314.83284624428865,-10.474605244288625,Residual_Calibrated_Forecast_MWH,residual_calibrated,1.8288620409635046,30.82076113088937,3.6252133781995313,0.051960973038249314
Horizon:Days8to16,Replay_Horizon_Bucket,Days8to16,1726,132.439738108343,131.4562071213318,0.98353098701121,4.117754334400944,5.615011235760767,3.064840201375773,63.20973348783314,9.082235109308058,22.72297203776907,23.13509444723448,304.358241,314.83284624428865,-10.474605244288625,Warm_Ramp_Adjusted_Forecast_MWH,warm_ramp_adjusted,1.8161096386421214,30.605852221967357,3.7457144759784913,0.06471337535963251
Horizon:Days8to16,Replay_Horizon_Bucket,Days8to16,1726,132.439738108343,129.66402167220548,2.7757164361375275,4.7479116185222265,6.1088873740296314,3.5214123484975444,76.99884125144844,9.3578653886169,23.81930206017097,21.780025308462683,304.358241,309.7884304285023,-5.430189428502274,Targeted_Meta_Adjusted_Forecast_MWH,targeted_residual_meta_adjusted,1.1859523545208388,19.98617359461724,1.9535290268521739,0.6948706594809151
Horizon:Days8to16,Replay_Horizon_Bucket,Days8to16,1726,132.439738108343,127.75823669359659,4.681501414746407,5.921917296337127,7.35061166111528,4.383594593646663,84.29895712630359,10.939934182641764,26.995507470188713,20.446497103635892,304.358241,309.885745302829,-5.527504302828959,LGB_Pred_MWH,lgb_component,0.011946676705938408,0.20133047808663854,0.04774404824329448,1.8688763372958155
Horizon:Days8to16,Replay_Horizon_Bucket,Days8to16,1726,132.439738108343,127.71049264535328,4.729245462989701,5.933863973043065,7.3454915980645845,4.3984114400907774,84.82039397450754,11.184214293732005,26.43005153789305,20.30262798246696,304.358241,309.7884304285023,-5.430189428502274,Raw_Forecast_MWH,raw_xgb_lgb_production,0.0,0.0,0.0,1.880823014001754
Horizon:Days8to16,Replay_Horizon_Bucket,Days8to16,1726,132.439738108343,127.68184621640732,4.757891891935665,5.949178918490696,7.359196094496784,4.413095547920725,85.28389339513326,11.240947733886713,26.516468221679673,20.216306509765616,304.358241,309.73004150390625,-5.371800503906229,XGB_Pred_MWH,xgb_component,-0.015314945447630457,-0.25809397581752264,-0.028646428945963365,1.8961379594493843
Horizon:Days8to16,Replay_Horizon_Bucket,Days8to16,1726,132.439738108343,133.60456698493627,-1.1648288765932795,8.06480932502897,11.793084292276719,5.878588700738887,50.92699884125145,19.993783499999992,39.08298300000001,52.918058,304.358241,309.0606,-4.702359000000001,Baseline_SameHourYesterday_MWH,baseline_same_hour_yesterday,-2.130945351985904,-35.91159759756156,3.5644165863964217,4.011768365987658
Horizon:Days8to16,Replay_Horizon_Bucket,Days8to16,1726,132.439738108343,135.36414636310215,-2.924408254759147,11.374662512332396,16.976593473875013,8.209135957704593,47.27694090382387,27.688978785714284,53.55053057142857,83.07873214285718,304.358241,271.89027342857145,32.467967571428574,Baseline_Rolling7DaySameHourAvg_MWH,baseline_rolling_7day_same_hour_avg,-5.4407985392893305,-91.69065155531571,1.8048372082305546,7.321621553291084
Horizon:Days8to16,Replay_Horizon_Bucket,Days8to16,1726,132.439738108343,137.6004832410197,-5.160745132676708,16.546304438586326,25.735462320192866,11.743499881635707,48.37775202780997,38.280354,96.09553299999999,125.67567499999998,304.358241,239.692025,64.66621600000002,Baseline_SameHour7DaysAgo_MWH,baseline_same_hour_7_days_ago,-10.61244046554326,-178.84536136578944,-0.4314996696870068,12.493263479545014
