Slice,SliceGroup,SliceValue,N,RealizedWeather_MAE_MWH,PreviousRunWeather_MAE_MWH,WeatherInput_MAE_Delta_MWH,WeatherInput_MAPE_Delta_PCT,PreviousRunWeather_Bias_MWH,RealizedWeather_Bias_MWH,P90_WeatherInput_AbsError_Delta_MWH,WeatherInput_Harm_Rate_PCT,Forecast_Delta_Bias_MWH,P90_Abs_Forecast_Delta_MWH,Mean_Weather_DailyMaxTemp_Error_F,MAE_Weather_DailyMaxTemp_Error_F,P90_Abs_Weather_DailyMaxTemp_Error_F,Mean_Weather_CloudCover_Error_Norm,MAE_Weather_CloudCover_Error_Norm,P90_Abs_Weather_CloudCover_Error_Norm,Mean_Weather_Solar_Loss_Error_MW,MAE_Weather_Solar_Loss_Error_MW,P90_Abs_Weather_Solar_Loss_Error_MW
Overall,all,all,3360.0,5.460283831695863,23.964980509486573,18.504696677790708,8.519191610595508,16.349854475583157,-1.3740426022985899,60.3415844984498,81.19047619047619,-17.723897077881748,69.10649168564306,1.3014285714285712,2.3042857142857143,4.919999999999987,-0.04474107142857142,0.13305059523809523,0.64,1.660504555038687,1.7512723860242854,8.261110785421463
WeatherLead:day1,Weather_Forecast_Lead_Bucket,day1,480.0,4.600542145218426,16.62911029731605,12.028568152097625,5.250383367332513,14.943443814127884,-0.6753603613604552,50.17311815387828,75.41666666666667,-15.61880417548834,54.51738727784057,0.13500000000000015,0.9649999999999999,1.5800000000000463,-0.0007916666666666683,0.09087500000000001,0.4,1.651319524847025,1.7846399660016017,8.189268809545883
WeatherLead:days2to3,Weather_Forecast_Lead_Bucket,days2to3,960.0,5.514959717636926,23.181472312795147,17.666512595158217,7.983137126884973,18.853141520206613,-1.1135445401396402,59.28504197103461,78.33333333333333,-19.96668606034625,68.83282806763147,0.9274999999999995,1.807500000000002,3.5100000000000033,-0.03379166666666665,0.12479166666666666,0.65,1.6360980794951452,1.764204023871927,8.203490399379051
WeatherLead:days4to7,Weather_Forecast_Lead_Bucket,days4to7,1920.0,5.64788131034469,26.190702160874917,20.542820850530223,9.604420913266525,15.449813618635252,-1.6789621936125982,62.41536217767759,84.0625,-17.12877581224785,72.02635214053251,1.7799999999999998,2.8874999999999997,5.410000000000006,-0.061203125000000004,0.14772395833333332,0.72,1.675004050358374,1.7364646721061363,8.284213284464006
Horizon:Day1,Replay_Horizon_Bucket,Day1,480.0,4.600542145218426,16.62911029731605,12.028568152097625,5.250383367332513,14.943443814127884,-0.6753603613604552,50.17311815387828,75.41666666666667,-15.61880417548834,54.51738727784057,0.13500000000000015,0.9649999999999999,1.5800000000000463,-0.0007916666666666683,0.09087500000000001,0.4,1.651319524847025,1.7846399660016017,8.189268809545883
Horizon:Days2to7,Replay_Horizon_Bucket,Days2to7,2880.0,5.603574112775436,25.187625544848323,19.584051432072886,9.063992984472675,16.58425625249237,-1.4904896424549456,61.65012128394258,82.15277777777777,-18.074745894947316,70.92236804617296,1.4958333333333331,2.5275000000000003,5.109999999999998,-0.05206597222222221,0.14007986111111112,0.69,1.6620353934039644,1.745711122694733,8.284213284464006
ForecastDay:1,Forecast_Day,1,480.0,4.600542145218426,16.62911029731605,12.028568152097625,5.250383367332513,14.943443814127884,-0.6753603613604552,50.17311815387828,75.41666666666667,-15.61880417548834,54.51738727784057,0.13500000000000015,0.9649999999999999,1.5800000000000463,-0.0007916666666666683,0.09087500000000001,0.4,1.651319524847025,1.7846399660016017,8.189268809545883
ForecastDay:2,Forecast_Day,2,480.0,5.425283568506549,21.003174915176114,15.577891346669563,6.966775151206294,18.058050326270692,-0.9140905337061676,56.72082836344635,74.375,-18.972140859976864,65.56139780359922,0.6549999999999997,1.5750000000000028,2.7600000000000176,-0.024979166666666667,0.0915625,0.39100000000000024,1.6801785147382873,1.76463783388257,8.203490399379051
ForecastDay:3,Forecast_Day,3,480.0,5.604635866767304,25.359769710414177,19.75513384364687,8.999499102563652,19.64823271414253,-1.3129985465731129,61.48274863767798,82.29166666666666,-20.961231260715643,72.66299451727086,1.1999999999999993,2.0400000000000014,4.400000000000034,-0.04260416666666667,0.15802083333333336,0.7610000000000002,1.5920176442520027,1.763770213861284,8.189526251118044
ForecastDay:4,Forecast_Day,4,480.0,5.098112020694062,26.343434418105122,21.245322397411066,9.854852794038228,17.48343769653832,-2.3631772644456874,66.4636837476438,81.45833333333333,-19.84661496098401,76.80456651598793,0.8399999999999999,1.9199999999999982,4.080000000000018,-0.053770833333333344,0.1789375,0.8710000000000002,1.6737637592296568,1.7504561677378057,8.166256606587531
ForecastDay:5,Forecast_Day,5,480.0,5.614607267716527,26.366112729327806,20.75150546161128,9.786203335018744,14.049236479395978,-1.9833434225948139,61.26809127727885,83.95833333333333,-16.032579901990793,66.99613850359438,2.0749999999999993,3.055,5.110000000000009,-0.07933333333333333,0.08779166666666667,0.32,1.6769909283450313,1.7575652794428944,8.294106315065466
ForecastDay:6,Forecast_Day,6,480.0,5.732958598542912,26.147828943173693,20.414870344630778,9.24465681071252,15.14422260873865,-1.9644855449443066,64.52614208038874,85.20833333333333,-17.10870815368295,76.25423522392705,1.45,2.7099999999999995,4.270000000000019,-0.06847916666666666,0.14643749999999997,0.7510000000000002,1.680822969143526,1.7374320216795307,8.27246745711635
ForecastDay:7,Forecast_Day,7,480.0,6.1458473544252605,25.905432552893032,19.759585198467775,9.531970713296607,15.12235768986806,-0.40484254246558515,53.84254705250197,85.625,-15.527200232333646,70.10165235688311,2.755,3.8649999999999993,7.670000000000023,-0.043229166666666666,0.17772916666666666,0.7520000000000004,1.6684385447152823,1.7004052195643138,8.259029255068352
ScoredSeason:Spring,Season,Spring,144.0,3.6336267672325797,15.103875007918838,11.47024824068626,5.918669970591675,11.116468950241227,-0.3772736011347512,33.094144965511674,88.88888888888889,-11.493742551375979,33.83004407891894,-0.16666666666666904,0.5333333333333385,1.1000000000000085,0.0029166666666666785,0.18583333333333332,0.6670000000000003,1.1015153192627802,1.2474414333005122,5.765229820650882
ScoredSeason:Summer,Season,Summer,3216.0,5.5420744465225775,24.361746427467217,18.81967198094464,8.635632878058367,16.584185170747723,-1.418674050111896,60.92500849654199,80.84577114427861,-18.00285922085962,69.65970415439213,1.3671641791044773,2.3835820895522386,5.099999999999994,-0.046875,0.13068718905472634,0.6399999999999999,1.6855339238047724,1.773831980922365,8.296293060277382
OriginSeason:Spring,Replay_Origin_Season,Spring,336.0,4.573701672252724,18.90947103361838,14.33576936136566,7.044372909678297,13.941742588730326,-1.546131758049579,49.4386645537264,84.22619047619048,-15.487874346779904,54.46283889460432,0.1714285714285698,1.414285714285715,3.299999999999997,-0.011785714285714288,0.18327380952380953,0.73,1.133616466794349,1.2523309361557424,5.9854343530249094
OriginSeason:Summer,Replay_Origin_Season,Summer,3024.0,5.5587929605228785,24.526703784583038,18.967910824060155,8.683060355141865,16.617422463011252,-1.3549215849929241,60.946425000861815,80.85317460317461,-17.972344048004178,70.03281053104935,1.4269841269841266,2.4031746031746035,5.1000000000000085,-0.04840277777777778,0.1274702380952381,0.61,1.719047675954725,1.8067103248985683,8.349192313149082
HourGroup:LateEvening,HourGroup,LateEvening,420.0,4.83314341616396,24.11007840631683,19.276934990152867,9.700874056167171,18.18644676991436,-0.870171697710954,46.227579686367044,89.76190476190476,-19.05661846762532,49.180878390159286,1.3014285714285712,2.3042857142857147,4.920000000000009,-0.04228571428571428,0.13176190476190475,0.6130000000000007,0.0,0.0,0.0
HourGroup:Midday,HourGroup,Midday,840.0,7.125852756197159,31.20482803909709,24.07897528289993,10.960223264066235,20.87511767577148,-1.4961179278599188,66.21279974041413,83.80952380952381,-22.3712356036314,74.37739631384157,1.3014285714285712,2.3042857142857143,4.920000000000009,-0.06301190476190477,0.10515476190476192,0.45999999999999996,5.705160752554937,5.999553129874857,12.557194219581602
HourGroup:Morning,HourGroup,Morning,560.0,4.755960212600543,9.702634972983438,4.946674760382893,3.5790785507140663,1.4976360526618213,-1.182891205993753,15.718106608479449,74.28571428571429,-2.6805272586555744,18.713389336488174,1.301428571428571,2.3042857142857143,4.920000000000009,-0.05655357142857143,0.156375,0.6610000000000003,0.7669093595976874,0.8586082423499046,3.4279785420521907
HourGroup:Overnight,HourGroup,Overnight,840.0,3.046359394502587,8.665008130766147,5.6186487362635615,4.256561581631503,3.6425918730378495,-0.8431214509273064,16.883274143463158,76.19047619047619,-4.485713323965155,18.869482640987975,1.3014285714285712,2.3042857142857143,4.920000000000009,-0.014273809523809525,0.1425595238095238,0.73,0.0,0.0,0.0
HourGroup:Peak,HourGroup,Peak,700.0,7.298053591521639,44.959948019522805,37.66189442800117,13.9481906417496,36.948073120149886,-2.3199012530669867,90.36407621750377,84.42857142857143,-39.26797437321687,102.3640328239235,1.3014285714285712,2.3042857142857147,4.920000000000009,-0.05140000000000001,0.13722857142857142,0.7110000000000002,0.5107014734416256,0.5197571031868192,2.751786396470325
Event:cloudy_solar_loss_midday,Weather_Input_Event_Slice,cloudy_solar_loss_midday,427.0,6.422943148013847,22.752977193333287,16.330034045319437,8.531919713126586,12.369546908821757,-1.2775362009636333,44.8721149692151,82.20140515222482,-13.647083109785386,54.543083273507534,1.3346604215456672,2.36744730679157,5.1000000000000085,-0.12203747072599531,0.15988290398126462,0.7340000000000003,5.2172544771007265,5.757320940907156,12.411307819153723
Event:hot_peak,Weather_Input_Event_Slice,hot_peak,620.0,7.777952127791371,48.50819513077623,40.73024300298486,14.75506346874024,41.44063936432919,-2.52162851846042,93.92165170513206,84.51612903225806,-43.96226788278961,106.1616754707534,1.2145161290322577,2.1870967741935483,4.300000000000011,-0.04461290322580646,0.1406451612903226,0.8010000000000003,0.47758272517446665,0.487806823273879,2.7241987617666137
Event:normal,Weather_Input_Event_Slice,normal,1643.0,4.7988643841472545,17.984317215539765,13.185452831392512,6.871058034371073,10.83044833109693,-0.4352908286113421,38.4751649255186,81.07121119902617,-11.265739159708271,45.14766879448838,1.2541083384053557,2.252769324406574,4.799999999999997,-0.03248326232501522,0.12292757151552039,0.5179999999999996,1.3376802728115913,1.3696159835324206,6.454191194188089
Event:shoulder_heat_transition,Weather_Input_Event_Slice,shoulder_heat_transition,10.0,3.971923240416203,11.860469089261382,7.8885458488451805,4.245715002619102,11.022914616534862,-3.971923240416203,18.8925313734009,70.0,-14.994837856951065,23.028701403523993,0.20000000000000284,0.20000000000000284,0.20000000000000284,-0.095,0.095,0.25999999999999995,2.6969714285741935,2.6969714285741935,8.288346296950373
Event:weekend,Weather_Input_Event_Slice,weekend,660.0,4.32935335682945,16.76499150487251,12.435638148043056,6.8206200651197655,9.175549011895182,-2.6560052131117162,39.462981229641144,77.87878787878788,-11.831554225006899,46.23422729425732,1.496060606060606,2.5336363636363632,5.510000000000002,-0.024606060606060597,0.13433333333333333,0.64,1.2585575016433685,1.2821366206286826,5.412677404672882
RiskClass:cloud,Weather_Input_Risk_Class,cloud,351.0,4.58435527432315,17.131661824664253,12.547306550341101,5.826751163841338,11.67442866365355,0.1094024611775976,29.038726464822048,80.91168091168092,-11.565026202475952,31.8326903758755,1.1783475783475774,1.98917378917379,3.5,-0.07145299145299149,0.7647863247863248,1.0,0.10290402539880512,0.16164036409225951,0.5296671582262746
RiskClass:cloud_moderate,Weather_Input_Risk_Class,cloud_moderate,73.0,5.424050890038783,14.003869116599684,8.5798182265609,4.266478196457036,10.985347441489612,-2.261404952961116,21.26944201347991,75.34246575342466,-13.246752394450729,42.164235599833084,0.22191780821917714,1.323287671232877,2.4399999999999995,-0.1684931506849315,0.27369863013698625,0.33,0.027788782461096683,0.10907298280527403,0.47570317271327994
RiskClass:low_weather_error,Weather_Input_Risk_Class,low_weather_error,1192.0,5.165104482049813,18.2467765750499,13.081672093000087,6.062405294423613,12.320076551058762,-2.149892252112456,49.037333065931314,75.92281879194631,-14.469968803171215,54.21264401314351,0.026593959731542743,0.8611577181208052,1.6000000000000085,-0.0022147651006711407,0.01016778523489933,0.030000000000000023,-0.007117273599207175,0.11097128468551758,0.5495137964450585
RiskClass:multi_weather_error,Weather_Input_Risk_Class,multi_weather_error,186.0,6.282509873551509,27.129726792569997,20.847216919018486,9.925489669360967,17.603053470307,-4.736419685660692,56.39359782632616,84.94623655913979,-22.33947315596769,69.03251018605795,3.670967741935484,5.4107526881720425,10.200000000000003,-0.4685483870967742,0.5816666666666667,0.985,5.044585976033751,5.212741089856041,10.307993417742253
RiskClass:solar_loss,Weather_Input_Risk_Class,solar_loss,518.0,7.240881184844214,44.458002161776385,37.217120976932165,15.697586730487789,42.21872498892007,-1.517776749581765,88.32831737049368,90.34749034749035,-43.73650173850184,101.08462476316078,0.6001930501930508,1.8662162162162166,3.9000000000000057,-0.02086872586872587,0.02086872586872587,0.07,8.596628534552499,8.630750819392023,12.891576678061009
RiskClass:solar_loss_moderate,Weather_Input_Risk_Class,solar_loss_moderate,52.0,6.351047696183211,32.64612865408268,26.29508095789948,10.784853338445613,30.18679401687918,-0.758791057015223,83.2601251331506,82.6923076923077,-30.945585073894406,83.93049682522681,-0.08461538461538473,1.2923076923076915,2.7799999999999967,-0.016346153846153847,0.016346153846153847,0.008999999999999985,1.7723402732726343,2.1403133609893508,2.7664822232172557
RiskClass:temp,Weather_Input_Risk_Class,temp,213.0,3.848124500384989,19.793363027594957,15.94523852720997,8.983200013045977,-5.814251140644225,0.021726003698872075,40.55947948382704,87.32394366197182,5.835977144343097,53.29563403005214,6.5788732394366205,6.631455399061034,10.200000000000003,-0.015352112676056335,0.03215962441314554,0.1280000000000001,0.1119780397600828,0.18142775421712348,0.6730255315656449
RiskClass:temp_moderate,Weather_Input_Risk_Class,temp_moderate,775.0,5.3102663569303905,22.900286155275165,17.590019798344777,8.50287632584066,12.742683457120044,-0.29086111937963244,54.69483037383158,81.16129032258065,-13.033544576499676,61.8128518990107,1.962193548387097,3.184903225806452,4.200000000000003,-0.010619354838709677,0.025561290322580647,0.09,0.054544015362653624,0.12523893751910867,0.5396846912121288
DailyMaxTempError:0-2F,Weather_DailyMaxTemp_AbsError_Bucket,0-2F,1824.0,5.274121075017078,21.930311130627917,16.65619005561084,7.586386360238437,16.84162014155595,-2.3768186743796313,58.82745344108651,79.49561403508771,-19.21843881593558,68.43653576960311,0.03026315789473606,0.8986842105263156,1.7000000000000028,-0.010520833333333335,0.11034539473684213,0.47,1.6005287850578003,1.710616863248483,8.106481626317834
DailyMaxTempError:2-5F,Weather_DailyMaxTemp_AbsError_Bucket,2-5F,1200.0,5.9625410867704005,27.819685399213704,21.857144312443307,9.833410111878084,19.922683021910174,0.26356153500105867,66.32622695107943,82.83333333333334,-19.659121486909115,73.88202537860117,1.9020000000000004,3.166000000000001,4.200000000000003,-0.07165833333333332,0.146675,0.6710000000000014,1.838161974966229,1.9008283352689186,8.372691544079213
DailyMaxTempError:5-8F,Weather_DailyMaxTemp_AbsError_Bucket,5-8F,240.0,4.8010066935512805,20.966881240847453,16.165874547296177,8.37625546039378,3.9278713183739873,-1.2445476803959357,42.47203601691986,84.16666666666667,-5.172418998769924,59.14554499553029,4.5600000000000005,5.679999999999999,6.609999999999995,-0.09870833333333334,0.15070833333333333,0.7439999999999998,1.454221530820694,1.503536492534112,7.71075799618653
DailyMaxTempError:8F+,Weather_DailyMaxTemp_AbsError_Bucket,8F+,96.0,4.367353365522491,21.93513575780959,17.5677823922871,10.172100476851993,-6.599092113964694,-3.1150862537610418,46.03604458216458,85.41666666666666,3.484005860203652,57.72235329104018,9.8,9.8,12.5,-0.22354166666666667,0.35000000000000003,0.95,1.0950339961262523,1.2736176869320641,5.731804263612688
CloudCoverError:0-20pp,Weather_CloudCover_AbsError_Bucket,0-20pp,2730.0,5.529138003428186,24.847484668690488,19.318346665262304,8.834823834942084,17.088449069659053,-1.4513445464538572,62.31302593814278,80.73260073260073,-18.539793616112906,70.94799065121755,1.2210989010989008,2.1827106227106228,4.799999999999997,-0.00554945054945055,0.012406593406593409,0.05,1.7446998431769083,1.8310461975938346,8.359372514832723
CloudCoverError:20-35pp,Weather_CloudCover_AbsError_Bucket,20-35pp,143.0,5.610240314062517,17.657324965153435,12.047084651090916,6.1652073583517994,12.282340733335793,-0.7853177479398442,40.54172521636861,83.21678321678321,-13.067658481275634,49.79242619429623,1.5349650349650341,2.5265734265734268,4.8800000000000034,-0.1697902097902098,0.2795804195804196,0.34,1.2905087761803704,1.4119147796842466,5.958710060424943
CloudCoverError:35-60pp,Weather_CloudCover_AbsError_Bucket,35-60pp,132.0,4.815441280110647,17.128663961193602,12.313222681082959,6.686780667964725,8.072729577636142,-0.21871731797924088,28.571504643109062,87.87878787878788,-8.291446895615383,33.25767581533978,2.1401515151515142,3.0083333333333333,6.5,-0.2059090909090909,0.46939393939393936,0.58,1.6076602275062846,1.685465786291365,8.25416047181418
CloudCoverError:60pp+,Weather_CloudCover_AbsError_Bucket,60pp+,355.0,5.110152989446771,22.26118381255024,17.15103082310347,7.721507159981327,15.386112813169632,-1.4463138252833072,56.493891684325696,81.40845070422536,-16.83242663845294,69.1871337313878,1.5132394366197184,2.8878873239436627,5.599999999999994,-0.23583098591549292,0.8767323943661972,1.0,1.1817206423448077,1.298968451620069,5.822797330297189
SolarLossError:0-1.25MW,Weather_SolarLoss_AbsError_Bucket,0-1.25MW,2631.0,5.007647901392866,19.473639058457092,14.465991157064229,6.98799268400102,10.487691071843507,-1.181719030215427,47.43302841630444,79.13340935005702,-11.66941010205893,55.17521261961022,1.3821360699353853,2.309996199163816,5.099999999999994,-0.025397187381223884,0.138175598631699,0.6799999999999999,0.010905740283239927,0.10158286589438587,0.4676133172586532
SolarLossError:1.25-3MW,Weather_SolarLoss_AbsError_Bucket,1.25-3MW,92.0,6.4981580511406785,30.584185960842877,24.0860279097022,10.004310012429123,27.175222040179072,-0.7515784927245955,78.86722770069218,82.6086956521739,-27.926800532903663,83.93049682522683,0.9250000000000006,2.440217391304348,5.18999999999999,-0.16391304347826088,0.16391304347826088,0.648,1.8373541242453,2.083057529800207,2.782966119237789
SolarLossError:3-6MW,Weather_SolarLoss_AbsError_Bucket,3-6MW,182.0,7.050715549099823,41.0484261666877,33.99771061758788,13.506710564755954,38.64928320764992,-2.2370842174914545,98.70129544344586,86.26373626373626,-40.88636742514137,109.61013529140806,1.1681318681318684,2.378021978021978,5.099999999999994,-0.12060439560439562,0.12060439560439562,0.6080000000000007,4.175353170450359,4.322131555592759,5.5726424052377315
SolarLossError:6MW+,Weather_SolarLoss_AbsError_Bucket,6MW+,455.0,7.231585220422769,41.76402522711992,34.53244000669715,15.077927947395965,39.13869419000086,-2.266782035851354,82.24941930701527,90.76923076923077,-41.40547622585222,89.25550801616487,0.9641758241758243,2.2142857142857144,4.200000000000003,-0.10215384615384616,0.10215384615384616,0.4360000000000002,10.15747570503792,10.19503617805268,14.189039086577965
LeadEvent:day1|cloudy_solar_loss_midday,Weather_Forecast_Lead_Bucket+Weather_Input_Event_Slice,day1|cloudy_solar_loss_midday,64.0,6.541109087994036,13.928309019273996,7.38719993127996,3.835389800771956,10.952425860732514,-1.948313236682685,19.818745317462756,73.4375,-12.9007390974152,37.528698288620525,0.24218749999999933,1.0140625000000003,3.200000000000003,-0.15609375,0.16078125,0.777,4.991843613180789,5.6852020227092,12.481219717845008
LeadEvent:day1|hot_peak,Weather_Forecast_Lead_Bucket+Weather_Input_Event_Slice,day1|hot_peak,90.0,6.259386636636724,39.343202201731955,33.08381556509522,12.470383039313226,38.8056557923058,0.548895186212515,76.51497520013255,81.11111111111111,-38.25676060609327,78.94117709075188,0.1222222222222216,1.0444444444444434,3.200000000000003,0.04755555555555556,0.07,0.1520000000000002,0.4765513825610175,0.4765513825610175,2.6056090216398418
LeadEvent:day1|normal,Weather_Forecast_Lead_Bucket+Weather_Input_Event_Slice,day1|normal,257.0,3.6160254399542815,11.753724317123014,8.137698877168736,4.0793953706193165,10.153776367159923,0.11567510766451196,31.697496641058603,78.98832684824903,-10.03810125949541,38.86411147881998,0.0579766536964983,0.8439688715953304,1.4000000000000057,0.0498443579766537,0.07591439688715952,0.2200000000000003,1.4521965889187265,1.4997322482593431,6.934592268318443
LeadEvent:day1|shoulder_heat_transition,Weather_Forecast_Lead_Bucket+Weather_Input_Event_Slice,day1|shoulder_heat_transition,10.0,3.971923240416203,11.860469089261382,7.8885458488451805,4.245715002619102,11.022914616534862,-3.971923240416203,18.8925313734009,70.0,-14.994837856951065,23.028701403523993,0.20000000000000284,0.20000000000000284,0.20000000000000284,-0.095,0.095,0.25999999999999995,2.6969714285741935,2.6969714285741935,8.288346296950373
LeadEvent:day1|weekend,Weather_Forecast_Lead_Bucket+Weather_Input_Event_Slice,day1|weekend,59.0,4.360113225483194,6.955273337780747,2.595160112297552,1.0427599196043282,4.4006624044327705,-4.048995988645262,11.668361761912706,54.23728813559322,-8.449658393078034,17.60678438329675,0.36271186440678094,1.4474576271186455,3.200000000000003,-0.1106779661016949,0.11135593220338984,0.43,0.5098562477060216,0.6353174187880555,1.2386987788313304
LeadEvent:days2to3|cloudy_solar_loss_midday,Weather_Forecast_Lead_Bucket+Weather_Input_Event_Slice,days2to3|cloudy_solar_loss_midday,121.0,6.110313055208785,19.07665124074818,12.9663381855394,6.827575376836971,13.487138437729,0.40633391623951726,42.75022722848516,76.85950413223141,-13.08080452148948,42.8545627623721,0.8851239669421483,1.7727272727272751,3.5,-0.07793388429752066,0.10371900826446281,0.41,4.9697157162707555,5.718795228070929,12.46517348694571
LeadEvent:days2to3|hot_peak,Weather_Forecast_Lead_Bucket+Weather_Input_Event_Slice,days2to3|hot_peak,180.0,7.6787135101746875,47.417773238659116,39.73905972848443,14.370268353955488,44.373913943115674,-2.8020622221125393,94.56832308610329,83.33333333333334,-47.17597616522821,106.62542345945049,0.8749999999999997,1.6750000000000012,3.5,0.0018333333333333435,0.1386111111111111,0.7309999999999993,0.472750436942333,0.5079667748403085,2.705115215167809
LeadEvent:days2to3|normal,Weather_Forecast_Lead_Bucket+Weather_Input_Event_Slice,days2to3|normal,480.0,4.675977884267237,13.992863832423916,9.316885948156681,4.816363262613459,8.703547305563923,-0.07808019438334642,29.091894288105483,74.79166666666667,-8.781627499947268,36.62803806369481,0.9981249999999988,1.958125000000003,4.300000000000011,-0.0500625,0.16547916666666665,0.7810000000000002,1.038846007222233,1.0892366581787518,4.344564510633914
LeadEvent:days2to3|weekend,Weather_Forecast_Lead_Bucket+Weather_Input_Event_Slice,days2to3|weekend,179.0,5.186456050119942,26.224384344305513,21.037928294185576,10.833365091876273,24.033882078221414,-3.2196618386300155,59.439114872803046,83.79888268156425,-27.253543916851434,67.7095649196218,0.8195530726256992,1.560335195530726,3.299999999999997,0.003854748603351955,0.016033519553072625,0.0,2.1540636454205933,2.1642124297397265,9.6944283676727
LeadEvent:days4to7|cloudy_solar_loss_midday,Weather_Forecast_Lead_Bucket+Weather_Input_Event_Slice,days4to7|cloudy_solar_loss_midday,242.0,6.54800769789269,26.924936711525806,20.37692901363312,10.626149378753608,12.185526958738844,-1.942075679870914,50.8963593926941,87.19008264462809,-14.127602638609758,61.09812762923187,1.8483471074380164,3.0227272727272716,5.599999999999994,-0.13508264462809916,0.1877272727272727,0.79,5.400636647973878,5.7956565690801,12.376522095876652
LeadEvent:days4to7|hot_peak,Weather_Forecast_Lead_Bucket+Weather_Input_Event_Slice,days4to7|hot_peak,350.0,8.219477400291147,51.42569599990498,43.20621859961384,15.540447352482204,40.60966535661644,-3.166968709212371,95.92037809151549,86.0,-43.77663406582881,109.95407108565642,1.6699999999999993,2.7442857142857133,5.2199999999999935,-0.0922,0.15985714285714286,0.8420000000000004,0.4803331043658796,0.4803331043658796,2.751786396470325
LeadEvent:days4to7|normal,Weather_Forecast_Lead_Bucket+Weather_Input_Event_Slice,days4to7|normal,906.0,5.199499183926507,21.866392269390442,16.666893085463936,8.751533525571796,12.14923109819147,-0.7808309500819073,45.61571465090972,84.98896247240619,-12.930062048273378,51.05598564532649,1.729028697571744,2.80849889624724,5.1000000000000085,-0.04652317880794703,0.113719646799117,0.42,1.4635188536541501,1.4812519616063078,6.952951089585202
LeadEvent:days4to7|weekend,Weather_Forecast_Lead_Bucket+Weather_Input_Event_Slice,days4to7|weekend,422.0,3.9614950289868687,14.124095897289344,10.162600868302473,5.926336626247718,3.5406596539991795,-2.2221640004949985,29.991214892084866,78.67298578199052,-5.762823654494179,35.03584719162491,1.9414691943127955,3.0983412322274884,6.5,-0.02464454976303318,0.1877251184834123,0.8690000000000003,0.983386350567966,0.9984180497228062,3.4544681890486966
HorizonRiskClass:Day1|cloud,Replay_Horizon_Bucket+Weather_Input_Risk_Class,Day1|cloud,39.0,4.691858760987996,10.004099534463244,5.312240773475245,2.553112307447649,8.38543449497141,3.143570169212004,16.599623107547863,76.92307692307693,-5.241864325759406,16.953904212165337,0.676923076923076,1.2666666666666664,3.5999999999999943,0.27615384615384614,0.7064102564102566,1.0,-0.0031057944120937617,0.09591476119042337,0.23705786697709083
HorizonRiskClass:Day1|cloud_moderate,Replay_Horizon_Bucket+Weather_Input_Risk_Class,Day1|cloud_moderate,11.0,3.4462704006192424,20.009958152624055,16.56368775200481,7.448395235101835,18.016700316078488,-0.11962756118233321,26.128791815235274,90.9090909090909,-18.13632787726082,26.128791815235274,0.22727272727272857,0.6818181818181831,1.2000000000000028,-0.17272727272727276,0.26727272727272733,0.31,0.07999143285868983,0.1845967626971527,0.722651316296268
HorizonRiskClass:Day1|low_weather_error,Replay_Horizon_Bucket+Weather_Input_Risk_Class,Day1|low_weather_error,296.0,4.03518511827491,13.471424239391,9.43623912111609,4.107051636485354,12.01680733930156,-0.847682839524044,42.4640969818516,74.32432432432432,-12.864490178825601,44.65607416816786,-0.255405405405405,0.7391891891891891,1.3999999999999915,-0.0020945945945945945,0.010202702702702704,0.03,-0.025448722954880994,0.12990943620518727,0.7033578312776954
HorizonRiskClass:Day1|multi_weather_error,Replay_Horizon_Bucket+Weather_Input_Risk_Class,Day1|multi_weather_error,11.0,8.71985005364523,29.658176082596583,20.93832602895135,8.786013943691396,25.0932569622509,-8.71985005364523,56.54062811156689,90.9090909090909,-33.813107015896136,72.82678919379805,-0.1272727272727291,0.30909090909091347,0.4000000000000057,-0.6963636363636364,0.6963636363636364,0.81,7.331204985079216,7.331204985079216,9.77654673617903
HorizonRiskClass:Day1|solar_loss,Replay_Horizon_Bucket+Weather_Input_Risk_Class,Day1|solar_loss,80.0,5.555822243666073,29.324320719892047,23.76849847622597,10.669157826825998,26.870153296265535,-2.3467418078372586,65.6129048167113,82.5,-29.216895104102793,68.63257472535372,0.2275000000000004,0.9024999999999996,1.4000000000000057,-0.005125,0.005125,0.0,8.759024827220205,8.759024827220205,13.126308505599662
HorizonRiskClass:Day1|solar_loss_moderate,Replay_Horizon_Bucket+Weather_Input_Risk_Class,Day1|solar_loss_moderate,14.0,4.202989371061676,18.88537348264826,14.682384111586588,5.403469860221015,17.35041741307263,-3.574649926165112,61.72183765338672,71.42857142857143,-20.925067339237746,61.953898996137596,-0.3214285714285704,0.9071428571428574,1.3100000000000025,-0.019285714285714288,0.019285714285714288,0.05900000000000007,1.245991055880325,1.9808237892842933,2.7609876406972793
HorizonRiskClass:Day1|temp_moderate,Replay_Horizon_Bucket+Weather_Input_Risk_Class,Day1|temp_moderate,29.0,6.680275425237257,15.433831830070195,8.753556404832937,3.3505395439166743,14.555809499943276,4.798641648387098,44.03455624753253,55.172413793103445,-9.757167851556181,44.03455624753253,3.4206896551724117,3.4206896551724117,3.5999999999999943,-0.010000000000000002,0.06103448275862069,0.182,0.020630977449328573,0.11399918705070053,0.5076321098247816
HorizonRiskClass:Days2to7|cloud,Replay_Horizon_Bucket+Weather_Input_Risk_Class,Days2to7|cloud,312.0,4.570917338490045,18.02260711093938,13.451689772449335,6.235956020890549,12.085552934738818,-0.2698685023267032,33.25767581533982,81.41025641025641,-12.355421437065521,37.324652635008256,1.2410256410256402,2.07948717948718,3.5,-0.11490384615384618,0.7720833333333333,1.0,0.11615525287516745,0.16985606445498896,0.6154697813663343
HorizonRiskClass:Days2to7|cloud_moderate,Replay_Horizon_Bucket+Weather_Input_Risk_Class,Days2to7|cloud_moderate,62.0,5.774947428484187,12.938272674724391,7.163325246240208,3.701944528310378,9.737849350836745,-2.641397716018642,15.539565856727089,72.58064516129032,-12.37924706685539,42.32448175901858,0.22096774193548255,1.4370967741935485,2.4699999999999998,-0.16774193548387098,0.27483870967741936,0.33,0.018527021906685003,0.0956736025018762,0.4021450003998871
HorizonRiskClass:Days2to7|low_weather_error,Replay_Horizon_Bucket+Weather_Input_Risk_Class,Days2to7|low_weather_error,896.0,5.538381414725451,19.824348328794365,14.28596691406891,6.708370342135358,12.42026370137141,-2.5800864330568416,49.43225034057437,76.45089285714286,-15.000350134428254,56.9036385745525,0.11975446428571299,0.9014508928571427,1.7000000000000028,-0.0022544642857142854,0.01015625,0.039999999999999966,-0.001061348365636364,0.10471493105848387,0.5188516061573978
HorizonRiskClass:Days2to7|multi_weather_error,Replay_Horizon_Bucket+Weather_Input_Risk_Class,Days2to7|multi_weather_error,175.0,6.1293056336599046,26.97079569433976,20.84149006067985,9.997113857831625,17.13224067938481,-4.486032633958807,56.15927569161597,84.57142857142857,-21.618273313343618,67.2821501277201,3.909714285714286,5.73142857142857,10.200000000000003,-0.4542285714285715,0.574457142857143,0.99,4.900855638322321,5.079580502156298,10.35248609610685
HorizonRiskClass:Days2to7|solar_loss,Replay_Horizon_Bucket+Weather_Input_Risk_Class,Days2to7|solar_loss,438.0,7.548654507433828,47.22214489088768,39.67349038345385,16.61602123343971,45.02211707890264,-1.3663676065214014,93.13261734894542,91.78082191780823,-46.38848468542404,104.21392646477922,0.6682648401826492,2.042237442922375,4.0,-0.023744292237442923,0.023744292237442923,0.10300000000000012,8.566967111234197,8.607321776866328,12.872813830217899
HorizonRiskClass:Days2to7|solar_loss_moderate,Replay_Horizon_Bucket+Weather_Input_Risk_Class,Days2to7|solar_loss_moderate,38.0,7.142437605438514,37.715880559347994,30.57344295390949,12.767468304107302,34.915985397228965,0.2786306316189468,83.8210726264209,86.8421052631579,-34.63735476561001,84.37604456094957,0.0026315789473678975,1.4342105263157883,2.859999999999999,-0.015263157894736841,0.015263157894736841,0.0,1.966258405996117,2.199072676880687,2.764905418530061
HorizonRiskClass:Days2to7|temp,Replay_Horizon_Bucket+Weather_Input_Risk_Class,Days2to7|temp,213.0,3.848124500384989,19.793363027594957,15.94523852720997,8.983200013045977,-5.814251140644225,0.021726003698872075,40.55947948382704,87.32394366197182,5.835977144343097,53.29563403005214,6.5788732394366205,6.631455399061034,10.200000000000003,-0.015352112676056335,0.03215962441314554,0.1280000000000001,0.1119780397600828,0.18142775421712348,0.6730255315656449
HorizonRiskClass:Days2to7|temp_moderate,Replay_Horizon_Bucket+Weather_Input_Risk_Class,Days2to7|temp_moderate,746.0,5.257008631754923,23.19053706067858,17.933528428923655,8.703168238274701,12.672200005053186,-0.48871042268423726,54.690871811893714,82.171581769437,-13.160910427737422,62.64186864805366,1.905495978552279,3.1757372654155502,4.200000000000003,-0.01064343163538874,0.02418230563002681,0.07999999999999999,0.05586235061665687,0.1256758715185508,0.5377293118961424
SeasonRiskClass:Spring|cloud,Season+Weather_Input_Risk_Class,Spring|cloud,24.0,2.924252128459822,12.293633002669011,9.369380874209188,4.314713779608712,9.970842627523934,1.6596292308751923,25.476628575800458,87.5,-8.311213396648743,25.476628575800458,-0.2250000000000032,0.3666666666666713,0.4000000000000057,0.345,0.6983333333333333,1.0,0.04955484907745054,0.08344801987784883,0.19126811021867163
SeasonRiskClass:Spring|cloud_moderate,Season+Weather_Input_Risk_Class,Spring|cloud_moderate,10.0,1.59980776970623,20.068733140061454,18.468925370355223,8.276788131113765,17.876149519861325,-0.687804015195151,49.167456846060404,100.0,-18.563953535056477,51.39576303219483,-0.4100000000000037,0.5300000000000054,1.1000000000000085,-0.22400000000000003,0.27,0.301,-0.012458465363256743,0.15698872862251034,0.7287028298386262
SeasonRiskClass:Spring|low_weather_error,Season+Weather_Input_Risk_Class,Spring|low_weather_error,84.0,3.7331311233723787,13.668217850177681,9.935086726805306,5.627474304681665,9.883728216739618,-0.538795490154237,18.685461716469906,89.28571428571429,-10.422523706893857,22.666906159132616,-0.24523809523809822,0.5880952380952436,1.1000000000000085,0.0045238095238095246,0.015476190476190473,0.05,-0.08735654142874445,0.1329464631232336,0.7099112201957444
SeasonRiskClass:Spring|multi_weather_error,Season+Weather_Input_Risk_Class,Spring|multi_weather_error,9.0,4.555063036345345,16.53918012642045,11.984117090075108,6.088176370633163,9.07177849481672,-0.6920344352354009,33.28459779916425,88.88888888888889,-9.76381293005212,33.28459779916425,0.0777777777777781,0.34444444444444855,0.5000000000000058,-0.5522222222222223,0.5522222222222223,0.6900000000000001,8.422920027287683,8.422920027287683,10.069773783296789
SeasonRiskClass:Spring|solar_loss,Season+Weather_Input_Risk_Class,Spring|solar_loss,12.0,4.63009023644442,18.447155174213282,13.817064937768862,6.5793160259500185,12.083515387609452,-2.6070332915920957,46.871252072506906,83.33333333333334,-14.690548679201546,46.871252072506906,0.3500000000000014,0.6166666666666719,0.9000000000000057,-0.07083333333333335,0.07083333333333335,0.25900000000000006,6.513179465737238,6.513179465737238,8.397340428477603
SeasonRiskClass:Spring|solar_loss_moderate,Season+Weather_Input_Risk_Class,Spring|solar_loss_moderate,5.0,5.384492234734512,32.174939006474666,26.790446771740154,11.902848500619172,25.165689852951438,-0.9017858726555232,60.35989128339266,80.0,-26.06747572560696,60.35989128339266,0.24000000000000057,0.5600000000000052,0.9000000000000057,-0.036,0.036,0.10800000000000001,2.1853979790385276,2.1853979790385276,2.701863038909406
SeasonRiskClass:Summer|cloud,Season+Weather_Input_Risk_Class,Summer|cloud,327.0,4.706197707047066,17.48674650884739,12.780548801800325,5.937726384702448,11.79946250116765,-0.004375650359840548,29.327321086544888,80.42813455657493,-11.803838151527492,32.466017237859674,1.2813455657492347,2.1082568807339452,3.5,-0.10201834862385326,0.7696636085626911,1.0,0.10681956127560177,0.16737925174102355,0.6513501262486437
SeasonRiskClass:Summer|cloud_moderate,Season+Weather_Input_Risk_Class,Summer|cloud_moderate,63.0,6.031073607551889,13.041192287478768,7.010118679926882,3.6299210639718402,9.891569333811558,-2.511182879590634,17.16999434343791,71.42857142857143,-12.402752213402197,38.36302333138242,0.32222222222222174,1.4492063492063487,2.5,-0.1596825396825397,0.27428571428571424,0.33,0.03417723449670834,0.10146730886603016,0.4144216566266056
SeasonRiskClass:Summer|low_weather_error,Season+Weather_Input_Risk_Class,Summer|low_weather_error,1108.0,5.273665639205864,18.593887525310972,13.32022188610511,6.095378401949175,12.504781659436746,-2.272033161863801,49.781936739559924,74.90974729241877,-14.77681482130055,56.87894748528691,0.04720216606498124,0.8818592057761727,1.6000000000000085,-0.002725631768953069,0.009765342960288808,0.03,-0.0010341522114083305,0.10930529642850664,0.5272934306786131
SeasonRiskClass:Summer|multi_weather_error,Season+Weather_Input_Risk_Class,Summer|multi_weather_error,177.0,6.37034615340945,27.668229165425057,21.29788301201561,10.120607294720006,18.03684711312854,-4.942066393309436,56.470523470705096,84.7457627118644,-22.978913506437973,69.81838711584574,3.85367231638418,5.6683615819209034,10.200000000000003,-0.4642937853107345,0.5831638418079096,0.99,4.872806278512365,5.049511652359517,10.338484134004235
SeasonRiskClass:Summer|solar_loss,Season+Weather_Input_Risk_Class,Summer|solar_loss,506.0,7.302797175715354,45.07486019310199,37.772063017386635,15.913830304508446,42.933393991322696,-1.4919445786249983,88.72461504560017,90.51383399209486,-44.4253385699477,102.13999681636567,0.6061264822134391,1.8958498023715415,3.9000000000000057,-0.019683794466403164,0.019683794466403164,0.06,8.646038393891992,8.68096990287791,12.91308232246464
SeasonRiskClass:Summer|solar_loss_moderate,Season+Weather_Input_Risk_Class,Summer|solar_loss_moderate,47.0,6.4538727452734985,32.69625521233886,26.242382467065358,10.665917682895232,30.7209540343183,-0.7435788425854037,83.8681036429821,82.97872340425532,-31.464532876903707,84.51528205624642,-0.11914893617021295,1.3702127659574455,2.879999999999998,-0.014255319148936171,0.014255319148936171,0.003999999999999986,1.7283979641486034,2.1355171250266727,2.769061698735572
SeasonRiskClass:Summer|temp,Season+Weather_Input_Risk_Class,Summer|temp,213.0,3.848124500384989,19.793363027594957,15.94523852720997,8.983200013045977,-5.814251140644225,0.021726003698872075,40.55947948382704,87.32394366197182,5.835977144343097,53.29563403005214,6.5788732394366205,6.631455399061034,10.200000000000003,-0.015352112676056335,0.03215962441314554,0.1280000000000001,0.1119780397600828,0.18142775421712348,0.6730255315656449
SeasonRiskClass:Summer|temp_moderate,Season+Weather_Input_Risk_Class,Summer|temp_moderate,775.0,5.3102663569303905,22.900286155275165,17.590019798344777,8.50287632584066,12.742683457120044,-0.29086111937963244,54.69483037383158,81.16129032258065,-13.033544576499676,61.8128518990107,1.962193548387097,3.184903225806452,4.200000000000003,-0.010619354838709677,0.025561290322580647,0.09,0.054544015362653624,0.12523893751910867,0.5396846912121288
