ErrorType,Rank,IntervalStartDT,HE,Actual_MW,Forecast_MW,BaseForecast_MW,ActualReadCount,Error_MW,AbsError_MW,Underforecast_MW,Overforecast_MW,WeatherGHI_Wm2,GHI_kWh_per_m2,ClearSkyGHI_Wm2,ClearSkyIndex,CloudCoverPct,CloudCoverLowPct,CloudCoverMidPct,CloudCoverHighPct,PerformanceRatio,ResidualCalibrationFactor,SeasonalCalibrationFactor,RegimeCalibrationFactor,PeakCalibrationFactor,TotalCalibrationFactor,ActualQualityFlag,SolarBacktestExcluded,ActualToExpectedRatio,ActualQualityExpected_kWh,ActualQualitySuspiciousHour,ActualReadCoverageRatio,ForecastSource
Underforecast,1,2026-04-10 14:00:00,15,21.24709166,10.371772263453366,7.628119400033735,,-10.875319396546633,10.875319396546633,10.875319396546633,-10.875319396546633,160.09649393938665,0.16009649393938669,848.3695968247637,0.1887107865941778,99.2622939877863,1.0344154724583356,37.88038524566274,99.2622939877863,0.7716848133652966,1.3472486919345634,1.0089658152722663,1.0,1.0,1.359327874832251,,,,,,,backtest_calibrated
Underforecast,2,2026-02-25 12:00:00,13,13.003755000000002,3.841895775383534,3.7593424069982695,,-9.161859224616467,9.161859224616467,9.161859224616467,-9.161859224616467,72.18535019316316,0.07218535019316316,669.8456174265158,0.10776415985297108,100.0,97.95804024082214,100.0,99.93010758504977,0.8459550411312173,1.0167799240114006,1.0050180479883204,1.0,1.0,1.0218821744636504,,,,,,,backtest_calibrated
Underforecast,3,2026-04-15 14:00:00,15,31.477791,24.159477627430828,21.42712372875495,,-7.318313372569172,7.318313372569172,7.318313372569172,-7.318313372569172,649.7946805657001,0.6497946805657001,864.6831075998133,0.7514830287009997,32.92182888212915,0.0,6.639829573678382,28.55735098792117,0.5333293306254621,1.1172188046767157,1.0089658152722663,1.0,1.0,1.1272355820981492,,,,,,,backtest_calibrated
Underforecast,4,2025-11-12 12:00:00,13,19.344358789999998,12.091733570498182,15.58212368522249,,-7.252625219501816,7.252625219501816,7.252625219501816,-7.252625219501816,391.3785584472657,0.3913785584472657,545.9908259299823,0.7168225908935986,95.11326079089966,68.57550085904268,7.765617281816596,73.86243018425036,0.5096295225137898,0.7674725532414228,1.0014685557041578,1.009665880409739,1.0,0.7760288215383804,,,,,,,backtest_calibrated
Underforecast,5,2025-10-13 13:00:00,14,21.573795999999998,14.32239977915147,15.057921000381624,,-7.2513962208485285,7.2513962208485285,7.2513962208485285,-7.2513962208485285,446.68925689117265,0.44668925689117267,695.1996877165311,0.6425337421516665,81.29388208561963,6.551379893694966,46.41098737168771,57.07140793102626,0.4919705279512201,0.9374850889240003,1.0202587765486206,0.9943115472291554,1.0,0.9510365133995864,,,,,,,backtest_calibrated
Underforecast,6,2025-10-27 10:00:00,11,12.616986650000001,6.001903261466375,4.534959035624846,,-6.615083388533626,6.615083388533626,6.615083388533626,-6.615083388533626,84.20629305701476,0.08420629305701477,427.56409767659136,0.19694425587788297,100.0,100.0,0.0,0.0,0.8893769208721928,1.2992161397278434,1.0202587765486206,1.0,1.0,1.3255366691909511,,,,,,,backtest_calibrated
Underforecast,7,2026-03-03 08:00:00,9,6.8494720000000004,0.45649432824870567,0.34093467728897214,,-6.392977671751295,6.392977671751295,6.392977671751295,-6.392977671751295,3.825821083810695,0.0038258210838106946,247.30004440459288,0.0154703614915309,95.02888582283697,95.02888582283697,0.0,0.0,1.0709536173353433,1.359636281738258,0.9919267716719791,1.0,1.0,1.3486596275927236,,,,,,,backtest_calibrated
Underforecast,8,2025-11-04 08:00:00,9,6.646206,0.3740196316898835,0.25803506638284085,,-6.272186368310117,6.272186368310117,6.272186368310117,-6.272186368310117,4.0,0.004,233.26349758430757,0.017147989468666414,80.07929990071518,0.0,0.0,80.07929990071518,1.0339568156324563,1.4580535935787198,1.0014685557041578,1.0,1.0,1.4601948265005376,,,,,,,backtest_calibrated
Underforecast,9,2026-02-28 09:00:00,10,13.198341000000001,6.931702404739738,4.971292954912795,,-6.266638595260263,6.266638595260263,6.266638595260263,-6.266638595260263,71.16069247596705,0.07116069247596706,410.63280229684614,0.17329519726123838,47.686213367983555,0.0,43.31102712220511,11.382413698604902,1.0035665938724139,1.383235517669219,1.0050180479883204,1.0,1.0,1.3901766598760326,,,,,,,backtest_calibrated
Underforecast,10,2026-03-05 08:00:00,9,7.556253,1.2926788850638704,0.826678621507441,,-6.263574114936129,6.263574114936129,6.263574114936129,-6.263574114936129,8.06126527202766,0.00806126527202766,258.1887477584338,0.03122237255501905,0.0,0.0,0.0,0.0,1.0773569589933112,1.5890532474267691,0.9919267716719791,1.0,1.0,1.5762244577349096,,,,,,,backtest_calibrated
Underforecast,11,2026-03-07 08:00:00,9,7.719050999999999,1.4961945293270196,1.0165784950662604,,-6.22285647067298,6.22285647067298,6.22285647067298,-6.22285647067298,10.493634681074173,0.010493634681074173,269.22363728367867,0.03897738990138195,16.17135958503513,0.0,0.0,16.17135958503513,1.0730726362259453,1.4835404273043622,0.9919267716719791,1.0,1.0,1.4715634667008843,,,,,,,backtest_calibrated
Underforecast,12,2026-03-06 08:00:00,9,7.4930460000000005,1.4192479576557864,0.9448595766474434,,-6.073798042344214,6.073798042344214,6.073798042344214,-6.073798042344214,9.06126527202766,0.00906126527202766,263.6893811721451,0.03436340603382951,3.432348022877019,0.0,1.660247924374467,1.4096231044062701,1.0730726362259453,1.522584766346923,0.9919267716719791,1.0,1.0,1.5102925918794379,,,,,,,backtest_calibrated
Underforecast,13,2025-10-27 11:00:00,12,18.55257559,12.526007921725085,9.481502576238722,,-6.0265676682749145,6.0265676682749145,6.0265676682749145,-6.0265676682749145,167.8835941646922,0.16788359416469217,545.0329248744371,0.30802468346911094,91.56917429072044,91.56917429072044,0.0,0.0,0.9060449695446854,1.3349775532302535,1.0202587765486206,0.9702519450047149,1.0,1.3214090794195754,,,,,,,backtest_calibrated
Underforecast,14,2026-03-03 09:00:00,10,14.54911601,8.5470488638272,5.896722353168674,,-6.0020671461728,6.0020671461728,6.0020671461728,-6.0020671461728,73.76872138338108,0.0737687213833811,427.04128881407996,0.17274376814532705,89.19952329344991,89.19952329344991,0.0,0.0,1.064419501038158,1.4601343779366702,0.9919267716719791,1.0,1.0,1.4483463797139946,,,,,,,backtest_calibrated
Underforecast,15,2026-05-27 14:00:00,15,24.779278610000002,18.78482920544974,18.724810260344857,,-5.994449404550263,5.994449404550263,5.994449404550263,-5.994449404550263,823.5813189222935,0.8235813189222935,951.5575706759874,0.8655086610652685,99.52911162356607,45.266363495108244,88.23394635200525,94.59789979614375,0.39336496224275,0.994575997051247,0.9970898017447253,1.0099894936859148,1.0,1.0015879806388983,,,,,,,backtest_calibrated
Underforecast,16,2026-02-28 10:00:00,11,17.796425,11.815911473293806,12.315291268427874,,-5.9805135267061935,5.9805135267061935,5.9805135267061935,-5.9805135267061935,199.6024213307547,0.19960242133075468,552.6332451684658,0.36118424484199735,91.91177774521135,0.0,91.41814306413718,40.82917809733243,0.8051065987828198,0.9796660038839533,1.0050180479883204,0.9734690044495896,1.0,0.9584733731421212,,,,,,,backtest_calibrated
Underforecast,17,2026-02-28 08:00:00,9,5.959561,0.12365548269144255,0.1208115498599632,,-5.835905517308557,5.835905517308557,5.835905517308557,-5.835905517308557,2.06126527202766,0.00206126527202766,231.2916245047077,0.008911975418226635,99.35382846500421,0.0,78.81660190989219,98.24417696872308,0.9460497326014432,1.0218134608368175,1.0050180479883204,1.0,1.0,1.0269409698184082,,,,,,,backtest_calibrated
Underforecast,18,2026-04-22 11:00:00,12,15.849376340000001,10.015043928698875,6.442454028301168,,-5.834332411301126,5.834332411301126,5.834332411301126,-5.834332411301126,98.81919104006558,0.09881919104006558,811.825126905325,0.12172472588618197,87.24257404693073,9.25487303428613,87.24257404693073,0.0,1.0128434767211862,1.5406406324522213,1.0089658152722663,1.0,1.0,1.5544537317637355,,,,,,,backtest_calibrated
Underforecast,19,2026-04-09 14:00:00,15,27.450720999999998,21.791134837108764,22.048794706974718,,-5.659586162891234,5.659586162891234,5.659586162891234,-5.659586162891234,792.8569548517144,0.7928569548517144,844.940014019129,0.9383588677263952,96.9281484163573,4.232330450258987,12.138303206802492,96.05930610333519,0.4448631988425587,0.9702011132706312,1.0089658152722663,1.0099894936859148,1.0,0.988678470173147,,,,,,,backtest_calibrated
Underforecast,20,2025-10-03 14:00:00,15,20.153985000000002,14.495259417994458,11.847669939550782,,-5.658725582005545,5.658725582005545,5.658725582005545,-5.658725582005545,273.5472306771543,0.27354723067715425,704.7640295027774,0.38814017064711204,33.27748845115304,8.862288824193449,29.754246227107494,2.9555688607530732,0.7307206967801448,1.2289465889965765,1.0202587765486206,0.9749745088694678,1.0,1.2224654928604866,,,,,,,backtest_calibrated
Underforecast,21,2025-11-08 11:00:00,12,19.50955,13.886093514070387,13.121681555754055,,-5.623456485929614,5.623456485929614,5.623456485929614,-5.623456485929614,279.2797577193032,0.27927975771930313,553.2413212024223,0.5048063964425374,99.99999999999999,99.99999999999999,0.0,0.23544418821696503,0.624071674996594,1.0460315895612013,1.0014685557041578,1.009665880409739,1.0,1.0576934097651653,,,,,,,backtest_calibrated
Underforecast,22,2025-11-09 08:00:00,9,5.831360000000001,0.20792832572077377,0.12737315408042138,,-5.623431674279227,5.623431674279227,5.623431674279227,-5.623431674279227,2.0,0.002,211.84822671949524,0.00944072098676647,37.85804217125514,37.31619990983743,0.0,0.5418422614177226,1.038701187678043,1.6360086426562428,1.0014685557041578,1.0,1.0,1.638411212480467,,,,,,,backtest_calibrated
Underforecast,23,2026-05-03 12:00:00,13,23.80988766,18.22884354406698,20.224122907857726,,-5.581044115933022,5.581044115933022,5.581044115933022,-5.581044115933022,672.0656037309341,0.6720656037309339,922.4810206221706,0.7285413886105289,99.99999999999999,0.8085881841350455,4.958447603190792,99.99999999999999,0.4971044294954922,0.9092439342261716,0.9970898017447253,0.9943115472291554,1.0,0.9014407150398842,,,,,,,backtest_calibrated
Underforecast,24,2026-02-22 08:00:00,9,5.66917767,0.10246356620422807,0.06680419439706635,,-5.566714103795772,5.566714103795772,5.566714103795772,-5.566714103795772,1.0,0.001,200.71941838051558,0.004982079003956864,16.031737548675615,0.0,0.49363468107417363,15.538102867601442,1.0773569589933112,1.522714507080104,1.0050180479883204,1.0,1.0,1.5303555615491435,,,,,,,backtest_calibrated
Underforecast,25,2025-09-02 11:00:00,12,17.085829989999997,11.529331115512287,12.043240337409658,,-5.55649887448771,5.55649887448771,5.55649887448771,-5.55649887448771,378.8351704357845,0.3788351704357845,774.1107319486961,0.4893811115137617,52.006966323911776,0.0,0.0,52.006966323911776,0.5691440124371193,0.9904971508523641,0.9912208554464851,0.9749745088694678,1.0,0.9572313701270668,,,,,,,backtest_calibrated
Underforecast,26,2026-04-09 15:00:00,16,21.193600330000002,15.729268778927755,17.21452918641935,,-5.464331551072247,5.464331551072247,5.464331551072247,-5.464331551072247,676.9767150824731,0.676976715082473,760.0504465260328,0.8906997136528696,97.17075951056836,12.476237458020968,17.99003466010437,96.80828251647208,0.40308282804722184,0.8894069253599355,1.0089658152722663,1.0099894936859148,1.0,0.9063455672215643,,,,,,,backtest_calibrated
Underforecast,27,2026-02-23 11:00:00,12,22.078844120000003,16.769014194179093,16.139678460840834,,-5.30982992582091,5.30982992582091,5.30982992582091,-5.30982992582091,359.18226959115066,0.3591822695911507,619.660970579623,0.5796432027261231,100.0,0.0,83.25199112177462,100.0,0.6138309190024589,1.038821939666662,1.0050180479883204,0.9943115472291554,1.0,1.0380958553716242,,,,,,,backtest_calibrated
Underforecast,28,2025-09-24 14:00:00,15,18.746162339999998,13.436632797390228,14.2902378816341,,-5.30952954260977,5.30952954260977,5.30952954260977,-5.30952954260977,624.0155593057406,0.6240155593057407,751.8437755107005,0.8299803491514832,13.64889825583486,0.0,13.579005840884628,0.13115768697789199,0.3686321492266778,0.9485440564870349,0.9912208554464851,1.0,1.0,0.9402166510997578,,,,,,,backtest_calibrated
Underforecast,29,2026-01-15 09:00:00,10,7.154777,1.8471796651937011,1.2331845747092798,,-5.3075973348062995,5.3075973348062995,5.3075973348062995,-5.3075973348062995,9.547355666382316,0.009547355666382316,240.74779837501623,0.039657084014161015,75.92267043420738,75.92267043420738,0.0,0.0,1.0842278326866002,1.516014044811969,0.9961376920414934,1.0,1.0,1.510158731701484,,,,,,,backtest_calibrated
Underforecast,30,2025-11-02 08:00:00,9,6.386964,1.0958244680321276,0.7458554357790417,,-5.291139531967872,5.291139531967872,5.291139531967872,-5.291139531967872,5.493634681074174,0.0054936346810741735,241.92178172744897,0.022708309445502294,0.0,0.0,0.0,0.0,1.038701187678043,1.4744362649485017,1.0014685557041578,1.0,1.0,1.476601556735809,,,,,,,backtest_calibrated
Underforecast,31,2026-02-23 10:00:00,11,19.51414166,14.23346687864213,14.114532678878419,,-5.28067478135787,5.28067478135787,5.28067478135787,-5.28067478135787,251.54216931525016,0.25154216931525014,525.6769271281987,0.4785109567000373,99.93873472797235,0.0,26.59276481282433,99.93873472797235,0.6630940990987857,1.0343836904053756,1.0050180479883204,0.9702519450047149,1.0,1.0086012312001822,,,,,,,backtest_calibrated
Underforecast,32,2026-01-11 09:00:00,10,6.499366,1.2292414485414915,0.8944586684371567,,-5.270124551458508,5.270124551458508,5.270124551458508,-5.270124551458508,9.45061345186276,0.009450613451862759,234.89397312813037,0.04023352888116726,100.0,70.52064621749318,32.899082577488905,100.0,0.9912889644806192,1.3941145942832684,0.9961376920414934,1.0,1.0,1.388730094390698,,,,,,,backtest_calibrated
Underforecast,33,2026-04-12 13:00:00,14,18.57160266,13.307832707669132,14.05121108779515,,-5.263769952330868,5.263769952330868,5.263769952330868,-5.263769952330868,289.8751439150418,0.28987514391504177,884.9666814187082,0.3275548673203572,99.33569890758942,95.99139577308354,45.59110717965884,93.30400491982836,0.7637954949872946,0.9611334663367149,1.0089658152722663,0.9766860638944643,1.0,0.9471421029914955,,,,,,,backtest_calibrated
Underforecast,34,2026-03-01 12:00:00,13,16.163187,10.906444429464383,11.913260369685405,,-5.256742570535618,5.256742570535618,5.256742570535618,-5.256742570535618,284.96413575650195,0.284964135756502,691.0370279720137,0.41237173150154655,99.99999999999999,20.611078739207713,99.99999999999999,96.06197074750528,0.6560397659944281,0.9449187997250299,0.9919267716719791,0.9766860638944643,1.0,0.9154383293975765,,,,,,,backtest_calibrated
Underforecast,35,2026-02-23 12:00:00,13,25.243729480000002,20.009856580049874,19.836992904547827,,-5.2338728999501285,5.2338728999501285,5.2338728999501285,-5.2338728999501285,487.42004745837045,0.4874200474583705,659.2676717576876,0.7393355814927941,95.29633963407316,0.0,56.6596417778758,93.45130509572486,0.5603314934371679,1.0093695209867828,1.0050180479883204,0.9943115472291554,1.0,1.0086640224512844,,,,,,,backtest_calibrated
Underforecast,36,2026-01-13 09:00:00,10,7.1060360000000005,1.9089435732147368,1.248552205800132,,-5.197092426785264,5.197092426785264,5.197092426785264,-5.197092426785264,9.71290743964905,0.00971290743964905,237.58559809592774,0.04088171807336301,68.93542324680408,68.93542324680408,0.0,0.0,1.0842278326866002,1.5473030340170748,0.9961376920414934,1.0,1.0,1.541326873194569,,,,,,,backtest_calibrated
Underforecast,37,2025-11-03 08:00:00,9,5.89262,0.7822901344452805,0.5157104763114844,,-5.11032986555472,5.11032986555472,5.11032986555472,-5.11032986555472,5.0,0.005,237.5883289655082,0.021044804775431008,0.0,0.0,0.0,0.0,1.0038233758217188,1.5218959463732378,1.0014685557041578,1.0,1.0,1.524130935346419,,,,,,,backtest_calibrated
Underforecast,38,2026-02-20 08:00:00,9,5.071586999999999,0.0,0.0,,-5.071586999999999,5.071586999999999,5.071586999999999,-5.071586999999999,0.0,0.0,191.03473976211183,0.0,13.418482829807854,0.0,0.0,13.418482829807854,1.059681424835635,1.0,1.0,1.0,1.0,1.0,,,,,,,backtest_calibrated
Underforecast,39,2025-09-10 11:00:00,12,21.39097868,16.342566719647582,17.050509163851114,,-5.048411960352418,5.048411960352418,5.048411960352418,-5.048411960352418,524.752337385308,0.524752337385308,748.5236101505142,0.701049813618825,88.96590347481724,39.012117220686214,1.0086271429225722,83.03110036384247,0.5251006656731182,0.9720204016457431,0.9912208554464851,0.9943115472291554,1.0,0.958006144338708,,,,,,,backtest_calibrated
Underforecast,40,2026-03-27 16:00:00,17,11.924468,6.897496216324291,8.954419923306098,,-5.026971783675708,5.026971783675708,5.026971783675708,-5.026971783675708,446.62523830753764,0.44662523830753764,581.0381259483509,0.7686676972850465,100.0,0.0,0.0,100.0,0.3289890808081806,0.7700888327246727,0.9919267716719791,1.005827297114593,1.0,0.7682494392048054,,,,,,,backtest_calibrated
Underforecast,41,2025-11-10 08:00:00,9,5.199842,0.17633304299402774,0.12434343093107336,,-5.023508957005973,5.023508957005973,5.023508957005973,-5.023508957005973,2.0,0.002,207.62327775405538,0.009632831258781798,98.18723660787342,0.0,0.0,98.18723660787342,1.0140692968324747,1.4210823186872839,1.0014685557041578,1.0,1.0,1.42316925723247,,,,,,,backtest_calibrated
Underforecast,42,2025-11-18 08:00:00,9,5.0151609399999995,0.0,0.0,,-5.0151609399999995,5.0151609399999995,5.0151609399999995,-5.0151609399999995,0.0,0.0,174.92499696296213,0.0,37.57930513685697,36.61478207934887,2.4020788176867534,0.0,0.9743673097698321,1.0,1.0,1.0,1.0,1.0,,,,,,,backtest_calibrated
Underforecast,43,2025-12-02 09:00:00,10,8.0226088,3.0116780093550406,2.412706742854218,,-5.010930790644959,5.010930790644959,5.010930790644959,-5.010930790644959,22.928076703294845,0.022928076703294845,277.9215227926729,0.08249838469832722,95.65971087286736,95.5984456008397,0.0,6.854680378965447,0.9751530624558576,1.2960056189947375,0.9780982365372631,1.0,1.0,1.267620810481137,,,,,,,backtest_calibrated
Underforecast,44,2026-05-28 15:00:00,16,19.693489000000003,14.748421609750428,16.84170816080422,,-4.945067390249575,4.945067390249575,4.945067390249575,-4.945067390249575,673.9942734903731,0.673994273490373,868.694916663026,0.7758699407145502,98.96997230396421,98.76029505911352,33.38983714400387,21.20675621899084,0.4272696174761548,0.8729995434858304,0.9970898017447253,0.9943115472291554,1.0,0.865507377158489,,,,,,,backtest_calibrated
Underforecast,45,2025-10-24 11:00:00,12,17.13409167,12.216028712380572,14.077530700084056,,-4.918062957619428,4.918062957619428,4.918062957619428,-4.918062957619428,370.8898182970477,0.3708898182970477,559.6448586355924,0.6627235336375157,99.99999999999999,10.163202985155978,0.0,99.99999999999999,0.5329864634722844,0.8529780745255267,1.0202587765486206,0.9981501305243012,1.0,0.8688225002434536,,,,,,,backtest_calibrated
Underforecast,46,2026-03-30 12:00:00,13,14.701251000000001,9.813529027338587,14.771020176892158,,-4.887721972661414,4.887721972661414,4.887721972661414,-4.887721972661414,470.2416896909705,0.47024168969097047,802.1387131068317,0.5862348768452247,100.0,0.0,16.326324557769972,100.0,0.5191940565197428,0.6736828073816781,0.9919267716719791,0.9943115472291554,1.0,0.6644427377538998,,,,,,,backtest_calibrated
Underforecast,47,2026-02-09 14:00:00,15,17.371875,12.53500315063079,16.118650446808974,,-4.83687184936921,4.83687184936921,4.83687184936921,-4.83687184936921,543.162242405481,0.543162242405481,498.90707181543723,1.0887042358990962,99.72907886929113,0.0,18.871045325052744,99.72907886929113,0.3918125864663518,0.7719882655486116,1.0050180479883204,1.0,1.0,0.7758621397115547,,,,,,,backtest_calibrated
Underforecast,48,2026-01-31 11:00:00,12,16.72228802,11.889520871186706,13.485590727591209,,-4.832767148813295,4.832767148813295,4.832767148813295,-4.832767148813295,218.5582648681508,0.21855826486815078,508.31722869955604,0.42996430679183406,99.99999999999999,43.97351822864982,0.0,99.99999999999999,0.8021098079083824,0.917926848488789,0.9961376920414934,0.9638178261149656,1.0,0.8812972207170024,,,,,,,backtest_calibrated
Underforecast,49,2025-09-19 14:00:00,15,15.24185667,10.44898903876332,12.390793808293273,,-4.79286763123668,4.79286763123668,4.79286763123668,-4.79286763123668,458.41308028279707,0.45841308028279704,776.7465920235306,0.5901707004450043,45.161850467650545,0.0,45.161850467650545,0.0,0.4533814179200867,0.8502940427537521,0.9912208554464851,1.0,1.0,0.8428291884394243,,,,,,,backtest_calibrated
Underforecast,50,2026-02-15 08:00:00,9,4.774091,0.0,0.0,,-4.774091,4.774091,4.774091,-4.774091,0.0,0.0,168.11688186686428,0.0,24.513614378722945,0.7418095071427914,24.007249059797118,0.0,1.0295479850248963,1.0,1.0,1.0,1.0,1.0,,,,,,,backtest_calibrated
Underforecast,51,2025-10-03 13:00:00,14,19.00654867,14.254995257545708,10.423290544588385,,-4.751553412454292,4.751553412454292,4.751553412454292,-4.751553412454292,226.36114532652894,0.22636114532652896,746.9288640071223,0.303055827983601,99.05822324713213,99.05822324713213,5.700733867352504,0.8344696129027618,0.7754670783602433,1.3723529034428792,1.0202587765486206,0.9766860638944643,1.0,1.367511967854171,,,,,,,backtest_calibrated
Underforecast,52,2026-01-10 09:00:00,10,6.48417,1.762384230291702,1.1510329386909715,,-4.721785769708298,4.721785769708298,4.721785769708298,-4.721785769708298,9.791426997521855,0.009791426997521854,233.72567751167827,0.04189281683452439,58.58585168622061,47.34950407428609,0.0,23.332179889102303,1.0842278326866002,1.5477180474214436,0.9961376920414934,1.0,1.0,1.5417402836893634,,,,,,,backtest_calibrated
Underforecast,53,2025-12-26 09:00:00,10,6.38690745,1.6784055586471176,1.430370886447965,,-4.708501891352882,4.708501891352882,4.708501891352882,-4.708501891352882,10.619278963087472,0.01061927896308747,230.49266950171082,0.04607208978074963,14.025003586441699,9.5241388817847,7.572758019718931,0.0,0.9564088154160393,1.211744359011647,0.9780982365372631,1.0,1.0,1.1852050206832683,,,,,,,backtest_calibrated
Underforecast,54,2026-05-03 11:00:00,12,19.56722033,14.881228138993883,15.589600206591498,,-4.685992191006118,4.685992191006118,4.685992191006118,-4.685992191006118,402.62638565345094,0.4026263856534509,844.9823450023017,0.47649088532418293,100.0,2.284114693963914,32.138373878945195,100.0,0.624665902464846,0.9805543075625378,0.9970898017447253,0.9766860638944643,1.0,0.954906648474358,,,,,,,backtest_calibrated
Underforecast,55,2026-05-28 14:00:00,15,24.667118,19.99067806137267,20.415282819898497,,-4.676439938627329,4.676439938627329,4.676439938627329,-4.676439938627329,821.6425608840273,0.8216425608840273,952.6795782635631,0.8624542602053301,88.62131251022782,86.18302233384807,73.54967817915504,18.71255040417337,0.422288407000298,0.9715294917044583,0.9970898017447253,1.0099894936859148,1.0,0.978378992266455,,,,,,,backtest_calibrated
Underforecast,56,2026-01-16 09:00:00,10,6.982504,2.322225525069479,1.4922214297642513,,-4.660278474930521,4.660278474930521,4.660278474930521,-4.660278474930521,12.45061345186276,0.01245061345186276,242.5040892920674,0.051341870102930405,64.79974295275247,64.79974295275247,0.0,0.0,1.0842278326866002,1.575091813835095,0.9961376920414934,1.0,1.0,1.569008324187141,,,,,,,backtest_calibrated
Underforecast,57,2026-01-29 09:00:00,10,6.487536,1.8333576206330247,1.3885218670779598,,-4.654178379366976,4.654178379366976,4.654178379366976,-4.654178379366976,16.948351627866014,0.016948351627866017,275.5843597174223,0.06149968614055041,98.66331133543949,38.51357215838685,0.0,98.12253054405532,1.0579248298009434,1.3404225142758524,0.9961376920414934,1.0,1.0,1.3352453897312033,,,,,,,backtest_calibrated
Underforecast,58,2025-12-27 09:00:00,10,6.665188,2.0399821196481955,1.450197819822452,,-4.625205880351804,4.625205880351804,4.625205880351804,-4.625205880351804,11.493634681074173,0.011493634681074174,229.87892426582752,0.04999864479869915,37.84956317013941,37.84956317013941,0.0,0.0,0.9882948987797541,1.451477877984532,0.9780982365372631,1.0,1.0,1.4196879528295197,,,,,,,backtest_calibrated
Underforecast,59,2026-05-26 14:00:00,15,25.44139067,20.83360483445869,20.14287392897214,,-4.607785835541311,4.607785835541311,4.607785835541311,-4.607785835541311,759.8127620830911,0.7598127620830911,950.3972899260862,0.7994685697622127,88.92986501920402,7.399258997615727,88.92986501920402,0.23544418821696503,0.45016153295617123,1.0426682695555807,0.9970898017447253,0.9943115472291554,1.0,1.0337199898479423,,,,,,,backtest_calibrated
Underforecast,60,2026-01-17 09:00:00,10,6.813187,2.2231272056294356,1.4515696329178076,,-4.590059794370564,4.590059794370564,4.590059794370564,-4.590059794370564,10.41621936557392,0.01041621936557392,244.37637404884987,0.04262367590204018,68.06818331934296,68.06818331934296,0.0,0.0,1.0842278326866002,1.550826304176212,0.9961376920414934,1.0,1.0,1.5448365353993307,,,,,,,backtest_calibrated
Underforecast,61,2026-03-01 13:00:00,14,19.83096868,15.240936010617148,13.767857556876482,,-4.590032669382854,4.590032669382854,4.590032669382854,-4.590032669382854,311.90495273404196,0.31190495273404195,672.5516173833872,0.4637635902914511,91.88837471483531,16.180390730994414,90.86152491526597,0.7964485363595794,0.7011711530033808,1.142536779184352,0.9919267716719791,0.9766860638944643,1.0,1.106890836245583,,,,,,,backtest_calibrated
Underforecast,62,2026-04-26 16:00:00,17,11.81805,7.2398492055256485,10.190777720649699,,-4.578200794474351,4.578200794474351,4.578200794474351,-4.578200794474351,310.1955979377424,0.3101955979377424,673.4716345500233,0.46059192700075335,99.29366743534911,99.05822324713213,98.82277905891517,0.0,0.5326485571053172,0.7127858498143007,1.0089658152722663,0.9734690044495896,1.0,0.7001774016089147,,,,,,,backtest_calibrated
Underforecast,63,2026-02-15 11:00:00,12,18.62566879,14.081906478046289,11.314220698881522,,-4.54376231195371,4.54376231195371,4.54376231195371,-4.54376231195371,177.13756849094267,0.17713756849094267,577.9206474047888,0.30650846147545835,47.60269961907384,0.0,40.59370264997982,11.548052546386224,0.9156103882824029,1.2701163988736892,1.0050180479883204,0.9749745088694678,1.0,1.2445451171453765,,,,,,,backtest_calibrated
Underforecast,64,2025-11-08 10:00:00,11,16.322394,11.838172760472565,11.89423601886808,,-4.484221239527434,4.484221239527434,4.484221239527434,-4.484221239527434,175.8937658275003,0.1758937658275003,487.92599960296195,0.36049270989992255,98.10077656714255,98.10077656714255,0.0,0.0,0.8481587278508433,1.0283872494906454,1.0014685557041578,0.9638178261149656,1.0,0.9926335632601277,,,,,,,backtest_calibrated
Underforecast,65,2026-01-12 09:00:00,10,6.825182000000001,2.3948971965065677,1.5436954921104968,,-4.430284803493433,4.430284803493433,4.430284803493433,-4.430284803493433,10.721534582571621,0.01072153458257162,236.18073859496093,0.04539546555046793,41.371651266521766,41.371651266521766,0.0,0.0,1.0842278326866002,1.5699544345074292,0.9961376920414934,1.0,1.0,1.5638907870005385,,,,,,,backtest_calibrated
Underforecast,66,2026-02-13 08:00:00,9,4.422858,0.0,0.0,,-4.422858,4.422858,4.422858,-4.422858,0.0,0.0,159.5144306273021,0.0,25.997260488465155,0.13115768697789199,0.0,25.997260488465155,1.0644257968812212,1.0,1.0,1.0,1.0,1.0,,,,,,,backtest_calibrated
Underforecast,67,2026-03-04 10:00:00,11,21.968448,17.56054308028055,16.73019084137838,,-4.407904919719449,4.407904919719449,4.407904919719449,-4.407904919719449,291.9170926657047,0.29191709266570465,574.6076598698276,0.5080285437403254,20.93568306668334,1.9189790804148994,19.63286921139793,0.0,0.714714626236498,1.0550776471798091,0.9919267716719791,1.0038600061658662,1.0,1.0505994915739838,,,,,,,backtest_calibrated
Underforecast,68,2025-11-06 08:00:00,9,5.005258260000001,0.6286534873101639,0.4318662280523142,,-4.376604772689837,4.376604772689837,4.376604772689837,-4.376604772689837,3.0,0.0029999999999999996,224.6486958478577,0.013354183912252649,6.033526369273159,5.0679418417314945,0.0,1.2010287157586292,1.038701187678043,1.463636246653367,1.0014685557041578,1.0,1.0,1.465785678012202,,,,,,,backtest_calibrated
Underforecast,69,2025-11-07 12:00:00,13,19.04467,14.669807009399753,15.318030675182179,,-4.374862990600247,4.374862990600247,4.374862990600247,-4.374862990600247,365.89313879952044,0.3658931387995205,568.4174027064123,0.6437050256684423,85.50797708853608,8.676968612673507,26.501913383994793,79.2958712359553,0.5682241448102385,0.9507081678198612,1.0014685557041578,1.005827297114593,1.0,0.9576545400115806,,,,,,,backtest_calibrated
Underforecast,70,2025-07-03 13:00:00,14,19.057622,14.695402022991637,16.479172487223614,,-4.362219977008362,4.362219977008362,4.362219977008362,-4.362219977008362,749.9612479139022,0.7499612479139022,994.1008954710309,0.7544116008049173,99.93010758504977,0.0,0.0,99.93010758504977,0.42378487613411586,0.8907732605757295,1.0065286712755241,0.9943115472291554,1.0,0.8914886231813537,,,,,,,backtest_calibrated
Underforecast,71,2026-05-05 14:00:00,15,20.10369377,15.746368692187671,16.91553236255668,,-4.3573250778123285,4.3573250778123285,4.3573250778123285,-4.3573250778123285,519.9535499338039,0.5199535499338038,916.4948196748528,0.5673284112159729,94.75369252088431,94.43873901782345,3.463649757377377,0.06989241495023205,0.5408257361810621,0.9365620502866887,0.9970898017447253,0.9943115472291554,1.0,0.9285243843921502,,,,,,,backtest_calibrated
Underforecast,72,2026-03-31 11:00:00,12,12.550787,8.239354207184046,10.815693168836276,,-4.311432792815953,4.311432792815953,4.311432792815953,-4.311432792815953,250.68733189934545,0.25068733189934544,719.3334593201985,0.3484994735769082,100.0,4.634502367177693,95.43887231863803,100.0,0.6934691014873344,0.786213035564993,0.9919267716719791,0.9766860638944643,1.0,0.7616840177565045,,,,,,,backtest_calibrated
Underforecast,73,2025-09-29 10:00:00,11,10.57312098,6.311514178085347,7.309657534653955,,-4.261606801914653,4.261606801914653,4.261606801914653,-4.261606801914653,163.72340090437632,0.16372340090437634,550.0679505683108,0.29764213809443557,100.0,67.1180663388884,10.65716836328175,100.0,0.740518015247783,0.8956290629391713,0.9912208554464851,0.9734690044495896,1.0,0.8641301840384477,,,,,,,backtest_calibrated
Underforecast,74,2025-10-22 15:00:00,16,10.72030933,6.464373859892169,8.091215220288998,,-4.25593547010783,4.25593547010783,4.25593547010783,-4.25593547010783,264.77046039754555,0.2647704603975456,502.8817669819452,0.5265063833723197,98.28093679749745,0.06989241495023205,85.21948636792564,95.38465265391008,0.4797026971847193,0.7744561779763068,1.0202587765486206,1.009665880409739,1.0,0.7977831665972024,,,,,,,backtest_calibrated
Underforecast,75,2026-05-06 15:00:00,16,24.47729288,20.295233466008327,18.917955841889064,,-4.182059413991674,4.182059413991674,4.182059413991674,-4.182059413991674,651.8805240034203,0.6518805240034202,831.6606949765267,0.7838299055624114,38.78973725355909,38.28337193463327,0.5063653189258264,0.0,0.491174804445595,1.0706972650139304,0.9970898017447253,1.0,1.0,1.0675813237013592,,,,,,,backtest_calibrated
Underforecast,76,2026-05-26 10:00:00,11,19.872524669999997,15.71931574353275,15.259900892469743,,-4.153208926467247,4.153208926467247,4.153208926467247,-4.153208926467247,405.17789037865884,0.4051778903786588,762.9178562150971,0.5310897983025095,69.29357354754158,27.912569601257076,61.2447760180416,0.0,0.6322428194125878,1.0312643858803354,0.9970898017447253,1.0,1.0,1.0282632020638194,,,,,,,backtest_calibrated
Underforecast,77,2026-03-04 08:00:00,9,4.644171,0.5098726714754224,0.3514721757947763,,-4.134298328524578,4.134298328524578,4.134298328524578,-4.134298328524578,5.131157686977892,0.005131157686977892,252.7246663203461,0.02030335131780842,82.81894320653501,1.0577741533442606,0.0,82.81894320653501,1.078482832038176,1.4662146598751242,0.9919267716719791,1.0,1.0,1.454377574148061,,,,,,,backtest_calibrated
Underforecast,78,2026-04-09 13:00:00,14,24.11961633,20.014872953397482,20.892492314199107,,-4.104743376602517,4.104743376602517,4.104743376602517,-4.104743376602517,680.8161207210785,0.6808161207210786,874.0922908517949,0.7788835662394751,98.68497478387668,5.108788763063069,7.566619447812888,98.4140536531678,0.5018081751145002,0.9549126606360755,1.0089658152722663,0.9943115472291554,1.0,0.9579935534926501,,,,,,,backtest_calibrated
Underforecast,79,2025-10-15 10:00:00,11,13.64172067,9.575437337176306,8.945759265404984,,-4.066283332823694,4.066283332823694,4.066283332823694,-4.066283332823694,168.90488990034044,0.16890488990034044,482.4799586877671,0.350076488896497,99.99999999999999,15.807412717616891,99.99999999999999,0.0,0.8053955843217449,1.0855988381913007,1.0202587765486206,0.9670348855598403,1.0,1.0710150770074043,,,,,,,backtest_calibrated
Underforecast,80,2026-02-12 08:00:00,9,4.04066282,0.0,0.0,,-4.04066282,4.04066282,4.04066282,-4.04066282,0.0,0.0,155.3425327578012,0.0,0.0,0.0,0.0,0.0,1.0644257968812212,1.0,1.0,1.0,1.0,1.0,,,,,,,backtest_calibrated
Underforecast,81,2025-12-02 12:00:00,13,17.23995079,13.219608443382796,14.106602985474357,,-4.0203423466172055,4.0203423466172055,4.0203423466172055,-4.0203423466172055,292.5536191802019,0.2925536191802019,476.75321021762926,0.613637439476614,72.22320098469747,63.40858871405783,0.0,21.413119711575646,0.6238567905030474,0.9488486973347016,0.9780982365372631,1.009665880409739,1.0,0.9370378245346256,,,,,,,backtest_calibrated
Underforecast,82,2025-12-03 11:00:00,12,13.85830457,9.841372857863364,13.5553015185728,,-4.0169317121366355,4.0169317121366355,4.0169317121366355,-4.0169317121366355,274.42267975517063,0.27442267975517065,458.5901282480764,0.5984051178849634,100.0,0.0,0.0,100.0,0.5521551824888488,0.7350729313816263,0.9780982365372631,1.009665880409739,1.0,0.7259230501458565,,,,,,,backtest_calibrated
Underforecast,83,2026-03-27 12:00:00,13,25.756014999999998,21.75716741173494,22.40519802747052,,-3.9988475882650576,3.9988475882650576,3.9988475882650576,-3.9988475882650576,688.6779403901216,0.6886779403901215,788.0241195128154,0.8739300274411484,99.99999999999999,0.0,0.0,99.99999999999999,0.49858864215659104,0.9693161260797154,0.9919267716719791,1.0099894936859148,1.0,0.9710954201061615,,,,,,,backtest_calibrated
Underforecast,84,2026-04-22 14:00:00,15,26.088004,22.09322677764304,20.12003819795441,,-3.994777222356962,3.994777222356962,3.994777222356962,-3.994777222356962,635.1161332247328,0.6351161332247328,885.2099674651796,0.7174751263176615,45.45022176637647,44.07501413442854,14.689208425318045,0.0,0.5018888370720447,1.0877352112147851,1.0089658152722663,1.0,1.0,1.0974876441836763,,,,,,,backtest_calibrated
Underforecast,85,2026-01-03 13:00:00,14,11.483683000000001,7.523665723530277,8.472292727582072,,-3.960017276469724,3.960017276469724,3.960017276469724,-3.960017276469724,164.60172557052812,0.1646017255705281,435.23589282058424,0.3781896858363685,97.01215999302521,95.32857373301457,36.537892412552964,28.50085087304148,0.69226435234367,0.9249060600928871,0.9961376920414934,0.9638178261149656,1.0,0.8879979287305153,,,,,,,backtest_calibrated
Underforecast,86,2026-04-15 11:00:00,12,25.94345434,22.004214531468563,21.14310316375893,,-3.939239808531436,3.939239808531436,3.939239808531436,-3.939239808531436,601.6256728757636,0.6016256728757635,785.9841228559934,0.7654425266119432,99.44086068039815,2.6805442351151316,94.41284617048146,48.39171762862583,0.5538271009757659,1.0377209567280785,1.0089658152722663,0.9943115472291554,1.0,1.0410690190320924,,,,,,,backtest_calibrated
Underforecast,87,2026-01-06 13:00:00,14,16.16171483,12.22547827785485,10.666405128161415,,-3.936236552145152,3.936236552145152,3.936236552145152,-3.936236552145152,231.65930854161084,0.23165930854161085,441.420427894186,0.5248042317541826,92.52274408085712,0.0,92.52274408085712,0.0,0.6451409888668108,1.1396634671430783,0.9961376920414934,1.009665880409739,1.0,1.1462350400365255,,,,,,,backtest_calibrated
Underforecast,88,2026-02-02 09:00:00,10,8.865016879999999,4.952306533639183,3.2017769101321596,,-3.912710346360816,3.912710346360816,3.912710346360816,-3.912710346360816,25.46883610850951,0.025468836108509512,289.36990354903446,0.08801480664071118,71.31498220721166,71.31498220721166,0.0,0.0,1.0799435099192343,1.5472898215675297,1.0050180479883204,1.0,1.0,1.5550541961439954,,,,,,,backtest_calibrated
Underforecast,89,2026-01-07 09:00:00,10,5.044182,1.1752882311864599,0.9208933242728209,,-3.8688937688135403,3.8688937688135403,3.8688937688135403,-3.8688937688135403,10.667813597263478,0.010667813597263478,230.9344798963516,0.04619411359469328,97.11880442985166,17.235300762092052,1.8490866654646674,96.13193383459823,1.0153091468104316,1.2934546729575018,0.9961376920414934,1.0,1.0,1.2884589526801706,,,,,,,backtest_calibrated
Underforecast,90,2025-09-10 12:00:00,13,23.30589199,19.449387108920543,19.616326102817787,,-3.8565048810794558,3.8565048810794558,3.8565048810794558,-3.8565048810794558,645.804334197444,0.6458043341974439,828.7185234937975,0.7792806796145874,17.75463220330664,13.374238220226573,6.358730534642882,0.23544418821696503,0.49295267726040376,0.9964248445386852,0.9912208554464851,1.0038600061658662,1.0,0.9914895264366675,,,,,,,backtest_calibrated
Underforecast,91,2026-01-11 12:00:00,13,17.550425000000004,13.704137415801295,14.51681534673414,,-3.846287584198709,3.846287584198709,3.846287584198709,-3.846287584198709,289.5899085290189,0.2895899085290189,476.47951693836904,0.6077699003511967,100.0,70.18854245747653,2.4024775845816695,100.0,0.6176884032865592,0.9385191843477905,0.9961376920414934,1.009665880409739,1.0,0.9439309110633103,,,,,,,backtest_calibrated
Underforecast,92,2025-10-24 14:00:00,15,19.685262,15.85560875851007,16.720681247281007,,-3.8296532414899325,3.8296532414899325,3.8296532414899325,-3.8296532414899325,554.7366862735994,0.5547366862735994,591.7644664457533,0.9374281791629876,99.93873472797235,3.5255787734634354,0.0,99.93873472797235,0.41451240450579074,0.9237614902434402,1.0202587765486206,1.0049947468429574,1.0,0.9472355746058496,,,,,,,backtest_calibrated
Underforecast,93,2025-11-12 13:00:00,14,10.62455154,6.804996424560344,9.715692492206792,,-3.8195551154396563,3.8195551154396563,3.8195551154396563,-3.8195551154396563,297.3087281405275,0.29730872814052745,501.7688914507925,0.5925212447525435,88.98004402270442,88.74459983448746,0.9173769471981152,3.488426943772543,0.4582755849408435,0.6927564301310877,1.0014685557041578,1.009665880409739,1.0,0.7004797159419088,,,,,,,backtest_calibrated
Underforecast,94,2026-03-06 10:00:00,11,22.554270640000002,18.794489748614602,17.675718465969048,,-3.7597808913854003,3.7597808913854003,3.7597808913854003,-3.7597808913854003,333.85269226954955,0.33385269226954956,585.6705230243416,0.5700349926193468,97.9097898881396,0.0,0.7290788692911387,97.9097898881396,0.6511839565545892,1.077578167646058,0.9919267716719791,0.9943115472291554,1.0,1.0627983674354493,,,,,,,backtest_calibrated
Underforecast,95,2025-07-03 14:00:00,15,19.749141329999997,15.994214471120337,16.515976368835343,,-3.75492685887966,3.75492685887966,3.75492685887966,-3.75492685887966,877.0660614201955,0.8770660614201956,968.6396905078353,0.9054616179937559,94.86164646630455,0.0,0.0,94.86164646630455,0.366592503425845,0.9511010718834825,1.0065286712755241,1.0099894936859148,1.0,0.9668735453081542,,,,,,,backtest_calibrated
Underforecast,96,2025-12-02 11:00:00,12,15.533758590000001,11.784976983634067,13.458837801156601,,-3.7487816063659345,3.7487816063659345,3.7487816063659345,-3.7487816063659345,193.60650766627936,0.19360650766627935,461.320059658412,0.4196793605932436,92.13071220486613,85.25348135611782,0.0,40.95957564477409,0.8552671600670445,0.9284208668715335,0.9780982365372631,0.9638178261149656,1.0,0.8752302576933828,,,,,,,backtest_calibrated
Underforecast,97,2026-01-08 09:00:00,10,7.340288999999999,3.5982831872747734,2.36178952742408,,-3.742005812725226,3.742005812725226,3.742005812725226,-3.742005812725226,13.131157686977891,0.013131157686977892,231.74570292023583,0.056661925211607844,0.0,0.0,0.0,0.0,1.0799435099192343,1.5451732734675685,0.9961376920414934,1.0,1.0,1.539205338436183,,,,,,,backtest_calibrated
Underforecast,98,2026-03-03 11:00:00,12,26.00312215,22.28360803190429,19.791166687293632,,-3.7195141180957094,3.7195141180957094,3.7195141180957094,-3.7195141180957094,400.59741889121733,0.40059741889121736,662.8268567528721,0.6043771685017522,46.74645106295571,46.74645106295571,0.0,0.0,0.6758583656755222,1.1345934241439273,0.9919267716719791,1.0,1.0,1.1254335923713423,,,,,,,backtest_calibrated
Underforecast,99,2025-08-26 15:00:00,16,14.299292659999999,10.59150822688412,12.13509767217098,,-3.7077844331158794,3.7077844331158794,3.7077844331158794,-3.7077844331158794,759.8832021953186,0.7598832021953187,793.08554311052,0.9581352337038194,25.6754285561257,0.0,14.489266208981611,13.387191062902717,0.2800064034568825,0.8960078198214185,0.9735178371504961,1.0,1.0,0.8722795948224789,,,,,,,backtest_calibrated
Underforecast,100,2026-02-08 08:00:00,9,3.7076480000000003,0.0,0.0,,-3.7076480000000003,3.7076480000000003,3.7076480000000003,-3.7076480000000003,0.0,0.0,139.5606137276183,0.0,35.160715455059204,20.473121669766506,0.27092113070886126,16.996371180250332,1.0644257968812212,1.0,1.0,1.0,1.0,1.0,,,,,,,backtest_calibrated
Overforecast,1,2026-04-02 14:00:00,15,0.08460199999999998,31.063235965734748,29.204611175049255,,30.978633965734748,30.978633965734748,-30.978633965734748,30.978633965734748,865.0351295434097,0.8650351295434097,819.3801870194399,1.0557188753734006,0.0,0.0,0.0,0.0,0.5059426434874191,1.0461287660569436,1.0089658152722663,1.0087489571893349,1.0,1.0647427590583327,,,,,,,backtest_calibrated
Overforecast,2,2026-04-02 13:00:00,14,0.088372,30.784990636031043,30.40385836255587,,30.696618636031044,30.696618636031044,-30.696618636031044,30.696618636031044,853.4331048661674,0.8534331048661673,846.5928619365725,1.0080797313999883,0.3149535030608719,0.3149535030608719,0.0,0.0,0.5328225529905681,1.0036676671734175,1.0089658152722663,1.0,1.0,1.012666366072041,,,,,,,backtest_calibrated
Overforecast,3,2026-05-17 12:00:00,13,0.001229,28.920029344887876,29.90698985767764,,28.918800344887877,28.918800344887877,-28.918800344887877,28.918800344887877,934.8815729508738,0.9348815729508739,949.4386419678484,0.9846677095564564,0.5417705483552648,0.23544418821696503,0.0,0.3063263601382997,0.5419494691703515,0.9698438435769328,0.9970898017447253,1.0,1.0,0.9670214057154662,,,,,,,backtest_calibrated
Overforecast,4,2026-04-02 12:00:00,13,0.085625,28.87588014692903,29.608755698528256,,28.79025514692903,28.79025514692903,-28.79025514692903,28.79025514692903,778.1369574552754,0.7781369574552754,815.764316193575,0.9538747184801217,1.5462728101792615,0.8213188219866983,1.0,0.0,0.563829072512912,0.9666093364193056,1.0089658152722663,1.0,1.0,0.975275777170089,,,,,,,backtest_calibrated
Overforecast,5,2026-05-17 13:00:00,14,0.001213,28.661574207719525,29.562056260161558,,28.660361207719525,28.660361207719525,-28.660361207719525,28.660361207719525,999.5580136910597,0.9995580136910597,971.3030958362546,1.029089702252497,0.0,0.0,0.0,0.0,0.5042802657383505,0.9725654628166012,0.9970898017447253,1.0,1.0,0.9697351045035718,,,,,,,backtest_calibrated
Overforecast,6,2026-05-13 12:00:00,13,0.041887,28.60384272745161,29.04895018772237,,28.56195572745161,28.56195572745161,-28.56195572745161,28.56195572745161,915.6516421676214,0.9156516421676214,943.0024402744485,0.9709960473709198,0.0,0.0,0.0,0.0,0.5412503506820867,0.9875717078646542,0.9970898017447253,1.0,1.0,0.9846976784034679,,,,,,,backtest_calibrated
Overforecast,7,2026-05-18 12:00:00,13,0.0009419999999999999,28.43941191874061,29.027609881293422,,28.438469918740612,28.438469918740612,-28.438469918740612,28.438469918740612,948.235444188217,0.9482354441882169,950.8975791369979,0.9972003978060424,0.0,0.0,0.0,0.0,0.5258024850307098,0.9826186224303612,0.9970898017447253,1.0,1.0,0.979759007429764,,,,,,,backtest_calibrated
Overforecast,8,2026-05-13 13:00:00,14,0.041889,28.03973038126966,28.62660806256914,,27.99784138126966,27.99784138126966,-27.99784138126966,27.99784138126966,975.8258210838106,0.9758258210838107,964.986443274305,1.0112326736660946,56.24332204240316,0.0,0.0,56.24332204240316,0.5043271483310614,0.9825552196792504,0.9970898017447253,1.0,1.0,0.9796957891932287,,,,,,,backtest_calibrated
Overforecast,9,2026-05-16 12:00:00,13,0.000893,27.88470863353343,27.999944752960765,,27.88381563353343,27.88381563353343,-27.88381563353343,27.88381563353343,918.8870863558384,0.9188870863558384,947.920366653274,0.9693716040726708,29.940450305670815,0.0,0.0,29.940450305670815,0.5238449939027243,0.9988115034883206,0.9970898017447253,1.0,1.0,0.9959047639935206,,,,,,,backtest_calibrated
Overforecast,10,2026-04-29 13:00:00,14,1.318538,29.03800924587597,28.5506042748778,,27.71947124587597,27.71947124587597,-27.71947124587597,27.71947124587597,925.6516421676214,0.9256516421676214,935.9883051298361,0.9889564186800593,0.0,0.0,0.0,0.0,0.5118038266966088,1.0083027770014423,1.0089658152722663,1.0,1.0,1.0173430334385505,,,,,,,backtest_calibrated
Overforecast,11,2026-04-29 12:00:00,13,1.325802,28.973753703042675,28.69732215828298,,27.647951703042676,27.647951703042676,-27.647951703042676,27.647951703042676,861.6516421676213,0.8616516421676214,912.4088409499002,0.944370115123571,0.0,0.0,0.0,0.0,0.5480901915528281,1.000711665732517,1.0089658152722663,1.0,1.0,1.0096838616682766,,,,,,,backtest_calibrated
Overforecast,12,2026-05-18 11:00:00,12,0.0011330000000000001,27.453500922378126,27.250978769727542,,27.452367922378127,27.452367922378127,-27.452367922378127,27.452367922378127,835.0698710287807,0.8350698710287807,875.6123027350784,0.9536981931619066,0.0,0.0,0.0,0.0,0.5580043807902714,1.0102177692490262,0.9970898017447253,1.0,1.0,1.0072778352595102,,,,,,,backtest_calibrated
Overforecast,13,2026-05-16 13:00:00,14,0.0007700000000000001,27.301476245048296,27.52478725681625,,27.300706245048296,27.300706245048296,-27.300706245048296,27.300706245048296,978.5063653189258,0.9785063653189258,969.8009062180604,1.008976542551207,32.36953198544529,0.0,0.0,32.36953198544529,0.4865605896203144,0.9950559595033166,0.9970898017447253,1.0,1.0,0.9921601493860693,,,,,,,backtest_calibrated
Overforecast,14,2026-05-18 13:00:00,14,0.001149,27.221116728110022,28.474523559219175,,27.21996772811002,27.21996772811002,-27.21996772811002,27.21996772811002,1007.1828060591118,1.007182806059112,972.7550128923399,1.035392049087885,0.0,0.0,0.0,0.0,0.4893954140907876,0.9590429045126128,0.9970898017447253,1.0,1.0,0.9562518995251665,,,,,,,backtest_calibrated
Overforecast,15,2026-05-13 11:00:00,12,0.039043999999999995,27.228840040331423,26.80843733576054,,27.189796040331423,27.189796040331423,-27.189796040331423,27.189796040331423,799.5473556663823,0.7995473556663822,867.2079187501666,0.9219788454177197,0.0,0.0,0.0,0.0,0.5684034667753155,1.0186612722958461,0.9970898017447253,1.0,1.0,1.0156967660384948,,,,,,,backtest_calibrated
Overforecast,16,2026-05-19 12:00:00,13,0.007353,27.141234575377794,27.425854975662237,,27.133881575377796,27.133881575377796,-27.133881575377796,27.133881575377796,948.4936346810742,0.9484936346810742,952.2979038414691,0.9960051690284639,0.0,0.0,0.0,0.0,0.5102207758503644,0.9925330584828367,0.9970898017447253,1.0,1.0,0.9896445905077376,,,,,,,backtest_calibrated
Overforecast,17,2026-05-17 11:00:00,12,0.001081,27.006872515543574,27.26384415727821,,27.005791515543574,27.005791515543574,-27.005791515543574,27.005791515543574,814.2010287157586,0.8142010287157586,874.0702915032359,0.9315052080256458,0.0,0.0,0.0,0.0,0.566981034933721,0.9933114663830926,0.9970898017447253,1.0,1.0,0.9904207330866801,,,,,,,backtest_calibrated
Overforecast,18,2026-05-19 13:00:00,14,0.0074730000000000005,26.59296651518754,26.868202301674472,,26.58549351518754,26.58549351518754,-26.58549351518754,26.58549351518754,1009.5979211823133,1.0095979211823132,974.157285554553,1.0363808146315767,0.0,0.0,0.0,0.0,0.4727863369353022,0.9928674934165638,0.9970898017447253,1.0,1.0,0.9899780521695039,,,,,,,backtest_calibrated
Overforecast,19,2026-05-15 13:00:00,14,0.000537,26.525116720718867,27.243899933456724,,26.524579720718865,26.524579720718865,-26.524579720718865,26.524579720718865,981.7504152638958,0.9817504152638958,968.2478168889766,1.0139453951141388,0.0,0.0,0.0,0.0,0.48485227002992204,0.976676888985989,0.9970898017447253,1.0,1.0,0.9738345656076949,,,,,,,backtest_calibrated
Overforecast,20,2026-05-17 14:00:00,15,0.001128,26.46795688859997,26.774981368811897,,26.46682888859997,26.46682888859997,-26.46682888859997,26.46682888859997,998.764555811783,0.998764555811783,938.1733529658435,1.0645842291879137,0.36247699409628165,0.0,0.36247699409628165,0.0,0.45919131118139395,0.9828721212831333,0.9970898017447253,1.0087489571893349,1.0,0.9885858495587105,,,,,,,backtest_calibrated
Overforecast,21,2026-04-02 15:00:00,16,0.074786,26.472014295836694,24.539146013846974,,26.397228295836694,26.397228295836694,-26.397228295836694,26.397228295836694,820.619257576918,0.820619257576918,736.0251303989409,1.114933748433461,0.0,0.0,0.0,0.0,0.44564834718352625,1.060098043778977,1.0089658152722663,1.0087489571893349,1.0,1.0789605951282382,,,,,,,backtest_calibrated
Overforecast,22,2026-05-16 11:00:00,12,0.000933,26.346068049868347,25.9808792765026,,26.345135049868347,26.345135049868347,-26.345135049868347,26.345135049868347,803.6516421676214,0.8036516421676214,872.459540330357,0.9211334222596942,7.5621171859888925,0.0,0.0,7.5621171859888925,0.5535608909782062,1.016861423987185,0.9970898017447253,1.0,1.0,1.0139021556452412,,,,,,,backtest_calibrated
Overforecast,23,2026-05-15 12:00:00,13,0.000517,26.049731903830942,27.035498273392644,,26.049214903830944,26.049214903830944,-26.049214903830944,26.049214903830944,915.5063653189259,0.9155063653189259,946.3420392333784,0.967415931411615,0.0,0.0,0.0,0.0,0.5122558380596609,0.9663707510926658,0.9970898017447253,1.0,1.0,0.9635584206188873,,,,,,,backtest_calibrated
Overforecast,24,2026-05-13 14:00:00,15,0.039973,25.924907733851043,25.456840714903237,,25.884934733851043,25.884934733851043,-25.884934733851043,25.884934733851043,975.8258210838106,0.9758258210838107,931.6619209468618,1.0474033543112553,10.801267143159775,0.0,0.0,10.801267143159775,0.4514320585241214,1.0216203513536921,0.9970898017447253,1.0,1.0,1.0186472335896295,,,,,,,backtest_calibrated
Overforecast,25,2026-05-19 11:00:00,12,0.007567999999999999,25.827923323604562,25.161128028875854,,25.820355323604563,25.820355323604563,-25.820355323604563,25.820355323604563,831.3893481798351,0.831389348179835,877.086302283115,0.9478991360549953,0.0,0.0,0.0,0.0,0.5312435481449848,1.0293426974860278,0.9970898017447253,1.0,1.0,1.0263471061637242,,,,,,,backtest_calibrated
Overforecast,26,2026-04-29 11:00:00,12,1.2115169999999997,27.025722710505466,25.965584439619718,,25.814205710505465,25.814205710505465,-25.814205710505465,25.814205710505465,742.7827998545993,0.7427827998545993,833.9915605924228,0.8906358708557749,0.0,0.0,0.0,0.0,0.5700996929036618,1.0317490716520485,1.0089658152722663,1.0,1.0,1.040999543235813,,,,,,,backtest_calibrated
Overforecast,27,2026-04-02 11:00:00,12,0.075202,25.83341453646803,25.693596422385042,,25.75821253646803,25.75821253646803,-25.75821253646803,25.75821253646803,647.4368009987278,0.6474368009987278,729.0126118907614,0.8881009607221209,0.18379581608297985,0.18379581608297985,0.0,0.0,0.579810165487191,0.9967488463702578,1.0089658152722663,1.0,1.0,1.0056855123996582,,,,,,,backtest_calibrated
Overforecast,28,2026-04-29 14:00:00,15,1.277618,26.920103080306085,25.832307116609968,,25.642485080306084,25.642485080306084,-25.642485080306084,25.642485080306084,929.1580074865471,0.9291580074865472,903.1221151299576,1.028828761825684,0.0,0.0,0.0,0.0,0.46410018037932566,1.0332887637209014,1.0089658152722663,1.0,1.0,1.0425530398993315,,,,,,,backtest_calibrated
Overforecast,29,2026-05-18 14:00:00,15,0.0010940000000000001,25.033333948762408,25.78257311015256,,25.03223994876241,25.03223994876241,-25.03223994876241,25.03223994876241,1005.6192789630875,1.0056192789630873,939.6946249739146,1.0701554018051374,0.0,0.0,0.0,0.0,0.4468544495050617,0.9653807394651355,0.9970898017447253,1.0087489571893349,1.0,0.9709927851304238,,,,,,,backtest_calibrated
Overforecast,30,2026-03-18 13:00:00,14,0.048127,24.98927128254705,26.173143763024765,,24.94114428254705,24.94114428254705,-24.94114428254705,24.94114428254705,777.2764345356734,0.7772764345356734,778.6143395565866,0.9982816845863959,0.0,0.0,0.0,0.0,0.499901164670191,0.9625413452785141,0.9919267716719791,1.0,1.0,0.9547705292229203,,,,,,,backtest_calibrated
Overforecast,31,2026-05-15 11:00:00,12,0.000742,24.87009852066019,25.032748887788348,,24.86935652066019,24.86935652066019,-24.86935652066019,24.86935652066019,797.5676305909534,0.7975676305909535,870.7793438700052,0.9159239205724875,0.0,0.0,0.0,0.0,0.5413760745413799,0.9964173036271495,0.9970898017447253,1.0,1.0,0.9935175317286082,,,,,,,backtest_calibrated
Overforecast,32,2026-05-19 14:00:00,15,0.0045449999999999996,24.7765945942904,24.164592370621985,,24.7720495942904,24.7720495942904,-24.7720495942904,24.7720495942904,1010.2172001454007,1.0102172001454006,941.174160181893,1.0733584100419464,0.0,0.0,0.0,0.0,0.4272411392589506,1.019490321551297,0.9970898017447253,1.0087489571893349,1.0,1.0254169223275205,,,,,,,backtest_calibrated
Overforecast,33,2026-05-15 14:00:00,15,0.0005560000000000001,24.614147111220255,24.304135826203773,,24.613591111220256,24.613591111220256,-24.613591111220256,24.613591111220256,989.1342500387663,0.9891342500387664,935.0038192045321,1.0578932724363483,0.0,0.0,0.0,0.0,0.4320795682172114,1.0068490972861084,0.9970898017447253,1.0087489571893349,1.0,1.0127022108619546,,,,,,,backtest_calibrated
Overforecast,34,2026-03-18 12:00:00,13,0.048627,24.291556997244342,25.38837568510673,,24.242929997244342,24.242929997244342,-24.242929997244342,24.242929997244342,698.1721480344345,0.6981721480344343,743.1538642420363,0.9394718666322486,0.0,0.0,0.0,0.0,0.5300159767575564,0.9645857113601057,0.9919267716719791,1.0,1.0,0.9567983906703491,,,,,,,backtest_calibrated
Overforecast,35,2026-05-20 13:00:00,14,0.011661,24.083283297241703,24.889248599696263,,24.071622297241703,24.071622297241703,-24.071622297241703,24.071622297241703,929.5070559218682,0.9295070559218682,975.5105417420748,0.9528416312774507,69.06247387449132,0.0,0.0,69.06247387449132,0.4786421119889023,0.9706683487573233,0.9970898017447253,1.0,1.0,0.9678435114223194,,,,,,,backtest_calibrated
Overforecast,36,2026-05-16 14:00:00,15,0.000776,23.577327858762768,25.107957464107567,,23.57655185876277,23.57655185876277,-23.57655185876277,23.57655185876277,980.0643790099856,0.9800643790099857,936.609901436504,1.0463954924102707,52.50340439114206,0.0,0.0,52.50340439114206,0.44517993491828944,0.9417510083553536,0.9970898017447253,1.0,1.0,0.9390103262139347,,,,,,,backtest_calibrated
Overforecast,37,2026-05-20 12:00:00,13,0.012768,23.306294857571075,24.13647783922577,,23.293526857571074,23.293526857571074,-23.293526857571074,23.293526857571074,848.8162041839171,0.848816204183917,953.6403519147832,0.8900799997395317,91.05503883703146,0.0,0.0,91.05503883703146,0.5028253460405708,0.9588670344400303,0.9970898017447253,1.0099894936859148,1.0,0.9656272618416241,,,,,,,backtest_calibrated
Overforecast,38,2026-03-18 14:00:00,15,0.038292,23.2512476813003,24.48527061192146,,23.2129556813003,23.2129556813003,-23.2129556813003,23.2129556813003,793.3807210369125,0.7933807210369126,755.9031816885561,1.0495798142622421,0.0,0.0,0.0,0.0,0.46233932645641285,0.9579790985786305,0.9919267716719791,1.0,1.0,0.9502451145823336,,,,,,,backtest_calibrated
Overforecast,39,2026-02-27 12:00:00,13,0.17646799999999999,22.684382447150778,23.481402168823347,,22.507914447150778,22.507914447150778,-22.507914447150778,22.507914447150778,568.241284647014,0.568241284647014,680.4421565228217,0.8351059369261102,99.0820106765562,1.3752076319479343,0.0,99.0820106765562,0.5435813342789898,0.9517122062102028,1.0050180479883204,1.0099894936859148,1.0,0.9660427740066008,,,,,,,backtest_calibrated
Overforecast,40,2026-05-20 14:00:00,15,0.008343,22.504235818639742,22.551147514980904,,22.495892818639742,22.495892818639742,-22.495892818639742,22.495892818639742,973.4846163258106,0.9734846163258107,942.6123919760757,1.0327517700939777,4.443061610589271,0.0,0.0,4.443061610589271,0.4150982909861789,1.000803759066319,0.9970898017447253,1.0,1.0,0.9978912217128117,,,,,,,backtest_calibrated
Overforecast,41,2026-05-17 15:00:00,16,0.0009130000000000001,22.369771851634003,23.044121651388224,,22.368858851634002,22.368858851634002,-22.368858851634002,22.368858851634002,940.7590424068185,0.9407590424068184,852.3424827238908,1.1037336064727978,0.23544418821696503,0.0,0.23544418821696503,0.0,0.42150302666720946,0.964358926558717,0.9970898017447253,1.0087489571893349,1.0,0.9699650321213518,,,,,,,backtest_calibrated
Overforecast,42,2026-03-02 14:00:00,15,0.001776,22.305033761509577,21.733237507231884,,22.303257761509578,22.303257761509578,-22.303257761509578,22.303257761509578,651.1318602920404,0.6511318602920405,602.6892160800803,1.0803774863055182,19.071085624418743,19.071085624418743,0.0,0.0,0.4660585922156436,1.021456904245824,0.9919267716719791,1.0135197005825751,1.0,1.0269224360775688,,,,,,,backtest_calibrated
Overforecast,43,2026-05-17 10:00:00,11,0.0010049999999999998,22.18705793385415,21.599647058534355,,22.18605293385415,22.18605293385415,-22.18605293385415,22.18605293385415,651.5204844806435,0.6515204844806435,750.3792594666356,0.868254920776648,0.0,0.0,0.0,0.0,0.5700611543589803,1.0298788444625446,0.9970898017447253,1.0,1.0,1.0268816928462454,,,,,,,backtest_calibrated
Overforecast,44,2026-04-29 15:00:00,16,1.0723029999999998,23.057040796031753,22.007309803912122,,21.98473779603175,21.98473779603175,-21.98473779603175,21.98473779603175,875.1593960104133,0.8751593960104133,816.0919856601972,1.0723783732570686,0.0,0.0,0.0,0.0,0.42120099838275854,1.0283510300629615,1.0089658152722663,1.0087489571893349,1.0,1.0466487000034528,,,,,,,backtest_calibrated
Overforecast,45,2025-10-29 12:00:00,13,0.002078,21.9609869760149,22.16677034505835,,21.9589089760149,21.9589089760149,-21.9589089760149,21.9589089760149,537.560086304234,0.537560086304234,601.4481306169148,0.8937763024599481,0.0,0.0,0.0,0.0,0.5232491689213545,0.9710444114133796,1.0202587765486206,1.0,1.0,0.99071658316299,,,,,,,backtest_calibrated
Overforecast,46,2026-05-18 10:00:00,11,0.001119,21.945075232918136,22.208845404356783,,21.943956232918136,21.943956232918136,-21.943956232918136,21.943956232918136,674.7559286688605,0.6747559286688605,752.0744827467145,0.8971929564802247,0.0,0.0,0.0,0.0,0.5705970536697625,0.9907514702774544,0.9970898017447253,1.0,1.0,0.9878681870772421,,,,,,,backtest_calibrated
Overforecast,47,2026-03-02 13:00:00,14,0.003991,21.89031774775901,22.00009101563905,,21.88632674775901,21.88632674775901,-21.88632674775901,21.88632674775901,607.3419702283071,0.6073419702283072,677.6524942136003,0.8962439825933395,39.72464354176164,39.72464354176164,0.0,0.0,0.5059426434874191,1.0033025256532262,0.9919267716719791,1.0,1.0,0.9952026352815477,,,,,,,backtest_calibrated
Overforecast,48,2026-05-13 15:00:00,16,0.035872999999999995,21.87925228919704,21.60412054275847,,21.843379289197042,21.843379289197042,-21.843379289197042,21.843379289197042,918.4364729039755,0.9184364729039757,845.3369941333877,1.0864737723273628,19.079773251087634,0.0,0.0,19.079773251087634,0.4093741091127971,1.0059752413645011,0.9970898017447253,1.0087489571893349,1.0,1.0118232749556983,,,,,,,backtest_calibrated
Overforecast,49,2026-03-02 12:00:00,13,0.0029100000000000003,21.725680929010604,19.65040835692644,,21.722770929010604,21.722770929010604,-21.722770929010604,21.722770929010604,460.23992821817376,0.4602399282181738,696.3276482988849,0.6609531150206818,52.18314066749831,52.18314066749831,0.0,0.0,0.6206313939047762,1.1145453635065772,0.9919267716719791,1.0,1.0,1.1055473843050514,,,,,,,backtest_calibrated
Overforecast,50,2026-05-13 10:00:00,11,0.034406,21.738166279473678,21.480573968288247,,21.703760279473677,21.703760279473677,-21.703760279473677,21.703760279473677,638.7215345825716,0.6387215345825716,742.8145095730179,0.8598667989801645,0.0,0.0,0.0,0.0,0.5743429181353225,1.0147635457325377,0.9970898017447253,1.0,1.0,1.0118103826322304,,,,,,,backtest_calibrated
Overforecast,51,2026-04-02 10:00:00,11,0.061868,21.74595473416289,20.419256476621918,,21.68408673416289,21.68408673416289,-21.68408673416289,21.68408673416289,475.6547559055793,0.4756547559055794,592.3560993011262,0.8029878589361475,0.0,0.0,0.0,0.0,0.6199129090311253,1.0547932819731705,1.0089658152722663,1.0,1.0,1.0642503636897693,,,,,,,backtest_calibrated
Overforecast,52,2026-05-19 10:00:00,11,0.006489,21.45323794324946,20.961297819917704,,21.44674894324946,21.44674894324946,-21.44674894324946,21.44674894324946,669.0840115766679,0.6690840115766679,753.6925386355105,0.8877413232562732,0.0,0.0,0.0,0.0,0.5540660842626979,1.0262830318431164,0.9970898017447253,1.0,1.0,1.0232963447544285,,,,,,,backtest_calibrated
Overforecast,53,2026-03-18 11:00:00,12,0.042935,21.46102397093384,22.191393277276344,,21.41808897093384,21.41808897093384,-21.41808897093384,21.41808897093384,557.4269191216707,0.5574269191216707,651.9740937493144,0.8549832339442657,1.177220941084825,1.177220941084825,0.0,0.0,0.5658880493501502,0.9748430100500585,0.9919267716719791,1.0,1.0,0.9669728798459492,,,,,,,backtest_calibrated
Overforecast,54,2025-10-29 13:00:00,14,0.002,21.368661612617814,21.7855275384253,,21.366661612617815,21.366661612617815,-21.366661612617815,21.366661612617815,587.664372805473,0.587664372805473,611.9667913144126,0.9602880109609516,0.0,0.0,0.0,0.0,0.48218771956289574,0.961388452752641,1.0202587765486206,1.0,1.0,0.9808650065933808,,,,,,,backtest_calibrated
Overforecast,55,2026-05-16 10:00:00,11,0.000857,21.128601270267247,21.028447679628712,,21.127744270267247,21.127744270267247,-21.127744270267247,21.127744270267247,644.2278999014974,0.6442278999014975,748.6062337328601,0.8605697773702882,2.7328766965572555,0.0,0.0,2.7328766965572555,0.5649590399678611,1.0073807449447774,0.9970898017447253,1.0,1.0,1.0044490672584416,,,,,,,backtest_calibrated
Overforecast,56,2026-05-18 15:00:00,16,0.0005420000000000001,21.08805111582433,21.96596887441056,,21.087509115824332,21.087509115824332,-21.087509115824332,21.087509115824332,945.3139423599204,0.9453139423599203,854.0042901861126,1.1069194302922163,0.0,0.0,0.0,0.0,0.4070603387702581,0.9534682218920321,0.9970898017447253,1.0087489571893349,1.0,0.959011016545905,,,,,,,backtest_calibrated
Overforecast,57,2026-02-26 14:00:00,15,0.0,20.95923445681639,21.527884497546356,,20.95923445681639,20.95923445681639,-20.95923445681639,20.95923445681639,634.2774446378943,0.6342774446378943,583.1050963757763,1.0877583622235065,80.09237058812471,17.399215436701166,0.0,75.30255327837361,0.46394093726551544,0.9687690903423904,1.0050180479883204,1.0,1.0,0.97363042012733,,,,,,,backtest_calibrated
Overforecast,58,2026-05-15 15:00:00,16,0.000408,20.48505802035176,20.65162643410001,,20.48465002035176,20.48465002035176,-20.48465002035176,20.48465002035176,936.8633289080575,0.9368633289080575,848.9118101778686,1.1036050125298185,0.0,0.0,0.0,0.0,0.3894820907334433,0.9849556941787763,0.9970898017447253,1.0087489571893349,1.0,0.9906815348839467,,,,,,,backtest_calibrated
Overforecast,59,2026-05-16 15:00:00,16,0.0005560000000000001,20.180676794192106,21.8489076751819,,20.180120794192106,20.180120794192106,-20.180120794192106,20.180120794192106,915.4162193655739,0.9154162193655739,850.6450555016426,1.076143584736097,64.07423845995355,0.0,0.0,64.07423845995355,0.4164433639743689,0.9251118112771682,0.9970898017447253,1.0,1.0,0.9224195524980554,,,,,,,backtest_calibrated
Overforecast,60,2026-04-29 10:00:00,11,0.9665,21.146370068071967,20.52521025523491,,20.179870068071967,20.179870068071967,-20.179870068071967,20.179870068071967,577.712907439649,0.577712907439649,706.1367031991866,0.8181318218162187,0.0,0.0,0.0,0.0,0.5803744547378189,1.0209635692190844,1.0089658152722663,1.0,1.0,1.0301173399804162,,,,,,,backtest_calibrated
Overforecast,61,2026-05-15 10:00:00,11,0.000655,20.16661782951645,20.42871803376926,,20.165962829516452,20.165962829516452,-20.165962829516452,20.165962829516452,638.2622939877863,0.6382622939877863,746.754804322509,0.8547146804992407,0.0,0.0,0.0,0.0,0.5572683057556357,0.9897703053137721,0.9970898017447253,1.0,1.0,0.9868898774981252,,,,,,,backtest_calibrated
Overforecast,62,2026-02-27 13:00:00,14,0.172717,20.145887612618736,21.150855200677483,,19.973170612618738,19.973170612618738,-19.973170612618738,19.973170612618738,633.0912191731614,0.6330912191731615,662.3083668723947,0.9558858846413117,99.76455581178303,0.0,0.0,99.76455581178303,0.45636996608632396,0.9383145192222211,1.0050180479883204,1.0099894936859148,1.0,0.9524433490767881,,,,,,,backtest_calibrated
Overforecast,63,2026-02-27 11:00:00,12,0.15765600000000002,20.09678547286737,19.028805565817667,,19.93912947286737,19.93912947286737,-19.93912947286737,19.93912947286737,411.4436943320847,0.4114436943320847,641.1524448550911,0.6417252209419188,82.11024119309339,8.72187127279756,0.0,80.56083325878666,0.6004719295687454,1.0567892696771064,1.0050180479883204,0.9943115472291554,1.0,1.0560506271219412,,,,,,,backtest_calibrated
Overforecast,64,2026-05-02 13:00:00,14,0.450997,20.33425031790928,21.90850294539658,,19.88325331790928,19.88325331790928,-19.88325331790928,19.88325331790928,768.570931284408,0.7685709312844079,943.1502804209372,0.8148976332185229,100.0,0.0,1.3624983802657766,100.0,0.4754153933936412,0.9219930022746892,0.9970898017447253,1.0099894936859148,1.0,0.928493259488866,,,,,,,backtest_calibrated
Overforecast,65,2026-05-20 11:00:00,12,0.011052,19.781852890546467,20.337534512416244,,19.770800890546468,19.770800890546468,-19.770800890546468,19.770800890546468,662.1408163182908,0.6621408163182908,878.493039562437,0.7537234633618637,96.97315020043067,0.0,0.0,96.97315020043067,0.5382371430802102,0.9805776084598389,0.9970898017447253,0.9943115472291554,1.0,0.9721621967975222,,,,,,,backtest_calibrated
Overforecast,66,2026-05-19 15:00:00,16,0.002154,19.739139021475182,19.781134871824115,,19.73698502147518,19.73698502147518,-19.73698502147518,19.73698502147518,950.6010349202712,0.9506010349202711,855.6306601659549,1.1109945905116307,0.0,0.0,0.0,0.0,0.3729827426390871,0.9909373031905886,0.9970898017447253,1.0087489571893349,1.0,0.9966979167698737,,,,,,,backtest_calibrated
Overforecast,67,2025-09-15 12:00:00,13,0.0023819999999999996,19.493313757624723,20.8628394078828,,19.490931757624722,19.490931757624722,-19.490931757624722,19.490931757624722,741.0450938423855,0.7410450938423855,809.6928227818851,0.915217565219802,0.0,0.0,0.0,0.0,0.4499735648248086,0.9426316912066071,0.9912208554464851,1.0,1.0,0.93435619132878,,,,,,,backtest_calibrated
Overforecast,68,2025-10-29 11:00:00,12,0.0022359999999999997,19.44516253103053,19.50088244536578,,19.44292653103053,19.44292653103053,-19.44292653103053,19.44292653103053,432.3504304455528,0.43235043044555277,535.3139131103994,0.8076577496994513,0.0,0.0,0.0,0.0,0.5475029071980592,0.9776135458376729,1.0202587765486206,1.0,1.0,0.997418800213703,,,,,,,backtest_calibrated
Overforecast,69,2025-10-29 14:00:00,15,0.0013260000000000001,19.00535467102166,19.242503694571496,,19.00402867102166,19.00402867102166,-19.00402867102166,19.00402867102166,578.2622939877862,0.5782622939877862,566.1230713861754,1.0214427272357711,0.0,0.0,0.0,0.0,0.4345019730897266,0.9685230948839879,1.0202587765486206,1.0,1.0,0.9881441878454211,,,,,,,backtest_calibrated
Overforecast,70,2026-05-02 12:00:00,13,0.314215,19.177474669417766,20.88428936321709,,18.863259669417765,18.863259669417765,-18.863259669417765,18.863259669417765,686.2438585103644,0.6862438585103644,920.0652312853165,0.7458643530651545,100.0,0.0,2.7724057661655155,100.0,0.5055989776131279,0.9263170737900998,0.9970898017447253,0.9943115472291554,1.0,0.9183673312725033,,,,,,,backtest_calibrated
Overforecast,71,2025-08-20 11:00:00,12,0.0067220000000000005,18.6710740844927,19.704984358740187,,18.664352084492702,18.664352084492702,-18.664352084492702,18.664352084492702,712.1149862573358,0.7121149862573358,809.5838327509878,0.8796062340295875,0.0,0.0,0.0,0.0,0.4803148735425014,0.9733681203091895,0.9735178371504961,1.0,1.0,0.9475912272346461,,,,,,,backtest_calibrated
Overforecast,72,2025-08-20 12:00:00,13,0.0063950000000000005,18.61614149829155,20.011704865997338,,18.60974649829155,18.60974649829155,-18.60974649829155,18.60974649829155,835.1149862573358,0.8351149862573357,894.0054309910054,0.9341274194851484,0.0,0.0,0.0,0.0,0.42247177351037246,0.9555885636647324,0.9735178371504961,1.0,1.0,0.9302825117046394,,,,,,,backtest_calibrated
Overforecast,73,2026-05-20 15:00:00,16,0.007724,18.503861371305916,18.835249049913774,,18.496137371305917,18.496137371305917,-18.496137371305917,18.496137371305917,931.139763443731,0.9311397634437311,857.2217584634278,1.086229734897072,0.0,0.0,0.0,0.0,0.3637240990267045,0.9749565597975531,0.9970898017447253,1.0087489571893349,1.0,0.9806242725574821,,,,,,,backtest_calibrated
Overforecast,74,2026-05-02 14:00:00,15,0.39462,18.786260401652108,19.624801247114657,,18.391640401652108,18.391640401652108,-18.391640401652108,18.391640401652108,777.0268367249863,0.7770268367249864,910.0303457432626,0.8538471715361905,100.0,0.0,0.9611967511191148,100.0,0.42464906720569495,0.9498149148001127,0.9970898017447253,1.0099894936859148,1.0,0.9565113227303572,,,,,,,backtest_calibrated
Overforecast,75,2026-03-18 15:00:00,16,0.031194000000000003,18.414779129746986,19.53827137740109,,18.383585129746987,18.383585129746987,-18.383585129746987,18.383585129746987,745.3934516747642,0.7453934516747642,676.6108563842008,1.1016575401378226,0.0,0.0,0.0,0.0,0.3915567506764395,0.9412356692875425,0.9919267716719791,1.0087489571893349,1.0,0.9418052077270983,,,,,,,backtest_calibrated
Overforecast,76,2025-09-15 11:00:00,12,0.00221,18.063920314195858,19.193072037199755,,18.061710314195857,18.061710314195857,-18.061710314195857,18.061710314195857,621.3772802451222,0.6213772802451221,731.0064382019038,0.8500298325327442,0.0,0.0,0.0,0.0,0.4822552063830842,0.9497261420920203,0.9912208554464851,1.0,1.0,0.9413883590043424,,,,,,,backtest_calibrated
Overforecast,77,2025-09-15 13:00:00,14,0.002381,17.947947747813743,19.49627999355096,,17.945566747813743,17.945566747813743,-17.945566747813743,17.945566747813743,803.6213515762616,0.8036213515762617,831.8174082679923,0.9661030697224282,0.0,0.0,0.0,0.0,0.3945996064049647,0.9286441975960427,0.9912208554464851,1.0,1.0,0.9204914959465641,,,,,,,backtest_calibrated
Overforecast,78,2025-08-20 13:00:00,14,0.006332,17.936624290962172,19.210805128175963,,17.93029229096217,17.93029229096217,-17.93029229096217,17.93029229096217,904.2192727585749,0.9042192727585748,923.664099285625,0.978948162495339,0.0,0.0,0.0,0.0,0.38025888659077445,0.9591328487765567,0.9735178371504961,1.0,1.0,0.9337329364809472,,,,,,,backtest_calibrated
Overforecast,79,2026-04-02 16:00:00,17,0.055536999999999996,17.631446346250023,16.771962196198306,,17.57590934625002,17.57590934625002,-17.57590934625002,17.57590934625002,707.4451000468981,0.7074451000468982,602.3375816576457,1.1744993531700185,0.0,0.0,0.0,0.0,0.3502956132839604,1.0210961030498218,1.0089658152722663,1.0159050722791951,1.0,1.0465786151968366,,,,,,,backtest_calibrated
Overforecast,80,2026-02-26 12:00:00,13,0.0,17.541778865163607,17.142581152355582,,17.541778865163607,17.541778865163607,-17.541778865163607,17.541778865163607,387.8562178489854,0.3878562178489854,675.1428406400009,0.5744802351474505,93.90373058385,92.59215371407109,0.0,40.35698078007915,0.6439202604507115,1.0238177900631598,1.0050180479883204,0.9943115472291554,1.0,1.0231021929141588,,,,,,,backtest_calibrated
Overforecast,81,2026-02-26 13:00:00,14,0.0,17.48869631558853,18.549955939553897,,17.48869631558853,17.48869631558853,-17.48869631558853,17.48869631558853,515.2048492540011,0.5152048492540011,657.1704065286984,0.7839745127529603,89.63571328805352,46.440628255634245,0.0,79.48921015702999,0.5207569687889714,0.9433542172545072,1.0050180479883204,0.9943115472291554,1.0,0.9426948600965077,,,,,,,backtest_calibrated
Overforecast,82,2026-02-27 14:00:00,15,0.122339,17.59210674566106,18.863445833236042,,17.46976774566106,17.46976774566106,-17.46976774566106,17.46976774566106,598.1632665916616,0.5981632665916615,588.0286327876486,1.0172349325167518,99.1612910205972,0.0,0.0,99.1612910205972,0.4482172285473683,0.9250405167546067,1.0050180479883204,1.0024973734214786,1.0,0.932007461770646,,,,,,,backtest_calibrated
Overforecast,83,2025-09-17 12:00:00,13,0.003068,17.382849521925507,18.44820723834817,,17.37978152192551,17.37978152192551,-17.37978152192551,17.37978152192551,731.8385517216624,0.7318385517216623,801.7170838567387,0.9128389134494693,0.0,0.0,0.0,0.0,0.40576396349853955,0.9505973052727977,0.9912208554464851,1.0,1.0,0.9422518741176261,,,,,,,backtest_calibrated
Overforecast,84,2025-09-17 11:00:00,12,0.003154,17.024681600924417,18.05972006903906,,17.02152760092442,17.02152760092442,-17.02152760092442,17.02152760092442,613.5944803905229,0.6135944803905228,723.6686486398461,0.8478942421283409,0.0,0.0,0.0,0.0,0.4612243032008832,0.9514232811634646,0.9912208554464851,1.0,1.0,0.9430705986465511,,,,,,,backtest_calibrated
Overforecast,85,2025-12-29 12:00:00,13,1.6206277599999999,18.533672317840626,20.134308340599464,,16.913044557840625,16.913044557840625,-16.913044557840625,16.913044557840625,383.05394085594895,0.38305394085594896,454.5592391682787,0.8426931142282682,10.03501452177686,10.03501452177686,0.0,0.0,0.5319263790955575,0.9411120562528079,0.9780982365372631,1.0,1.0,0.9205000426048291,,,,,,,backtest_calibrated
Overforecast,86,2026-01-28 11:00:00,12,0.009443,16.443675569979504,18.547055307629034,,16.434232569979503,16.434232569979503,-16.434232569979503,16.434232569979503,306.0788466117053,0.30607884661170526,496.3553928015784,0.61665260627895,93.16896594274588,38.11534769306317,19.027266829874474,90.73617638063496,0.6500042431800839,0.8812826991857845,0.9961376920414934,1.009665880409739,1.0,0.8863643866000098,,,,,,,backtest_calibrated
Overforecast,87,2025-12-29 11:00:00,12,0.8444547600000001,17.244753057154938,18.773540554924168,,16.400298297154936,16.400298297154936,-16.400298297154936,16.400298297154936,274.0844742497271,0.27408447424972715,428.645233257956,0.6394203247439003,12.949492870204372,12.949492870204372,0.0,0.0,0.6366009749628581,0.9393972867529925,0.9780982365372631,1.0,1.0,0.9188228295809917,,,,,,,backtest_calibrated
Overforecast,88,2026-02-27 10:00:00,11,0.11395699999999999,16.433465959832358,13.989968944423259,,16.31950895983236,16.31950895983236,-16.31950895983236,16.31950895983236,212.576753795225,0.21257675379522495,547.1872677711666,0.38848994908288775,83.96395681293335,28.55684890185489,0.0,79.58939049795457,0.8778874143432339,1.1982203864528516,1.0050180479883204,0.9734690044495896,1.0,1.1724628403599935,,,,,,,backtest_calibrated
Overforecast,89,2026-04-29 16:00:00,17,0.789538,17.067252944191043,16.563358248054566,,16.277714944191043,16.277714944191043,-16.277714944191043,16.277714944191043,759.9655845275416,0.7599655845275417,680.9304483138038,1.1160693230996697,0.0,0.0,0.0,0.0,0.3654662566518523,1.0066746367774886,1.0089658152722663,1.011134328885955,1.0,1.0269679136060827,,,,,,,backtest_calibrated
Overforecast,90,2026-02-26 11:00:00,12,0.0,16.124597237107615,16.06643647561688,,16.124597237107615,16.124597237107615,-16.124597237107615,16.124597237107615,302.75849422062424,0.3027584942206243,635.7557240852409,0.47621827496126634,96.79870211185585,91.4987328221429,0.0,61.68428854964298,0.7511783428521339,1.0208350507326895,1.0050180479883204,0.9766860638944643,1.0,1.0020385389062136,,,,,,,backtest_calibrated
Overforecast,91,2025-09-17 13:00:00,14,0.0022763400000000004,16.101821308898565,17.016647927541428,,16.099544968898563,16.099544968898563,-16.099544968898563,16.099544968898563,795.3321864027365,0.7953321864027365,823.1234125248089,0.9662368659435564,0.0,0.0,0.0,0.0,0.35114079509364987,0.9546200643216541,0.9912208554464851,1.0,1.0,0.9462393167832887,,,,,,,backtest_calibrated
Overforecast,92,2025-09-15 14:00:00,15,0.002216,15.816220142815997,16.565509835735945,,15.814004142815996,15.814004142815996,-15.814004142815996,15.814004142815996,806.088115071597,0.806088115071597,795.8331528760881,1.0128858192932126,0.0,0.0,0.0,0.0,0.3372915765683214,0.9630050569322689,0.9912208554464851,1.0,1.0,0.9545506963316946,,,,,,,backtest_calibrated
Overforecast,93,2026-01-26 13:00:00,14,0.011084,15.7571203407394,20.77996381865315,,15.7460363407394,15.7460363407394,-15.7460363407394,15.7460363407394,503.5560041954744,0.5035560041954744,506.59120653565594,0.9940085767359881,37.85991705699055,23.013842434778176,8.607516696037425,11.888106094452679,0.47935750843025976,0.761190628077363,0.9961376920414934,1.0,1.0,0.7582506754565992,,,,,,,backtest_calibrated
Overforecast,94,2025-08-20 10:00:00,11,0.0051470000000000005,15.582824413504147,16.24019559998296,,15.577677413504148,15.577677413504148,-15.577677413504148,15.577677413504148,544.9838285703579,0.5449838285703579,676.2549182092093,0.805885197868179,0.0,0.0,0.0,0.0,0.5142918898668808,0.984898733035855,0.9735178371504961,1.0,1.0,0.9588164843973294,,,,,,,backtest_calibrated
Overforecast,95,2026-05-13 16:00:00,17,0.030091,15.354702886546034,15.943042445360241,,15.324611886546034,15.324611886546034,-15.324611886546034,15.324611886546034,807.8116805359235,0.8078116805359237,711.9825189532114,1.134594823653261,50.75981934301435,0.0,0.0,50.75981934301435,0.34553939159377134,0.9602484791494224,0.9970898017447253,1.0,1.0,0.9574539657007715,,,,,,,backtest_calibrated
Overforecast,96,2026-05-02 15:00:00,16,0.439894,15.747060203799474,17.068323280601206,,15.307166203799474,15.307166203799474,-15.307166203799474,15.307166203799474,725.877424317879,0.725877424317879,823.0035987267231,0.8819857233199114,99.99999999999999,0.0,0.13115768697789199,99.99999999999999,0.39368973770021715,0.9096200937223956,0.9970898017447253,1.0099894936859148,1.0,0.916033119159456,,,,,,,backtest_calibrated
Overforecast,97,2026-02-26 10:00:00,11,0.0,15.109227988168367,12.117545634012307,,15.109227988168367,15.109227988168367,-15.109227988168367,15.109227988168367,167.9881117816597,0.1679881117816597,541.765879615124,0.3100751045839213,76.35551136413102,75.29834958703243,0.0,5.248573592963534,0.9970472157922301,1.2744719631586698,1.0050180479883204,0.9734690044495896,1.0,1.2469823387414172,,,,,,,backtest_calibrated
Overforecast,98,2026-05-17 09:00:00,10,0.000815,15.072536635393568,14.784538439297432,,15.071721635393569,15.071721635393569,-15.071721635393569,15.071721635393569,460.1580074865472,0.4601580074865472,586.9287319761606,0.7840100210075207,0.0,0.0,0.0,0.0,0.5822578856961323,1.017693004691347,0.9970898017447253,1.0038600061658662,1.0,1.0186481854222453,,,,,,,backtest_calibrated
Overforecast,99,2026-05-19 09:00:00,10,0.004750999999999999,15.060358363238356,14.80487627925418,,15.055607363238355,15.055607363238355,-15.055607363238355,15.055607363238355,475.4161979794044,0.4754161979794044,590.6571074434509,0.804893722581541,0.0,0.0,0.0,0.0,0.5765343150157234,1.0193753248362014,0.9970898017447253,1.0,1.0,1.0164087405443931,,,,,,,backtest_calibrated
Overforecast,100,2026-05-20 10:00:00,11,0.005746,14.92634867038238,16.32155345638309,,14.92060267038238,14.92060267038238,-14.92060267038238,14.92060267038238,522.3537995242807,0.5223537995242807,755.2340942237786,0.6916448866905966,98.42374226612395,0.0,0.0,98.42374226612395,0.5450614834810025,0.9212231284811786,0.9970898017447253,0.9943115472291554,1.0,0.9133171026937931,,,,,,,backtest_calibrated
