Season,Month,Hour,N,Actual_Mean_MWH,Forecast_Mean_MWH,Bias_MWH,MAE_MWH,MAPE_PCT,Underforecast_Rate_PCT,P90_AbsError_MWH,Max_Underforecast_MWH,Max_Overforecast_MWH,RMSE_MWH
Summer,8,17,8,325.80449999999996,288.64794125965136,37.1565587403486,37.1565587403486,11.390283946112834,100.0,40.172798426890566,40.47378133284542,0.0,37.35293454960033
Summer,8,18,8,326.803625,290.63667533056775,36.16694966943226,36.16694966943226,11.059331045898231,100.0,39.39171966597008,40.844154774447304,0.0,36.292470544097306
Summer,8,16,8,312.6715,278.15716237327393,34.51433762672607,34.51433762672607,10.999136137116649,100.0,39.96804839867948,42.6099190162052,0.0,34.91018599439518
Summer,8,15,8,292.03362500000003,262.28158490077993,29.752040099220064,29.752040099220064,10.117863071029502,100.0,35.95510622145225,40.91942996786395,0.0,30.48871530245953
Summer,8,19,8,313.991125,284.2433804022825,29.74774459771745,29.74774459771745,9.459156329913496,100.0,33.030624160993426,34.85009961985571,0.0,30.02485192222191
Summer,7,17,31,273.1744849032258,247.65061193483936,25.523872968386446,26.14269250134916,9.508358011260317,96.7741935483871,36.52487729716228,38.558239138489455,9.591702760922004,27.06676294734794
Summer,7,18,31,274.5031488709678,249.8558359024388,24.647312968528936,25.19878992304742,9.122736728164371,96.7741935483871,34.03958840315721,38.65817423006075,8.54789279503649,26.224644988657044
Summer,7,16,31,261.6812625806452,236.82505674545664,24.85620583518854,24.85620583518854,9.421242416947807,100.0,35.783389066973996,39.40290116032952,0.0,26.272530937138477
Summer,8,20,8,293.014125,268.51440289947544,24.499722100524572,24.499722100524572,8.370220259889521,100.0,28.984525965376047,29.36378765804045,0.0,24.90144038344983
Summer,8,14,8,266.087375,242.38518003721987,23.702194962780112,23.702194962780112,8.82461653259817,100.0,30.865250384303184,36.59785220395764,0.0,24.54655040793599
Summer,8,21,8,266.94425,243.93712258612354,23.007127413876482,23.007127413876482,8.63804217687125,100.0,27.281323440424213,28.359852706125167,0.0,23.312168270354107
Summer,7,19,31,266.07780048387093,243.49577419618873,22.582026287682233,22.792898126866977,8.513333177128109,96.7741935483871,32.62446373598294,35.21253488563735,3.268513507363565,23.906250821310472
Summer,7,15,31,242.6144110322581,220.1442972637634,22.47011376849467,22.47011376849467,9.204255012322827,100.0,32.57861018446482,37.98492204348321,0.0,23.90841337262593
Summer,8,22,8,235.028625,213.2508411986245,21.777783801375506,21.777783801375506,9.313701339388778,100.0,26.355219380158104,27.414613603109046,0.0,22.222207211592888
Summer,8,23,8,206.2785,186.24810977444523,20.030390225554765,20.030390225554765,9.789376760398662,100.0,27.373609126381645,28.546295962446635,0.0,20.757968858166915
Summer,8,13,9,240.8981324074074,221.55510317061464,19.343029236792777,19.343029236792777,7.925602832893372,100.0,30.40724325078571,31.470256253122727,0.0,20.431296167201065
Summer,7,14,31,220.68406058064517,201.89506020877462,18.789000371870525,18.789000371870525,8.458234916362539,100.0,29.002112433484342,36.68011076903551,0.0,20.40152448554523
Summer,7,20,31,248.57823029032258,231.08161048811618,17.496619802206396,17.6342096512655,7.053040727024717,96.7741935483871,28.590410315766718,31.3297327827446,2.1326426604161384,18.952882465325544
Summer,6,18,6,213.80184533333332,196.17370678855113,17.62813854478222,17.62813854478222,8.255907243414592,100.0,24.942905677907603,26.330715986153905,0.0,18.903320054782885
Summer,6,19,6,210.0077663333333,192.98940426792623,17.0183620654071,17.0183620654071,8.069877960066657,100.0,24.89860542241516,26.78573430596674,0.0,18.43396788108755
Summer,6,17,6,209.06671766666668,192.49493455842966,16.571783108237025,16.571783108237025,7.958752663900669,100.0,22.821362529423297,23.046365803107847,0.0,17.407986821969917
Summer,7,21,31,228.16081019354837,212.00531430585085,16.15549588769756,16.286707819250086,7.085047930397538,96.7741935483871,24.76599835479169,29.08760804401635,2.0337849390641907,17.413252580661215
Summer,8,0,9,182.04000740740742,165.98733036098062,16.05267704642678,16.05267704642678,8.924037324151808,100.0,22.592737126694534,24.261309766068848,0.0,16.868159226002323
Summer,7,13,31,199.55624370967743,184.37203512114857,15.184208588528865,15.184208588528865,7.552515290306557,100.0,26.836575950615327,31.22299710170242,0.0,17.266208747255316
Summer,8,12,9,215.23195555555557,200.59876698250855,14.633188573047002,14.633188573047002,6.658628355250982,100.0,26.076097317991902,28.08148713253712,0.0,16.637084041109276
Summer,7,22,31,201.52494132258064,187.25374736881795,14.271193953762708,14.351596316994177,7.108652278297487,96.7741935483871,20.822227959891592,23.876959346912088,1.2462366300877932,15.224543065302676
Summer,6,22,6,167.188233,152.9088738797752,14.279359120224782,14.279359120224782,8.484318909733563,100.0,19.160381837378324,19.59702042159276,0.0,15.130985781553179
Summer,6,20,6,198.98175233333333,184.9326073894782,14.049144943855154,14.049144943855154,6.970658988022714,100.0,22.034621139408245,23.522511190362394,0.0,15.49799825232748
Summer,6,23,6,148.57712583333333,135.1107347005094,13.466391132823924,13.466391132823924,9.032000352284644,100.0,16.876389380696722,17.495695326980183,0.0,13.949186680391774
Summer,6,21,6,185.97534983333333,172.58540984396208,13.389939989371252,13.389939989371252,7.111205258254739,100.0,19.833936603691512,20.81728041906416,0.0,14.798466949533827
Summer,7,23,31,177.37124948387097,164.12318542042942,13.248064063441564,13.307619196557287,7.533241383082745,96.7741935483871,17.853829126378287,22.54896524104967,0.9231045632936912,13.999555456937179
Summer,6,16,6,195.18661483333332,181.96230006153112,13.224314771802204,13.224314771802204,6.788648502821556,100.0,19.230068779506936,19.705765623751063,0.0,14.133509525775342
Summer,8,1,9,162.77563055555555,149.6246600096226,13.150970545932946,13.150970545932946,8.188461927869824,100.0,19.47337000460294,19.508117719481163,0.0,14.02602505509757
Summer,8,11,9,192.88855185185184,181.6006068418015,11.287945010050363,12.958412306728254,6.534799757742312,88.88888888888889,21.183997853548302,27.385609162396605,7.517102835050508,14.542500295779053
Summer,8,2,9,148.3613222222222,136.44380602142584,11.917516200796387,11.917516200796387,8.109182551008283,100.0,15.792967494931942,16.661056888184817,0.0,12.39878410026018
Summer,7,0,31,157.15604432258064,145.36127704946293,11.79476727311773,11.885216536644485,7.613217290596569,96.7741935483871,16.317964328602102,22.51542449436309,1.4019635846647134,12.65239724899931
Summer,7,12,31,180.34091493548388,168.66248916873795,11.678425766745914,11.793451174267247,6.575030070104007,96.7741935483871,19.438975150146774,27.800501600318455,1.7828938165806676,13.665154069570747
Summer,7,7,31,128.83849864516128,117.23627201971206,11.602226625449228,11.602226625449228,9.098852325951542,100.0,16.488233030388187,18.819620020406234,0.0,12.225797263344212
Summer,7,8,31,136.3140865483871,125.15898658476739,11.155099963619703,11.155099963619703,8.298528709917564,100.0,16.994469617702464,19.05195041371951,0.0,11.949829412071756
Summer,6,15,6,179.00115649999998,168.10795148293414,10.893205017065867,10.893205017065867,6.125979500575024,100.0,15.65767956359737,17.51717226968404,0.0,11.822875119452503
Summer,7,6,31,122.4509235483871,111.61220372941933,10.838719818967764,10.838719818967764,8.88455993317518,100.0,15.062294795439215,19.206034547937506,0.0,11.5382038452737
Summer,7,5,31,120.80919783870968,110.05755730724307,10.751640531466595,10.751640531466595,8.890125245419693,100.0,14.73307780055174,20.919477202944023,0.0,11.522089357780109
Summer,8,10,9,175.52618796296298,165.1486476456245,10.37754031733847,10.590841768526092,5.898726810951407,88.88888888888889,16.50749032258903,25.259494454660654,0.9598565303442967,12.447453326089578
Summer,8,9,9,161.11743703703704,150.60079346060272,10.516643576434328,10.516643576434328,6.4450797898564405,100.0,13.93593604347118,22.03602502101637,0.0,11.42973759709317
Summer,7,1,31,141.66184987096773,131.36407820271955,10.297771668248194,10.387210309461102,7.378249015391278,96.7741935483871,14.820964145842737,22.128147888964122,1.3862989388000528,11.177277621565507
Summer,7,11,31,165.0913526451613,155.19928340429504,9.892069240866238,10.241624987715396,6.276864761843062,90.32258064516128,19.041796655657834,25.458686184797983,2.8829374070345466,11.926928695089321
Summer,7,9,31,144.35375767741937,134.18321307907786,10.170544598341515,10.170544598341515,7.164757921567879,100.0,15.903715212196488,20.479752846447752,0.0,11.285032000989121
Summer,7,10,31,154.16742467741935,144.34110340918818,9.826321268231148,9.98852070097626,6.598411679809441,90.32258064516128,17.933065752805334,21.80852178311295,1.5725534130532992,11.482301088198842
Summer,7,2,31,130.22061425806453,120.43366128576716,9.786952972297366,9.875890813735062,7.641066608679319,96.7741935483871,14.48571839014619,19.739364925366715,1.3785365422842801,10.608931765616783
Summer,8,3,9,137.54076481481482,127.80848457251483,9.73228024229998,9.73228024229998,7.152864364385266,100.0,13.019639138040919,14.374866310941627,0.0,10.272913632960073
Summer,8,6,9,133.7943324074074,124.37775219737495,9.416580210032455,9.44756998112846,6.945545794014824,88.88888888888889,13.032043533236077,16.857241960615823,0.13945396993202053,10.501370915855633
Summer,8,8,9,148.60455370370371,139.26179253395657,9.34276116974714,9.34276116974714,6.228625770347241,100.0,13.342886614834079,16.83929290064654,0.0,9.884235826551327
Summer,7,4,31,119.5860552580645,110.33353785024077,9.25251740782374,9.25251740782374,7.771381881885854,100.0,12.950825056391722,18.279304877473038,0.0,10.008307478405287
Summer,8,7,9,139.03953425925926,129.95335293666105,9.086181322598215,9.086181322598215,6.428466279913074,100.0,14.30080077834648,14.667798409908869,0.0,9.861200692707028
Summer,8,5,9,132.3570111111111,123.31676393744071,9.040247173670416,9.040247173670416,6.818859451675134,100.0,11.613851119027379,12.958528077780443,0.0,9.627328870434507
Summer,7,3,31,122.62151580645161,113.6573917048868,8.964124101564801,8.964124101564801,7.356196843451127,100.0,12.928174649543834,17.580818410534647,0.0,9.758441997857783
Summer,6,14,6,163.06607183333333,154.34179659143905,8.72427524189429,8.72427524189429,5.277452280983218,100.0,13.55356004700603,14.878988577544533,0.0,9.71967255628473
Summer,8,4,9,131.96807314814816,124.07895474852164,7.889118399626513,7.889118399626513,6.0381465564432215,100.0,10.611636409237812,10.855277826935591,0.0,8.4780252459903
Summer,6,13,6,149.03067333333334,142.66806964499676,6.362603688336567,7.173186875669036,4.638609832499478,83.33333333333334,12.149061438050765,14.512946860721911,2.4317495619974068,8.331019598394116
