Stage,ForecastColumn,DT,Date,Forecast_Lead_Hour,Forecast_Day,Season,Month,Hour,HourGroup,Actual_MWH,Stage_Forecast_MWH,Raw_Forecast_MWH,Residual_Calibrated_Forecast_MWH,Warm_Ramp_Adjusted_Forecast_MWH,Cloud_Solar_Adjusted_Forecast_MWH,Recent_Corrected_Forecast_MWH,XGB_Pred_MWH,LGB_Pred_MWH,CatBoost_Pred_MWH,Prophet_Pred_MWH,Stage_Residual_MWH,Stage_AbsError_MWH,Stage_APE,Temperature,Temperature_DailyMax,DailyMaxTempBucket,CloudCover_Norm,CloudCoverBucket,BTM_Solar_Proxy_MW,BTMSolarBucket,SolarLossBucket,BTM_Solar_Loss_From_ClearSky_MW,Cloud_Solar_Shape_Cal_MWH,Cloud_Solar_Shape_Raw_Cal_MWH,CloudSolarEventClass,CloudSolarEventMultiplier,CloudSolarBaseBucket,Humidity_Norm,WindSpeed_Mph,WindDirection_Deg,WindDirection_Available_Flag,Westerly_Flow_Mph,Westerly_Flow_Flag,WindRamp_1Hr_Mph,WindRamp_3Hr_Mph,WindRamp_Next1Hr_Mph,WindRamp_Next3Hr_Mph,WesterlyFlow_Ramp_1Hr_Mph,WesterlyFlow_Ramp_3Hr_Mph,WesterlyFlow_Next1Hr_Ramp_Mph,WesterlyFlow_Next3Hr_Ramp_Mph,Temperature_Drop_From_DailyMax_F,TempDrop_1Hr_F,TempDrop_2Hr_F,TempDrop_3Hr_F,TempDrop_Next1Hr_F,TempDrop_Next2Hr_F,TempDrop_Next3Hr_F,IsPostPeakEvening18to23,ClearHotEvening_Flag,ClearVeryHotEvening_Flag,ClearHotEvening_x_TempDropFromDailyMax,ClearHotEvening_x_ForecastDropNext3Hr,ClearHotEvening_x_WesterlyFlow,ClearHotEvening_x_WesterlyFlowRamp,DeltaBreeze_Westerly_Flow_Flag,DeltaBreeze_EveningWindRamp_Flag,DeltaBreeze_Cooling_Flag,DeltaBreeze_Cooling_Signal,DeltaBreeze_CoolingNoDirection_Signal,DeltaBreeze_ClearHotEvening_Signal,Load_Decay_1Hr_MWH,Load_Decay_2Hr_MWH,Lag1_Minus_SameHourYesterday_MWH,Lag1_Minus_SameHour7DayMean_MWH,PostPeak_LoadDecay_1Hr_MWH,PostPeak_LoadDecay_2Hr_MWH,PostPeak_LoadDecay_VsSameHourYesterday_MWH,PostPeak_LoadDecay_VsSameHour7DayMean_MWH,ClearHotEvening_LoadDecay_Vs7Day_MWH,DeltaBreeze_PostPeak_LoadDecay_Signal,PrecipIn,IsWeekend,IsHoliday
raw_xgb_lgb_production,Raw_Forecast_MWH,2026-08-03 16:00:00-07:00,2026-08-03,940,40,Summer,8,16,Peak,345.623,303.0130809837948,303.0130809837948,313.64731545845393,313.64731545845393,313.64731545845393,313.64731545845393,303.51104736328125,305.0912591982234,299.6050962526965,370.2796524518251,42.6099190162052,42.6099190162052,12.328438505598644,105.1,105.1,7.0,0.0,Clear/Low,6.7064029351689785,Medium-Low,None,0.0,0.0,0.0,other,0.7,170+,0.12,2.9,244.0,1.0,2.6065027342675844,0.0,-0.5,-0.30000000000000027,-0.5,-1.7,-0.7516376237558839,-0.4984435898156043,-0.3812614833072945,-1.9354712501026883,0.0,0.0,0.0,0.0,0.5999999999999943,0.8999999999999915,2.0,0.0,0.0,0.0,0.0,0.0,0.0,0.0,0.0,0.0,0.0,0.0,0.0,0.0,-16.30842223609369,-34.70782628525876,1.698419072367244,27.546148682549642,-0.0,-0.0,-0.0,-0.0,-0.0,0.0,0.0,0,0
raw_xgb_lgb_production,Raw_Forecast_MWH,2026-08-03 15:00:00-07:00,2026-08-03,939,40,Summer,8,15,Midday,330.34,289.420570032136,289.420570032136,302.0195611141557,302.0195611141557,302.0195611141557,308.527677693468,291.2242431640625,294.84670526027253,280.3784509216567,350.3035340509719,40.91942996786395,40.91942996786395,12.387064832555534,104.2,105.1,7.0,0.0,Clear/Low,10.787104393177868,Medium-High,Medium,0.705688627867989,0.0,0.0,other,0.7,170+,0.14,3.4,261.0,1.0,3.3581403580234683,1.0,0.3999999999999999,0.10000000000000009,-0.5,-2.2,0.3745746719186487,0.2984336379530701,-0.7516376237558839,-2.158140358023468,0.8999999999999915,0.0,0.0,0.0,0.0,0.0,0.0,0.0,0.0,0.0,0.0,0.0,0.0,0.0,0.0,0.0,0.0,0.0,0.0,0.0,-18.39940404916507,-39.96763492857946,-0.9606686820647496,26.98149637745192,-0.0,-0.0,0.0,-0.0,-0.0,0.0,0.0,0,0
raw_xgb_lgb_production,Raw_Forecast_MWH,2026-08-04 18:00:00-07:00,2026-08-04,966,41,Summer,8,18,Peak,337.234,296.3898452255527,296.3898452255527,309.47331742637294,309.47331742637294,309.47331742637294,309.47331742637294,298.010986328125,299.77806882266145,290.6023106865039,392.37197064359805,40.844154774447304,40.844154774447304,12.111517455074905,101.2,102.1,6.0,0.0,Clear/Low,1.387417260011429,Low,None,0.0,0.0,0.0,other,0.7,170+,0.16,5.7,191.0,1.0,1.087611273646306,0.0,0.9000000000000004,2.2,1.2999999999999998,2.3,-0.23544803427529004,0.06431030711672725,0.12792597002220685,-1.087611273646306,0.8999999999999915,0.8999999999999915,0.8999999999999915,0.0,2.700000000000003,8.0,13.400000000000006,1.0,1.0,1.0,0.8999999999999915,13.400000000000006,1.087611273646306,0.06431030711672725,0.0,0.0,1.0,15.552841213142171,14.299999999999997,17.0,-8.970574262572882,-25.35830671681265,-15.992836138244002,15.659345977680744,-8.970574262572882,-25.35830671681265,15.992836138244002,-15.659345977680744,-15.659345977680744,0.0,0.0,0,0
raw_xgb_lgb_production,Raw_Forecast_MWH,2026-08-07 17:00:00-07:00,2026-08-07,1037,44,Summer,8,17,Peak,328.63,288.1562186671546,288.1562186671546,301.42390119389796,301.42390119389796,301.42390119389796,301.42390119389796,289.13812255859375,291.5548680061728,282.53494002257196,382.1872511234483,40.47378133284542,40.47378133284542,12.31591191700253,102.0,102.18406933818633,6.0,0.0,Clear/Low,3.6875312245514182,Medium-Low,None,0.0,0.0,0.0,other,0.7,170+,0.14,3.6,221.0,1.0,2.3618125043658265,0.0,-2.1999999999999997,-2.8000000000000003,1.4,5.800000000000001,-2.75928353421595,-3.2357536213263063,-2.1001327231511064,-2.1977598838553605,0.1840693381863332,0.1840693381863332,0.0,0.0,0.7999999999999972,4.0,11.0,0.0,0.0,0.0,0.0,0.0,0.0,0.0,0.0,0.0,0.0,0.0,0.0,0.0,-14.227720767535914,-32.56623079025516,-0.17722751397843695,-9.593511215206831,-0.0,-0.0,0.0,0.0,0.0,0.0,0.0,0,0
raw_xgb_lgb_production,Raw_Forecast_MWH,2026-08-04 17:00:00-07:00,2026-08-04,965,41,Summer,8,17,Peak,337.316,297.27219424709006,297.27219424709006,310.53987677383344,310.53987677383344,310.53987677383344,310.53987677383344,300.19671630859375,301.24394600328367,290.19529232692753,378.5123068584143,40.04380575290992,40.04380575290992,11.871303392934198,102.1,102.1,6.0,0.0,Clear/Low,3.6982761288109818,Medium-Low,None,0.0,0.0,0.0,other,0.7,170+,0.16,4.8,196.0,1.0,1.323059307921596,0.0,0.5999999999999996,1.0999999999999996,0.9000000000000004,2.7,0.16538241349019955,0.057584777616621174,-0.23544803427529004,-0.5390958334141951,0.0,0.0,0.0,0.0,0.8999999999999915,3.5999999999999943,8.899999999999991,0.0,0.0,0.0,0.0,0.0,0.0,0.0,0.0,0.0,0.0,0.0,0.0,0.0,-16.387732454239767,-35.01328347206763,-24.803983885909133,8.417223820746074,-0.0,-0.0,0.0,-0.0,-0.0,0.0,0.0,0,0
raw_xgb_lgb_production,Raw_Forecast_MWH,2026-08-03 17:00:00-07:00,2026-08-03,941,40,Summer,8,17,Peak,352.83,313.1056038704263,313.1056038704263,324.07900382010337,324.07900382010337,324.07900382010337,324.07900382010337,311.968505859375,318.7813580166819,304.51144678661075,376.56282865830264,39.72439612957368,39.72439612957368,11.258792089554087,104.5,105.1,7.0,0.0,Clear/Low,3.531880523648724,Medium-Low,None,0.0,0.0,0.0,other,0.7,170+,0.11,2.4,248.0,1.0,2.22524125096029,0.0,-0.5,-0.6000000000000001,-1.2,-0.8999999999999999,-0.3812614833072945,-0.7583244351445297,-1.02524125096029,-2.22524125096029,0.5999999999999943,0.5999999999999943,0.0,0.0,0.29999999999999716,1.4000000000000057,5.400000000000006,0.0,0.0,0.0,0.0,0.0,0.0,0.0,0.0,0.0,0.0,0.0,0.0,0.0,-13.592510951658767,-29.900933187752457,7.2248185468970405,31.606632792955793,-0.0,-0.0,-0.0,-0.0,-0.0,0.0,0.0,0,0
raw_xgb_lgb_production,Raw_Forecast_MWH,2026-08-06 17:00:00-07:00,2026-08-06,1013,43,Summer,8,17,Peak,317.631,278.2174093799528,278.2174093799528,291.4850919066962,291.4850919066962,291.4850919066962,291.4850919066962,281.7218933105469,281.05523556022956,272.756687116491,373.23971469216406,39.41359062004716,39.41359062004716,12.408609556386866,100.4,101.33392246666666,6.0,0.0,Clear/Low,3.776031040011521,Medium-Low,None,0.0,0.0,0.0,other,0.7,170+,0.16,3.2,241.0,1.0,2.7987830628460664,0.0,0.30000000000000027,1.5000000000000002,0.8999999999999995,4.8,0.9737539288015378,1.2977721549858905,-0.3313414679226683,-0.7282307020259005,0.9339224666666581,0.19999999999998863,0.0,0.0,0.4000000000000057,0.0,9.200000000000003,0.0,0.0,0.0,0.0,0.0,0.0,0.0,0.0,0.0,0.0,0.0,0.0,0.0,-16.65399164776926,-39.80993774440566,-12.260713961358249,-19.925387193123356,-0.0,-0.0,0.0,0.0,0.0,0.0,0.0,0,0
raw_xgb_lgb_production,Raw_Forecast_MWH,2026-07-15 16:00:00-07:00,2026-07-15,484,21,Summer,7,16,Peak,340.527716,301.1248148396705,301.1248148396705,311.75174266422545,311.75174266422545,311.75174266422545,311.75174266422545,303.17938232421875,305.6576839739092,293.41471549028154,347.31820212143987,39.40290116032952,39.40290116032952,11.571128959244398,105.1,105.1,7.0,0.0,Clear/Low,7.09664614749256,Medium-Low,None,0.0,0.0,0.0,other,0.7,170+,0.15,6.2,226.0,1.0,4.459906762099638,1.0,0.7999999999999998,1.9000000000000004,-0.20000000000000018,1.3999999999999995,-0.21663041833633123,0.30642570905664446,0.13635989661423054,-1.6128966521387071,0.0,0.0,0.0,0.0,1.0,1.6999999999999886,3.5,0.0,0.0,0.0,0.0,0.0,0.0,0.0,0.0,0.0,0.0,0.0,0.0,0.0,-13.06853514736548,-30.30069995773323,-6.654485108842607,53.18734028378165,-0.0,-0.0,0.0,-0.0,-0.0,0.0,0.0,0,0
raw_xgb_lgb_production,Raw_Forecast_MWH,2026-08-07 16:00:00-07:00,2026-08-07,1036,44,Summer,8,16,Peak,316.876,278.0401818659744,278.0401818659744,289.13150046240537,289.13150046240537,289.13150046240537,289.13150046240537,280.90863037109375,281.67760831268265,271.5046693053986,374.3216440397557,38.8358181340256,38.8358181340256,12.255840812818139,102.18406933818633,102.18406933818633,6.0,0.29,Some Clouds,6.91523298465333,Medium-Low,None,0.0,0.0,0.0,other,0.7,170+,0.19,5.8,298.0,1.0,5.1210960385817765,1.0,-0.2999999999999998,2.5999999999999996,-2.1999999999999997,1.9000000000000004,-0.26488427785767765,1.952238218608751,-2.75928353421595,-5.1210960385817765,0.0,0.0,0.0,0.0,0.1840693381863332,0.9840693381863304,4.184069338186333,0.0,0.0,0.0,0.0,0.0,0.0,0.0,0.0,0.0,0.0,0.0,0.0,0.0,-18.338510022719248,-40.83372527637107,-2.729055612944478,-13.629947031312781,-0.0,-0.0,0.0,0.0,0.0,0.0,0.0,0,0
raw_xgb_lgb_production,Raw_Forecast_MWH,2026-08-02 18:00:00-07:00,2026-08-02,918,39,Summer,8,18,Peak,335.688,296.9187525233773,296.9187525233773,310.00222472419756,310.00222472419756,310.00222472419756,310.00222472419756,297.415771484375,300.8408583768471,290.61343790763976,369.8055879820837,38.769247476622695,38.769247476622695,11.549190759461968,102.9,103.5,6.0,0.0,Clear/Low,1.3809951639813631,Low,None,0.0,0.0,0.0,other,0.7,170+,0.12,3.4,247.0,1.0,3.1297165017382973,1.0,-0.3999999999999999,0.2999999999999998,-0.8999999999999999,1.5000000000000004,-0.36820194138097584,0.23561717959697193,-1.3619495487719284,-3.1297165017382973,0.5999999999999943,0.5999999999999943,0.5999999999999943,0.0,1.3000000000000114,5.1000000000000085,8.100000000000009,1.0,1.0,1.0,0.5999999999999943,8.100000000000009,3.1297165017382973,0.23561717959697193,1.0,0.0,1.0,27.228533565123197,8.700000000000003,10.000000000000014,-8.06611147712897,-21.715445958790667,13.379539582873178,29.225337764421226,-8.06611147712897,-21.715445958790667,-13.379539582873178,-29.225337764421226,-29.225337764421226,0.0,0.0,1,0
raw_xgb_lgb_production,Raw_Forecast_MWH,2026-07-22 18:00:00-07:00,2026-07-22,654,28,Summer,7,18,Peak,264.8322,226.17402576993925,226.17402576993925,241.86688540438666,241.86688540438666,241.86688540438666,249.41234083507132,223.7932586669922,228.26833085597016,223.56319409273272,264.1138250043954,38.65817423006075,38.65817423006075,14.597233353822062,88.5,89.7,3.0,0.0,Clear/Low,3.1959605215263047,Medium-Low,None,0.0,0.0,0.0,other,0.7,170+,0.26,6.2,210.0,1.0,3.100000000000001,0.0,-0.5999999999999996,-0.7999999999999998,0.5,1.8999999999999995,-0.8969397155888164,-0.6094348496324336,0.04545947066546807,-0.19721960868306798,1.2000000000000028,0.7000000000000028,1.2000000000000028,0.4000000000000057,1.7000000000000028,5.299999999999997,9.599999999999994,1.0,0.0,0.0,0.0,0.0,0.0,0.0,0.0,0.0,0.0,0.0,0.0,0.0,-5.377746219835103,-12.918381565869993,-69.0426917353322,-38.847950458285595,-5.377746219835103,-12.918381565869993,69.0426917353322,38.847950458285595,0.0,0.0,0.0,0,0
raw_xgb_lgb_production,Raw_Forecast_MWH,2026-08-07 18:00:00-07:00,2026-08-07,1038,44,Summer,8,18,Peak,326.04,287.4299027503509,287.4299027503509,300.51337495117116,300.51337495117116,300.51337495117116,300.51337495117116,288.50384521484375,290.5867340680852,282.16232711834175,397.137558542208,38.61009724964913,38.61009724964913,11.84213509067879,101.2,102.18406933818633,6.0,0.0,Clear/Low,1.287234649637069,Low,None,0.0,0.0,0.0,other,0.7,170+,0.15,5.0,183.0,1.0,0.26167978121471985,0.0,1.4,-1.0999999999999996,2.7,-0.20000000000000018,-2.1001327231511064,-5.124300535224735,-0.26167978121471985,-0.26167978121471985,0.9840693381863304,0.7999999999999972,0.9840693381863304,0.0,3.200000000000003,10.200000000000003,13.833064595912418,1.0,1.0,1.0,0.9840693381863304,13.833064595912418,0.26167978121471985,0.0,0.0,0.0,1.0,3.877344366104162,14.817133934098749,18.01713393409875,-10.1160368011802,-24.343757568716114,4.364627856021286,-1.9152113900806853,-10.1160368011802,-24.343757568716114,-4.364627856021286,1.9152113900806853,1.9152113900806853,1.9152113900806853,0.0,0,0
raw_xgb_lgb_production,Raw_Forecast_MWH,2026-07-22 17:00:00-07:00,2026-07-22,653,28,Summer,7,17,Peak,265.48925,226.93101086151057,226.93101086151057,242.61172270528303,242.61172270528303,242.61172270528303,250.15651985020395,228.53115844726562,228.43809844809712,224.10554534380162,251.8705032292857,38.558239138489455,38.558239138489455,14.523465314881658,89.2,89.7,3.0,0.0,Clear/Low,7.2403570979686735,Medium-Low,None,0.0,0.0,0.0,other,0.7,170+,0.27,6.8,216.0,1.0,3.9969397155888173,0.0,-0.20000000000000018,0.0,-0.5999999999999996,0.7999999999999998,0.49693971558881644,0.2933942774866334,-0.8969397155888164,-0.428955838416047,0.5,0.5,0.0,0.0,0.7000000000000028,2.4000000000000057,6.0,0.0,0.0,0.0,0.0,0.0,0.0,0.0,0.0,0.0,0.0,0.0,0.0,0.0,-7.54063534603489,-15.661859335597796,-73.93945556800014,-43.18710792557158,-0.0,-0.0,0.0,0.0,0.0,0.0,0.0,0,0
raw_xgb_lgb_production,Raw_Forecast_MWH,2026-07-09 16:00:00-07:00,2026-07-09,340,15,Summer,7,16,Peak,274.642525,236.5631123366091,236.5631123366091,249.32102226733457,249.32102226733457,249.32102226733457,249.32102226733457,238.41744995117188,237.6984078289515,234.2492658159103,285.4265238748144,38.07941266339088,38.07941266339088,13.865082497108153,98.2,98.2,5.0,0.0,Clear/Low,8.843199173536595,Medium-Low,None,0.0,0.0,0.0,other,0.7,170+,0.19,3.6,250.0,1.0,3.3828934348292705,1.0,0.8000000000000003,0.10000000000000009,0.0,3.9,0.6173660811628849,0.2108161802009958,-0.39835817363112014,-0.21325647177402463,0.0,0.0,0.0,0.0,0.29999999999999716,0.4000000000000057,1.7999999999999972,0.0,0.0,0.0,0.0,0.0,0.0,0.0,0.0,0.0,0.0,0.0,0.0,0.0,-22.35667972555231,-42.361808058219225,18.259368331770958,12.767291622872477,-0.0,-0.0,-0.0,-0.0,-0.0,0.0,0.0,0,0
raw_xgb_lgb_production,Raw_Forecast_MWH,2026-07-09 15:00:00-07:00,2026-07-09,339,15,Summer,7,15,Midday,253.184491,215.1995689565168,215.1995689565168,228.47200458849238,228.47200458849238,228.47200458849238,234.7748145847023,216.23776245117188,217.192667112125,211.77093085637387,261.13129818054705,37.98492204348321,37.98492204348321,15.002862890003483,96.5,98.2,5.0,0.0,Clear/Low,13.4976090834211,Medium-High,None,0.0,0.0,0.0,other,0.7,170+,0.2,2.8,279.0,1.0,2.7655273536663856,0.0,-0.40000000000000036,-0.20000000000000018,0.8000000000000003,1.7000000000000002,-0.1346575648508943,-0.2271647971130868,0.6173660811628849,-0.18443339008667836,1.7000000000000028,0.0,0.0,0.0,0.0,0.0,0.0,0.0,0.0,0.0,0.0,0.0,0.0,0.0,0.0,0.0,0.0,0.0,0.0,0.0,-20.005128332666914,-38.866349831282946,16.402516696938505,8.960316528712667,-0.0,-0.0,-0.0,-0.0,-0.0,0.0,0.0,0,0
raw_xgb_lgb_production,Raw_Forecast_MWH,2026-08-02 17:00:00-07:00,2026-08-02,917,39,Summer,8,17,Peak,333.379,295.78826243689775,295.78826243689775,309.05594496364114,309.05594496364114,309.05594496364114,309.05594496364114,297.2921142578125,301.207701397966,286.8423292635292,355.33430734356796,37.590737563102266,37.590737563102266,11.275676501250008,103.5,103.5,6.0,0.0,Clear/Low,3.515278687598684,Medium-Low,None,0.0,0.0,0.0,other,0.7,170+,0.12,3.8,247.0,1.0,3.497918443119273,1.0,0.09999999999999964,1.0999999999999996,-0.3999999999999999,-1.5999999999999996,0.46705587925000325,0.8569199211379974,-0.36820194138097584,-3.497918443119273,0.0,0.0,0.0,0.0,0.5999999999999943,1.9000000000000057,5.700000000000003,0.0,0.0,0.0,0.0,0.0,0.0,0.0,0.0,0.0,0.0,0.0,0.0,0.0,-13.649334481661697,-31.97915344006782,8.974122701446277,23.04709433696945,-0.0,-0.0,-0.0,-0.0,-0.0,0.0,0.0,1,0
raw_xgb_lgb_production,Raw_Forecast_MWH,2026-08-05 17:00:00-07:00,2026-08-05,989,42,Summer,8,17,Peak,316.352,278.8022306727412,278.8022306727412,291.9621190239105,291.9621190239105,291.9621190239105,291.9621190239105,281.67205810546875,283.76439960737656,270.1845859375348,341.31908662417146,37.54976932725879,37.54976932725879,11.869616543362707,98.6,98.7,5.0,0.0,Clear/Low,3.839611643693327,Medium-Low,None,0.0,0.0,0.0,other,0.7,170+,0.2,2.4,196.0,1.0,0.661529653960798,0.0,-0.5,-0.20000000000000018,1.1,5.6,-0.6097466717275266,-0.7923718950631438,-0.11400902631998977,2.074631492644553,0.10000000000000853,0.0,0.0,0.0,0.0,1.5,6.299999999999997,0.0,0.0,0.0,0.0,0.0,0.0,0.0,0.0,0.0,0.0,0.0,0.0,0.0,-19.589710159358333,-41.12864910649134,-31.115841548218043,-19.09181858538102,-0.0,-0.0,0.0,0.0,0.0,0.0,0.0,0,0
raw_xgb_lgb_production,Raw_Forecast_MWH,2026-07-21 17:00:00-07:00,2026-07-21,629,27,Summer,7,17,Peak,333.002841,295.4927202096756,295.4927202096756,308.7827612699651,308.7827612699651,308.7827612699651,308.7827612699651,296.41961669921875,299.3624308294725,289.1469188101254,346.02109334636884,37.51012079032438,37.51012079032438,11.26420443671962,100.9,101.2,6.0,0.0,Clear/Low,4.41750574698739,Medium-Low,None,0.0,0.0,0.0,other,0.7,170+,0.17,6.0,236.0,1.0,4.974225435330251,1.0,3.1,4.1,0.2999999999999998,0.9000000000000004,2.0812896895767605,3.2004226249855674,-0.2195550799267867,-2.727805169575869,0.29999999999999716,0.29999999999999716,0.0,0.0,0.9000000000000057,2.4000000000000057,4.6000000000000085,0.0,0.0,0.0,0.0,0.0,0.0,0.0,0.0,0.0,0.0,0.0,0.0,0.0,-11.845722230402032,-26.90279264587855,30.852369866936783,20.890722684900766,-0.0,-0.0,-0.0,-0.0,-0.0,0.0,0.0,0,0
raw_xgb_lgb_production,Raw_Forecast_MWH,2026-08-04 16:00:00-07:00,2026-08-04,964,41,Summer,8,16,Peak,325.411,288.3016199845172,288.3016199845172,301.14091469286063,301.14091469286063,301.14091469286063,301.14091469286063,288.3070373535156,292.95953557812055,280.9804905177124,369.8440299758801,37.10938001548283,37.10938001548283,11.403849290737814,102.1,102.1,6.0,0.0,Clear/Low,6.747012706813312,Medium-Low,None,0.0,0.0,0.0,other,0.7,170+,0.18,4.2,196.0,1.0,1.1576768944313964,0.0,0.7000000000000002,-0.39999999999999947,0.5999999999999996,2.8,0.13437592790181774,-0.18723294729319262,0.16538241349019955,0.05786034923711636,0.0,0.0,0.0,0.0,0.0,0.8999999999999915,3.5999999999999943,0.0,0.0,0.0,0.0,0.0,0.0,0.0,0.0,0.0,0.0,0.0,0.0,0.0,-18.62555101782786,-38.07129579433328,-31.099193453517387,1.6364799876888014,-0.0,-0.0,0.0,-0.0,-0.0,0.0,0.0,0,0
raw_xgb_lgb_production,Raw_Forecast_MWH,2026-07-21 16:00:00-07:00,2026-07-21,628,27,Summer,7,16,Peak,323.995983,286.94560546841404,286.94560546841404,299.85989318988584,299.85989318988584,299.85989318988584,299.85989318988584,288.90478515625,290.1480185853704,281.35347637381517,335.1181929118583,37.05037753158598,37.05037753158598,11.435443485602097,101.2,101.2,6.0,0.0,Clear/Low,7.618605593731267,Medium-Low,None,0.0,0.0,0.0,other,0.7,170+,0.16,2.9,266.0,1.0,2.89293574575349,0.0,1.0999999999999999,0.2999999999999998,3.1,3.0000000000000004,1.1810340164222137,0.29293574575349,2.0812896895767605,0.32043456083516997,0.0,0.0,0.0,0.0,0.29999999999999716,1.2000000000000028,2.700000000000003,0.0,0.0,0.0,0.0,0.0,0.0,0.0,0.0,0.0,0.0,0.0,0.0,0.0,-15.057070415476517,-32.18026852107073,24.90003919523531,18.324425860130077,-0.0,-0.0,-0.0,-0.0,-0.0,0.0,0.0,0,0
raw_xgb_lgb_production,Raw_Forecast_MWH,2026-08-06 16:00:00-07:00,2026-08-06,1012,43,Summer,8,16,Peak,303.443,266.54151671138294,266.54151671138294,279.3808114197264,279.3808114197264,279.3808114197264,279.3808114197264,270.32318115234375,269.1564539100836,261.3518541302931,361.84921969175474,36.901483288617044,36.901483288617044,12.160927518056784,100.6,101.33392246666666,6.0,0.0,Clear/Low,7.268492167484798,Medium-Low,None,0.0,0.0,0.0,other,0.7,170+,0.15,2.9,219.0,1.0,1.8250291340445286,0.0,0.3999999999999999,0.8999999999999999,0.30000000000000027,0.8999999999999999,0.057262181078159724,-0.09749425783210919,0.9737539288015378,1.9749708659554712,0.7339224666666695,0.0,0.0,0.0,0.19999999999998863,0.5999999999999943,0.0,0.0,0.0,0.0,0.0,0.0,0.0,0.0,0.0,0.0,0.0,0.0,0.0,0.0,-23.1559460966364,-45.44533581008591,-16.268827635258333,-26.716051496294938,-0.0,-0.0,0.0,0.0,0.0,0.0,0.0,0,0
raw_xgb_lgb_production,Raw_Forecast_MWH,2026-07-09 17:00:00-07:00,2026-07-09,341,15,Summer,7,17,Peak,289.516316,252.74469913784355,252.74469913784355,265.78652249866525,265.78652249866525,265.78652249866525,265.78652249866525,254.12054443359375,253.8114776599963,250.67523423281767,293.6979026771436,36.77161686215646,36.77161686215646,12.701051660990483,97.9,98.2,5.0,0.0,Clear/Low,4.767858379834166,Medium-Low,None,0.0,0.0,0.0,other,0.7,170+,0.19,3.6,236.0,1.0,2.9845352611981504,0.0,0.0,0.3999999999999999,0.8999999999999999,5.5,-0.39835817363112014,0.0843503426808705,-0.40344129761844316,0.4243847388866482,0.29999999999999716,0.29999999999999716,0.0,0.0,0.10000000000000853,1.5,6.300000000000011,0.0,0.0,0.0,0.0,0.0,0.0,0.0,0.0,0.0,0.0,0.0,0.0,0.0,-21.363543380092295,-43.72022310564461,21.41831928925228,20.411841898476467,-0.0,-0.0,-0.0,-0.0,-0.0,0.0,0.0,0,0
raw_xgb_lgb_production,Raw_Forecast_MWH,2026-07-09 14:00:00-07:00,2026-07-09,338,15,Summer,7,14,Midday,229.523,192.8428892309645,192.8428892309645,207.19014902083825,207.19014902083825,210.03422580236293,216.0767988115074,193.78811645507812,193.39287010836054,191.7085686453096,223.32319280928638,36.68011076903551,36.68011076903551,15.981017488023209,93.9,98.2,5.0,0.0,Clear/Low,16.549484738195336,Medium-High,High,1.365539431781393,2.8440767815246675,4.0629668307495255,solar_loss_general,0.7,170+,0.22,3.2,295.0,1.0,2.90018491851728,0.0,-0.2999999999999998,0.10000000000000009,-0.40000000000000036,0.3999999999999999,-0.27189233611099484,0.16304738065460622,-0.1346575648508943,0.0843503426808705,4.299999999999997,0.0,0.0,0.0,0.0,0.0,0.0,0.0,0.0,0.0,0.0,0.0,0.0,0.0,0.0,0.0,0.0,0.0,0.0,0.0,-18.861221498616032,-33.5747260741411,15.047932760119807,7.639401046568537,-0.0,-0.0,-0.0,-0.0,-0.0,0.0,0.0,0,0
raw_xgb_lgb_production,Raw_Forecast_MWH,2026-07-09 18:00:00-07:00,2026-07-09,342,15,Summer,7,18,Peak,294.860266,258.21295038132246,258.21295038132246,270.92417762097955,270.92417762097955,270.92417762097955,270.92417762097955,260.63232421875,260.1649700349471,254.45424125779013,310.33624082266175,36.64731561867757,36.64731561867757,12.428706015844659,97.8,98.2,5.0,0.0,Clear/Low,2.1104169719109915,Medium-Low,None,0.0,0.0,0.0,other,0.7,170+,0.2,4.5,215.0,1.0,2.581093963579707,0.0,0.8999999999999999,1.7000000000000002,3.0,3.0,-0.40344129761844316,-0.18443339008667836,0.5885429994755387,-2.581093963579707,0.4000000000000057,0.10000000000000853,0.4000000000000057,0.0,1.3999999999999915,6.200000000000003,10.5,1.0,1.0,0.0,0.4000000000000057,10.5,2.581093963579707,0.0,0.0,0.0,1.0,28.13392420301882,10.900000000000006,12.299999999999997,-16.18158680123446,-37.545130181326755,29.25192572127787,31.563573706103256,-16.18158680123446,-37.545130181326755,-29.25192572127787,-31.563573706103256,-31.563573706103256,0.0,0.0,0,0
raw_xgb_lgb_production,Raw_Forecast_MWH,2026-08-03 14:00:00-07:00,2026-08-03,938,40,Summer,8,14,Midday,309.71,273.11214779604234,273.11214779604234,286.9786274392902,286.9786274392902,289.24413144638754,295.26409619653157,275.4704895019531,275.9381083926042,267.9975406568992,337.9462854810942,36.59785220395764,36.59785220395764,11.816813213637804,102.2,105.1,7.0,0.0,Clear/Low,13.099735660128156,Medium-High,Extreme,4.139453871440631,2.2655040070973396,3.2364342958533423,solar_loss_general,0.7,170+,0.18,3.0,276.0,1.0,2.9835656861048196,0.0,-0.20000000000000018,0.7999999999999998,0.3999999999999999,-0.6000000000000001,-0.12138063797836907,1.0783097977790543,0.3745746719186487,-0.7583244351445297,2.8999999999999915,0.0,0.0,0.0,0.0,0.0,0.0,0.0,0.0,0.0,0.0,0.0,0.0,0.0,0.0,0.0,0.0,0.0,0.0,0.0,-21.568230879414386,-45.21735290927387,-1.0302537728236985,28.716802486670417,-0.0,-0.0,0.0,-0.0,-0.0,0.0,0.0,0,0
raw_xgb_lgb_production,Raw_Forecast_MWH,2026-07-31 17:00:00-07:00,2026-07-31,869,37,Summer,7,17,Peak,308.027,271.5021227028377,271.5021227028377,284.5439460636594,284.5439460636594,284.5439460636594,284.5439460636594,275.6385803222656,274.74262275793467,265.2280632964203,317.5253239735684,36.52487729716228,36.52487729716228,11.857686922627654,98.7,98.9,5.0,0.0,Clear/Low,4.663772931040132,Medium-Low,None,0.0,0.0,0.0,other,0.7,170+,0.15,2.2,221.0,1.0,1.443329863779116,0.0,-0.09999999999999964,0.0,0.19999999999999973,1.4,-0.004107035635509959,-0.4619260245466492,-0.20723848399498612,-1.443329863779116,0.20000000000000284,0.20000000000000284,0.0,0.0,0.20000000000000284,1.4000000000000057,4.6000000000000085,0.0,0.0,0.0,0.0,0.0,0.0,0.0,0.0,0.0,0.0,0.0,0.0,0.0,-15.240537936290707,-34.90397122474968,-7.362399048071097,3.061679868458839,-0.0,-0.0,0.0,-0.0,-0.0,0.0,0.0,0,0
raw_xgb_lgb_production,Raw_Forecast_MWH,2026-08-03 18:00:00-07:00,2026-08-03,942,40,Summer,8,18,Peak,349.475,313.26503038533406,313.26503038533406,324.20745558912296,324.20745558912296,324.20745558912296,324.20745558912296,316.91461181640625,316.2961731700667,307.45906845759066,391.61748686371595,36.209969614665965,36.209969614665965,10.361247475403381,104.2,105.1,7.0,0.0,Clear/Low,1.2423664060607829,Low,None,0.0,0.0,0.0,other,0.7,170+,0.11,1.2,270.0,1.0,1.2,0.0,-1.2,-2.2,0.0,3.5,-1.02524125096029,-2.158140358023468,-0.5289685158351038,-1.2,0.8999999999999915,0.29999999999999716,0.8999999999999915,0.0,1.1000000000000085,5.1000000000000085,8.299999999999997,1.0,1.0,1.0,0.8999999999999915,8.299999999999997,1.2,0.0,0.0,0.0,1.0,11.039999999999987,9.199999999999989,10.299999999999997,-10.092522886631514,-23.68503383829028,16.186851347049014,39.948170316357164,-10.092522886631514,-23.68503383829028,-16.186851347049014,-39.948170316357164,-39.948170316357164,0.0,0.0,0,0
raw_xgb_lgb_production,Raw_Forecast_MWH,2026-08-05 18:00:00-07:00,2026-08-05,990,42,Summer,8,18,Peak,318.78,282.58424845591173,282.58424845591173,295.482705531858,295.482705531858,295.482705531858,295.482705531858,283.525390625,286.06442170519244,276.84650701587407,357.98303957364413,36.19575154408824,36.19575154408824,11.354461241008922,98.7,98.7,5.0,0.0,Clear/Low,1.4897375504861132,Low,None,0.0,0.0,0.0,other,0.7,170+,0.19,3.5,189.0,1.0,0.5475206276408082,0.0,1.1,0.7999999999999998,2.0999999999999996,4.800000000000001,-0.11400902631998977,-0.8024793723591921,0.9018660249333079,0.3200656174807155,0.0,0.0,0.0,0.0,1.6000000000000085,6.400000000000006,12.5,1.0,1.0,0.0,0.0,12.5,0.5475206276408082,0.0,0.0,0.0,1.0,6.844007845510102,12.5,14.100000000000009,-12.645877973869176,-32.23558813322751,-17.587614552811488,-7.706774008466596,-12.645877973869176,-32.23558813322751,17.587614552811488,7.706774008466596,7.706774008466596,7.706774008466596,0.0,0,0
raw_xgb_lgb_production,Raw_Forecast_MWH,2026-07-19 16:00:00-07:00,2026-07-19,580,25,Summer,7,16,Peak,269.69475,233.911360933026,233.911360933026,245.10619587159044,245.10619587159044,245.10619587159044,245.10619587159044,233.914306640625,238.30781988592815,227.00179809058005,271.1645750298234,35.783389066973996,35.783389066973996,13.26810739436863,96.4,96.7,5.0,0.49,Partly Cloudy,8.02926342102326,Medium-Low,None,0.0,0.0,0.0,other,0.7,170+,0.16,1.9,234.0,1.0,1.5371322893124,0.0,-0.3999999999999999,0.09999999999999987,1.2000000000000002,3.4,-0.7628677106875998,-0.22979664089339513,1.555316266493055,3.376942139891573,0.29999999999999716,0.0,0.0,0.0,0.0,0.30000000000001137,1.8000000000000114,0.0,0.0,0.0,0.0,0.0,0.0,0.0,0.0,0.0,0.0,0.0,0.0,0.0,-22.11148103577321,-41.981700079851464,-2.3310981556800243,-39.77359888680596,-0.0,-0.0,0.0,0.0,0.0,0.0,0.0,1,0
raw_xgb_lgb_production,Raw_Forecast_MWH,2026-07-15 15:00:00-07:00,2026-07-15,483,21,Summer,7,15,Midday,324.346225,289.0927977138811,289.0927977138811,301.6794346814266,301.6794346814266,301.6794346814266,305.20954487841794,293.0537414550781,293.454271815771,281.107354484855,327.82785402973565,35.25342728611889,35.25342728611889,10.869072789769294,104.5,105.1,7.0,0.0,Clear/Low,11.4597123400436,Medium-High,Low,0.40678366590694637,0.0,0.0,other,0.7,170+,0.16,5.4,240.0,1.0,4.676537180435969,1.0,0.40000000000000036,1.3000000000000007,0.7999999999999998,0.7999999999999998,-0.10498659937920785,0.79991102047877,-0.21663041833633123,-1.0322686162226353,0.5999999999999943,0.0,0.0,0.0,0.0,0.4000000000000057,1.0999999999999943,0.0,0.0,0.0,0.0,0.0,0.0,0.0,0.0,0.0,0.0,0.0,0.0,0.0,-17.23216481036775,-34.741515455090536,-6.09410391825628,57.0522980626765,-0.0,-0.0,0.0,-0.0,-0.0,0.0,0.0,0,0
raw_xgb_lgb_production,Raw_Forecast_MWH,2026-07-22 19:00:00-07:00,2026-07-22,655,28,Summer,7,19,Peak,255.052616,219.84008111436265,219.84008111436265,234.97119164055573,234.97119164055573,234.97119164055573,242.51730648417245,218.0443115234375,221.40533985322642,217.89346583641245,264.4382689711105,35.21253488563735,35.21253488563735,13.805988520281382,86.8,89.7,3.0,0.0,Clear/Low,0.7858658079007276,Low,None,0.0,0.0,0.0,other,1.0,170+,0.27,6.7,208.0,1.0,3.145459470665469,0.0,0.5,-0.2999999999999998,0.8999999999999995,1.0,0.04545947066546807,-0.35454052933453184,0.4225244065073013,-2.7424726075948005,2.9000000000000057,1.7000000000000028,2.4000000000000057,2.9000000000000057,3.5999999999999943,7.8999999999999915,11.799999999999997,1.0,0.0,0.0,0.0,0.0,0.0,0.0,0.0,0.0,0.0,0.0,0.0,0.0,0.7569850915713232,-4.62076112826378,-64.42311849407781,-32.554560783845716,0.7569850915713232,-4.62076112826378,64.42311849407781,32.554560783845716,0.0,0.0,0.0,0,0
raw_xgb_lgb_production,Raw_Forecast_MWH,2026-08-04 19:00:00-07:00,2026-08-04,967,41,Summer,8,19,Peak,323.289,288.4389003801443,288.4389003801443,300.7142361078296,300.7142361078296,300.7142361078296,300.7142361078296,290.1094055175781,292.0993035896221,282.209551011698,365.11023144465986,34.85009961985571,34.85009961985571,10.779859388923136,98.5,102.1,6.0,0.0,Clear/Low,0.3108065747656773,Low,None,0.0,0.0,0.0,other,1.0,170+,0.17,7.0,190.0,1.0,1.2155372436685128,0.0,1.2999999999999998,2.8,0.5,2.4000000000000004,0.12792597002220685,0.05786034923711636,-0.4315737691611119,-1.2155372436685128,3.5999999999999943,2.700000000000003,3.5999999999999943,3.5999999999999943,5.299999999999997,10.700000000000003,16.5,1.0,1.0,1.0,3.5999999999999943,16.5,1.2155372436685128,0.05786034923711636,0.0,0.0,1.0,24.432298597737102,20.099999999999994,25.39999999999999,0.8823490215373795,-8.088225241035502,-8.401459066477457,21.393836924159757,0.8823490215373795,-8.088225241035502,8.401459066477457,-21.393836924159757,-21.393836924159757,0.8823490215373795,0.0,0,0
raw_xgb_lgb_production,Raw_Forecast_MWH,2026-08-05 16:00:00-07:00,2026-08-05,988,42,Summer,8,16,Peak,300.708,266.156352698872,266.156352698872,279.0082949658012,279.0082949658012,279.0082949658012,279.0082949658012,268.5675048828125,270.34959640290026,258.8780691114161,330.1139340969366,34.551647301128014,34.551647301128014,11.49009913308858,98.2,98.7,5.0,0.0,Clear/Low,7.475396723134938,Medium-Low,None,0.0,0.0,0.0,other,0.7,170+,0.21,2.9,206.0,1.0,1.2712763256883246,0.0,0.19999999999999973,-0.10000000000000009,-0.5,2.6999999999999997,-0.0787236743116757,-0.4920794311890948,-0.6097466717275266,0.17811032688579154,0.5,0.0,0.0,0.0,0.0,0.0,1.1000000000000085,0.0,0.0,0.0,0.0,0.0,0.0,0.0,0.0,0.0,0.0,0.0,0.0,0.0,-21.538938947133005,-42.377040482877874,-41.734977445003494,-29.31671780307238,-0.0,-0.0,0.0,0.0,0.0,0.0,0.0,0,0
raw_xgb_lgb_production,Raw_Forecast_MWH,2026-07-15 17:00:00-07:00,2026-07-15,485,21,Summer,7,17,Peak,341.469216,306.95581953050703,306.95581953050703,317.91738790468196,317.91738790468196,317.91738790468196,317.91738790468196,309.813720703125,310.6921228346958,300.2679425746053,352.46544205692385,34.51339646949299,34.51339646949299,10.107322959822236,104.1,105.1,7.0,0.0,Clear/Low,3.882227897188892,Medium-Low,None,0.0,0.0,0.0,other,0.7,170+,0.15,6.0,230.0,1.0,4.596266658713868,1.0,-0.20000000000000018,1.0,0.20000000000000018,3.3000000000000007,0.13635989661423054,-0.18525712110130854,-0.9519980945005346,-3.6241519503246913,1.0,1.0,0.4000000000000057,0.0,0.6999999999999886,2.5,6.799999999999997,0.0,0.0,0.0,0.0,0.0,0.0,0.0,0.0,0.0,0.0,0.0,0.0,0.0,-12.032017125789366,-25.100552273154847,-3.5694768838684467,53.285059258291994,-0.0,-0.0,0.0,-0.0,-0.0,0.0,0.0,0,0
raw_xgb_lgb_production,Raw_Forecast_MWH,2026-07-22 16:00:00-07:00,2026-07-22,652,28,Summer,7,16,Peak,256.02445,221.55326464167547,221.55326464167547,236.49059484947443,236.49059484947443,236.49059484947443,244.0205324801165,224.0601806640625,222.02577615934922,220.09448482179184,245.9445743393586,34.47118535832453,34.47118535832453,13.464020861415593,89.7,89.7,3.0,0.0,Clear/Low,12.619571242165486,Medium-High,None,0.0,0.0,0.0,other,0.7,170+,0.29,7.0,210.0,1.0,3.500000000000001,0.0,0.0,-0.20000000000000018,-0.20000000000000018,-0.2999999999999998,-0.20943484963243364,-0.20827413935238903,0.49693971558881644,-0.35454052933453184,0.0,0.0,0.0,0.0,0.5,1.2000000000000028,2.9000000000000057,0.0,0.0,0.0,0.0,0.0,0.0,0.0,0.0,0.0,0.0,0.0,0.0,0.0,-8.121223989562907,-15.85964981426767,-72.93297617277346,-41.50544560305431,-0.0,-0.0,0.0,0.0,0.0,0.0,0.0,0,0
raw_xgb_lgb_production,Raw_Forecast_MWH,2026-07-23 18:00:00-07:00,2026-07-23,678,29,Summer,7,18,Peak,284.044675,249.64313553933025,249.64313553933025,261.38047454943927,261.38047454943927,261.38047454943927,261.38047454943927,255.11326599121094,251.72926897570636,244.8020314387732,275.2429466666742,34.40153946066974,34.40153946066974,12.111312933667826,94.6,94.6,4.0,0.0,Clear/Low,2.4730449944231645,Medium-Low,None,0.0,0.0,0.0,other,0.7,170+,0.18,3.0,243.0,1.0,2.673019572565104,0.0,-0.10000000000000009,0.20000000000000018,0.8999999999999999,4.9,-0.42509199119409313,-0.12698042743489601,-0.6643710804158927,-1.3011989689963535,0.0,0.0,0.0,0.0,1.0999999999999943,5.0,11.099999999999994,1.0,0.0,0.0,0.0,0.0,0.0,0.0,0.0,0.0,0.0,0.0,0.0,0.0,-9.79069545791097,-26.333412598086426,23.948700968614645,-4.008330631176534,-9.79069545791097,-26.333412598086426,-23.948700968614645,4.008330631176534,0.0,0.0,0.0,0,0
raw_xgb_lgb_production,Raw_Forecast_MWH,2026-08-08 18:00:00-07:00,2026-08-08,1062,45,Summer,8,18,Peak,316.504,282.30530963885735,282.30530963885735,295.3887818396776,295.3887818396776,295.3887818396776,295.3887818396776,283.3719482421875,285.690496857709,276.68097583685324,364.5327705418543,34.19869036114267,34.19869036114267,10.805136858031073,99.7,103.90336716817387,6.0,0.0,Clear/Low,1.2252866419105062,Low,None,0.0,0.0,0.0,other,0.7,170+,0.2,4.4,193.0,1.0,0.9897846391130057,0.0,-0.6999999999999993,-0.2999999999999998,1.5999999999999996,2.8,-3.470775867297912,-3.269861959959249,0.05210442688857675,-0.3622632913298671,4.20336716817387,4.20336716817387,3.718174356835661,2.233293264391918,1.6000000000000085,7.400000000000006,11.552870965487983,1.0,1.0,1.0,4.20336716817387,11.552870965487983,0.9897846391130057,0.0,0.0,0.0,1.0,15.595282474905076,15.756238133661853,17.35623813366186,-11.285836237509614,-30.608926991713503,-8.336320205724974,-12.733287884757544,-11.285836237509614,-30.608926991713503,8.336320205724974,12.733287884757544,12.733287884757544,12.733287884757544,0.0,1,0
raw_xgb_lgb_production,Raw_Forecast_MWH,2026-07-21 18:00:00-07:00,2026-07-21,630,27,Summer,7,18,Peak,330.013291,295.97370259684277,295.97370259684277,309.064130867731,309.064130867731,309.064130867731,309.064130867731,298.20220947265625,300.11759572074175,288.82515429476905,358.20021797098894,34.03958840315721,34.03958840315721,10.314611360048893,100.0,101.2,6.0,0.02,Clear/Low,1.9627898596722624,Low,None,0.0,0.0,0.0,other,0.7,170+,0.16,6.3,229.0,1.0,4.754670355403464,1.0,0.2999999999999998,4.5,-0.39999999999999947,1.2000000000000002,-0.2195550799267867,3.0427686260721876,-1.5413000488148039,-1.9451209047841242,1.2000000000000028,0.9000000000000057,1.2000000000000028,0.4000000000000057,1.5,3.700000000000003,7.099999999999994,1.0,1.0,1.0,1.2000000000000028,7.099999999999994,4.754670355403464,3.0427686260721876,1.0,1.0,1.0,39.46376394984874,8.299999999999997,9.799999999999997,-8.547114741261566,-20.3928369716636,42.10361139025747,27.911375224157837,-8.547114741261566,-20.3928369716636,-42.10361139025747,-27.911375224157837,-27.911375224157837,0.0,0.0,0,0
raw_xgb_lgb_production,Raw_Forecast_MWH,2026-08-08 17:00:00-07:00,2026-08-08,1061,45,Summer,8,17,Peak,313.096,279.0935825446259,279.0935825446259,292.3612650713693,292.3612650713693,292.3612650713693,292.3612650713693,281.7006530761719,282.45578948500366,273.06523720073346,386.9185582455944,34.002417455374086,34.002417455374086,10.860061276852495,103.90336716817387,103.90336716817387,6.0,0.0,Clear/Low,3.5403126969574235,Medium-Low,None,0.0,0.0,0.0,other,0.7,170+,0.2,5.1,241.0,1.0,4.460560506410918,1.0,-0.20000000000000018,0.2999999999999998,-0.6999999999999993,3.5,-0.7236217774782521,0.6271100581839124,-3.470775867297912,-1.8030143547863697,0.0,0.0,0.0,0.0,4.20336716817387,5.803367168173878,11.603367168173875,0.0,0.0,0.0,0.0,0.0,0.0,0.0,0.0,0.0,0.0,0.0,0.0,0.0,-19.32309075420389,-42.941061395526475,-20.348472360038272,-22.20510334039585,-0.0,-0.0,0.0,0.0,0.0,0.0,0.0,1,0
raw_xgb_lgb_production,Raw_Forecast_MWH,2026-07-29 18:00:00-07:00,2026-07-29,822,35,Summer,7,18,Peak,305.165533,271.2715840206333,271.2715840206333,283.9828112602904,283.9828112602904,283.9828112602904,283.9828112602904,274.69580078125,274.2264800140623,265.64982838506876,329.21184936480915,33.893948979366655,33.893948979366655,11.106742182239387,97.4,98.1,5.0,0.0,Clear/Low,1.9548000278542748,Low,None,0.0,0.0,0.0,other,0.7,170+,0.17,5.0,189.0,1.0,0.7821723252011547,0.0,0.9000000000000004,0.2999999999999998,1.5999999999999996,2.2,-0.3479408336485418,-1.3515830235747157,0.9260333724754822,-0.4053534402519581,0.6999999999999886,0.6999999999999886,0.5999999999999943,0.0,1.5,5.800000000000011,10.300000000000011,1.0,1.0,0.0,0.6999999999999886,10.300000000000011,0.7821723252011547,0.0,0.0,0.0,1.0,8.6038955772127,11.0,12.5,-9.156263153354189,-24.7532454747639,8.154351988004862,18.549311419142953,-9.156263153354189,-24.7532454747639,-8.154351988004862,-18.549311419142953,-18.549311419142953,0.0,0.0,0,0
raw_xgb_lgb_production,Raw_Forecast_MWH,2026-08-07 15:00:00-07:00,2026-08-07,1035,44,Summer,8,15,Midday,297.64,263.81246109843846,263.81246109843846,275.95613279441886,275.95613279441886,275.95613279441886,282.0104295661061,268.02642822265625,267.60367730937907,256.6508450171839,351.53320624046836,33.827538901561525,33.827538901561525,11.365252957116493,100.00899620266408,102.18406933818633,6.0,0.22,Some Clouds,11.05834733144306,Medium-High,Low,0.3330815885792031,0.0,0.0,other,0.7,170+,0.23,6.1,298.0,1.0,5.385980316439454,1.0,-0.3000000000000007,3.3999999999999995,-0.2999999999999998,-1.0999999999999996,-0.21158580925267856,2.9194075808044317,-0.26488427785767765,-5.124300535224735,2.175073135522254,0.0,0.0,0.0,0.0,0.0,0.0,0.0,0.0,0.0,0.0,0.0,0.0,0.0,0.0,0.0,0.0,0.0,0.0,0.0,-22.49521525365182,-44.25370947680776,-4.413573987894466,-16.440693311960132,-0.0,-0.0,0.0,0.0,0.0,0.0,0.0,0,0
raw_xgb_lgb_production,Raw_Forecast_MWH,2026-07-15 18:00:00-07:00,2026-07-15,486,21,Summer,7,18,Peak,341.36165,307.7093534203996,307.7093534203996,319.36968020081025,319.36968020081025,319.36968020081025,319.36968020081025,307.8870849609375,312.1684015492099,300.65149734925836,365.14740113065767,33.652296579600375,33.652296579600375,9.858253432862297,103.4,105.1,7.0,0.0,Clear/Low,1.7617670326402048,Low,None,0.0,0.0,0.0,other,0.7,170+,0.14,6.2,216.0,1.0,3.6442685642133337,0.0,0.20000000000000018,0.7999999999999998,1.3999999999999995,1.7999999999999998,-0.9519980945005346,-1.0322686162226353,-0.797258454252403,-3.6442685642133337,1.6999999999999886,0.6999999999999886,1.6999999999999886,1.0999999999999943,1.8000000000000114,6.1000000000000085,10.600000000000009,1.0,1.0,1.0,1.6999999999999886,10.600000000000009,3.6442685642133337,0.0,0.0,0.0,1.0,44.82450333982399,12.299999999999997,14.100000000000009,-5.831004690836551,-17.863021816625917,-1.6345687263871582,56.05288963982153,-5.831004690836551,-17.863021816625917,1.6345687263871582,-56.05288963982153,-56.05288963982153,0.0,0.0,0,0
raw_xgb_lgb_production,Raw_Forecast_MWH,2026-08-06 15:00:00-07:00,2026-08-06,1011,43,Summer,8,15,Midday,283.529,249.88752506361368,249.88752506361368,262.45637764154014,262.45637764154014,262.45637764154014,268.57400385425524,250.8903045654297,252.67017615197486,245.22827920995582,313.03720714102803,33.64147493638632,33.64147493638632,11.865267727952455,98.7,101.33392246666666,6.0,0.0,Clear/Low,11.24579770802556,Medium-High,Low,0.1716373602332837,0.0,0.0,other,0.7,170+,0.17,2.5,225.0,1.0,1.7677669529663689,0.0,0.8,0.20000000000000018,0.3999999999999999,1.5999999999999996,0.266756045106193,-0.281548052666877,0.057262181078159724,0.6996746419570292,2.633922466666661,0.0,0.0,0.0,0.0,0.0,0.0,0.0,0.0,0.0,0.0,0.0,0.0,0.0,0.0,0.0,0.0,0.0,0.0,0.0,-22.28938971344951,-42.154642763330116,-19.8350635725364,-34.582789545412595,-0.0,-0.0,0.0,0.0,0.0,0.0,0.0,0,0
raw_xgb_lgb_production,Raw_Forecast_MWH,2026-08-06 18:00:00-07:00,2026-08-06,1014,43,Summer,8,18,Peak,317.395,283.7915908111333,283.7915908111333,296.87506301195356,296.87506301195356,296.87506301195356,296.87506301195356,285.1921691894531,287.6897707447911,277.2657142358653,386.9324093602033,33.60340918886669,33.60340918886669,10.58725222163761,100.0,101.33392246666666,6.0,0.09,Clear/Low,1.3128146869361683,Low,None,0.0,0.0,0.0,other,0.7,170+,0.15,4.1,217.0,1.0,2.467441594923398,0.0,0.8999999999999995,1.5999999999999996,-0.2999999999999998,-0.5999999999999996,-0.3313414679226683,0.6996746419570292,1.3325584050766017,-1.385882114611082,1.3339224666666638,0.4000000000000057,0.5999999999999943,0.0,0.0,8.799999999999997,11.740920904817756,1.0,1.0,1.0,1.3339224666666638,11.740920904817756,2.467441594923398,0.6996746419570292,0.0,0.0,1.0,32.26141238190914,13.07484337148442,13.07484337148442,-11.675892668569873,-28.329884316339133,-4.3668390759589215,-9.907690220580491,-11.675892668569873,-28.329884316339133,4.3668390759589215,9.907690220580491,9.907690220580491,9.907690220580491,0.0,0,0
raw_xgb_lgb_production,Raw_Forecast_MWH,2026-07-31 18:00:00-07:00,2026-07-31,870,37,Summer,7,18,Peak,308.498,275.1418201453131,275.1418201453131,287.8530473849702,287.8530473849702,287.8530473849702,287.8530473849702,275.5354309082031,278.8784294424873,269.1575453174993,334.00432310156225,33.3561798546869,33.3561798546869,10.81244606275791,98.5,98.9,5.0,0.0,Clear/Low,1.842720802611,Low,None,0.0,0.0,0.0,other,0.7,170+,0.15,2.4,211.0,1.0,1.23609137978413,0.0,0.19999999999999973,0.3999999999999999,0.5,4.800000000000001,-0.20723848399498612,-0.12790534034086698,-0.5837333221869218,0.3835562114916975,0.4000000000000057,0.20000000000000284,0.4000000000000057,0.0,1.2000000000000028,4.400000000000006,8.400000000000006,1.0,1.0,0.0,0.4000000000000057,8.400000000000006,1.23609137978413,0.0,0.0,0.0,1.0,10.877604142100358,8.800000000000011,10.000000000000014,-8.814636607680256,-24.055174543970963,1.3348450886180672,10.405803173071888,-8.814636607680256,-24.055174543970963,-1.3348450886180672,-10.405803173071888,-10.405803173071888,0.0,0.0,0,0
raw_xgb_lgb_production,Raw_Forecast_MWH,2026-07-23 19:00:00-07:00,2026-07-23,679,29,Summer,7,19,Peak,276.884966,243.57121151124494,243.57121151124494,254.71058264443622,254.71058264443622,254.71058264443622,254.71058264443622,248.34866333007812,246.07146144578408,238.2772610944453,279.6689277667971,33.31375448875508,33.31375448875508,12.031622724057572,93.5,94.6,4.0,0.0,Clear/Low,0.5349779677173332,Low,None,0.0,0.0,0.0,other,1.0,170+,0.21,3.9,211.0,1.0,2.008648492149211,0.0,0.8999999999999999,1.1999999999999997,3.6,3.6,-0.6643710804158927,-0.6323500298320646,0.9218349715203416,-2.008648492149211,1.0999999999999943,1.0999999999999943,0.9000000000000057,1.0999999999999943,3.9000000000000057,10.0,14.0,1.0,0.0,0.0,0.0,0.0,0.0,0.0,0.0,0.0,0.0,0.0,0.0,0.0,0.47959119922364835,-9.311104258687322,29.8030544249676,2.7970429055083343,0.47959119922364835,-9.311104258687322,-29.8030544249676,-2.7970429055083343,-0.0,0.0,0.0,0,0
raw_xgb_lgb_production,Raw_Forecast_MWH,2026-07-29 19:00:00-07:00,2026-07-29,823,35,Summer,7,19,Peak,295.007808,262.0005770224827,262.0005770224827,274.01038249170887,274.01038249170887,274.01038249170887,274.01038249170887,266.8259582519531,264.2919125736728,257.0212265193353,331.3946734545085,33.00723097751734,33.00723097751734,11.188595719309685,95.9,98.1,5.0,0.0,Clear/Low,0.375913772027472,Low,None,0.0,0.0,0.0,other,1.0,170+,0.19,6.6,195.0,1.0,1.7082056976766369,0.0,1.5999999999999996,1.6999999999999993,0.9000000000000004,0.7000000000000002,0.9260333724754822,-0.439812921589843,0.23293714059226867,-1.7082056976766369,2.1999999999999886,1.5,2.1999999999999886,2.0999999999999943,4.300000000000011,8.800000000000011,12.100000000000009,1.0,1.0,0.0,2.1999999999999886,12.100000000000009,1.7082056976766369,0.0,0.0,0.0,1.0,24.427341476775904,14.299999999999997,18.60000000000001,-1.0004816896650368,-10.156744843019226,15.860181930052022,26.637586956647795,-1.0004816896650368,-10.156744843019226,-15.860181930052022,-26.637586956647795,-26.637586956647795,0.0,0.0,0,0
raw_xgb_lgb_production,Raw_Forecast_MWH,2026-07-12 15:00:00-07:00,2026-07-12,411,18,Summer,7,15,Midday,211.21525,178.29901215241753,178.29901215241753,191.60253734638837,191.60253734638837,192.26620621704384,197.06549283284042,176.94442749023438,178.26170658868065,178.7446593703421,224.02584805984065,32.916237847582465,32.916237847582465,15.58421460930613,89.8,91.5,4.0,1.0,Overcast,6.928248081439785,Medium-Low,Extreme,4.97929954199452,0.6636688706554639,1.6346523907770047,weekend_highload_solar_loss,0.40599999999999997,170+,0.28,5.9,136.0,1.0,0.0,0.0,2.8000000000000003,3.3000000000000003,-0.3000000000000007,-2.5000000000000004,0.0,-1.5920408388915593e-16,0.0,1.901255871800539,1.7000000000000028,0.0,0.0,0.0,0.0,0.0,0.0,0.0,0.0,0.0,0.0,0.0,0.0,0.0,0.0,0.0,0.0,0.0,0.0,0.0,-11.779695714460303,-19.237636913991764,-45.73564201961085,-31.410160199468407,-0.0,-0.0,0.0,0.0,0.0,0.0,0.0,1,0
raw_xgb_lgb_production,Raw_Forecast_MWH,2026-07-29 17:00:00-07:00,2026-07-29,821,35,Summer,7,17,Peak,303.121366,270.2711023309683,270.2711023309683,283.31292569179,283.31292569179,283.31292569179,283.31292569179,273.53741455078125,273.4530088955313,264.33773138099417,314.62651220397873,32.85026366903173,32.85026366903173,10.837330308491593,98.1,98.1,5.0,0.0,Clear/Low,4.819367145752871,Medium-Low,None,0.0,0.0,0.0,other,0.7,170+,0.17,4.1,196.0,1.0,1.1301131588496964,0.0,-0.8000000000000007,-0.5,0.9000000000000004,3.4000000000000004,-1.0179054604167834,-1.0294560299654012,-0.3479408336485418,0.8110296794192091,0.0,0.0,0.0,0.0,0.6999999999999886,2.1999999999999886,6.5,0.0,0.0,0.0,0.0,0.0,0.0,0.0,0.0,0.0,0.0,0.0,0.0,0.0,-15.596982321409712,-37.879653324493205,1.389070773897572,10.527211504362981,-0.0,-0.0,-0.0,-0.0,-0.0,0.0,0.0,0,0
raw_xgb_lgb_production,Raw_Forecast_MWH,2026-07-21 19:00:00-07:00,2026-07-21,631,27,Summer,7,19,Peak,323.221608,290.59714426401706,290.59714426401706,302.9794879933608,302.9794879933608,302.9794879933608,302.9794879933608,291.9815673828125,294.19626780235484,284.54582924125907,334.69133533520386,32.62446373598294,32.62446373598294,10.09352807129867,98.5,101.2,6.0,0.05,Clear/Low,0.3974869102791893,Low,None,0.0,0.0,0.0,other,1.0,170+,0.17,5.9,213.0,1.0,3.21337030658866,0.0,-0.39999999999999947,3.0000000000000004,1.0,3.5999999999999996,-1.5413000488148039,0.32043456083516997,-0.9669500408342784,1.3923210857515422,2.700000000000003,1.5,2.4000000000000057,2.700000000000003,2.200000000000003,5.599999999999994,9.099999999999994,1.0,1.0,1.0,2.700000000000003,9.099999999999994,3.21337030658866,0.32043456083516997,0.0,0.0,1.0,37.91776961774618,11.799999999999997,14.0,-0.4809823871671597,-9.028097128428726,52.68686523945655,35.41938538007719,-0.4809823871671597,-9.028097128428726,-52.68686523945655,-35.41938538007719,-35.41938538007719,0.0,0.0,0,0
raw_xgb_lgb_production,Raw_Forecast_MWH,2026-07-20 15:00:00-07:00,2026-07-20,603,26,Summer,7,15,Midday,267.552475,234.9738648155352,234.9738648155352,248.24630044751078,248.24630044751078,248.24630044751078,252.75160335072783,235.246337890625,236.67010824608047,232.23048997465267,275.30799329175176,32.57861018446482,32.57861018446482,12.17653104665349,97.1,98.0,5.0,0.09,Clear/Low,13.785041273009355,Medium-High,None,0.0,0.0,0.0,other,0.7,170+,0.16,3.8,214.0,1.0,2.124933033188838,0.0,0.19999999999999973,0.2999999999999998,2.5,0.7999999999999998,-0.46469024803030656,0.32229977100364837,2.0082388494513577,1.012259423098655,0.9000000000000057,0.0,0.0,0.0,0.0,2.0,2.299999999999997,0.0,0.0,0.0,0.0,0.0,0.0,0.0,0.0,0.0,0.0,0.0,0.0,0.0,-20.083336653472315,-35.82617087924038,1.59593581654417,-28.83047529591471,-0.0,-0.0,-0.0,0.0,0.0,0.0,0.0,0,0
raw_xgb_lgb_production,Raw_Forecast_MWH,2026-08-02 19:00:00-07:00,2026-08-02,919,39,Summer,8,19,Peak,324.435,292.18415103566184,292.18415103566184,304.4594867633472,304.4594867633472,304.4594867633472,304.4594867633472,295.17828369140625,296.686384504711,284.2537462540862,374.4731979429177,32.25084896433816,32.25084896433816,9.940619527590476,101.6,103.5,6.0,0.0,Clear/Low,0.2495868207240489,Low,None,0.0,0.0,0.0,other,1.0,170+,0.15,2.5,225.0,1.0,1.7677669529663689,0.0,-0.8999999999999999,-1.2000000000000002,-0.2999999999999998,3.3,-1.3619495487719284,-1.263095610902901,-1.7677669529663689,-0.16907028922777378,1.9000000000000057,1.3000000000000114,1.9000000000000057,1.9000000000000057,3.799999999999997,6.799999999999997,10.599999999999994,1.0,1.0,1.0,1.9000000000000057,10.599999999999994,1.7677669529663689,0.0,0.0,0.0,1.0,22.09708691207961,12.5,16.299999999999997,-1.13049008647954,-9.19660156360851,16.086486751473274,37.26899499572056,-1.13049008647954,-9.19660156360851,-16.086486751473274,-37.26899499572056,-37.26899499572056,0.0,0.0,1,0
raw_xgb_lgb_production,Raw_Forecast_MWH,2026-07-30 17:00:00-07:00,2026-07-30,845,36,Summer,7,17,Peak,302.2556,270.04988514322855,270.04988514322855,282.9944757452008,282.9944757452008,282.9944757452008,282.9944757452008,273.0923156738281,273.60663263290354,263.5914446507107,316.5286160787357,32.205714856771465,32.205714856771465,10.655125945316303,97.5,97.7,5.0,0.0,Clear/Low,5.068079222726326,Medium-Low,None,0.0,0.0,0.0,other,0.7,170+,0.17,4.5,176.0,1.0,0.0,0.0,1.0,1.6,1.5,3.9000000000000004,-0.42654270191801624,-1.9404787584406888,0.0,0.7321082390803284,0.20000000000000284,0.20000000000000284,0.0,0.0,0.5,2.5,7.299999999999997,0.0,0.0,0.0,0.0,0.0,0.0,0.0,0.0,0.0,0.0,0.0,0.0,0.0,-14.984101785897536,-35.256192756749556,-9.6014066084835,3.890626410739685,-0.0,-0.0,0.0,-0.0,-0.0,0.0,0.0,0,0
raw_xgb_lgb_production,Raw_Forecast_MWH,2026-08-02 16:00:00-07:00,2026-08-02,916,39,Summer,8,16,Peak,319.891,287.7221509597688,287.7221509597688,300.56144566811224,300.56144566811224,300.56144566811224,300.56144566811224,289.5655822753906,292.6194165662294,279.4997532022958,347.3576225775692,32.16884904023124,32.16884904023124,10.05619071503457,103.5,103.5,6.0,0.0,Clear/Low,6.768243197369325,Medium-Low,None,0.0,0.0,0.0,other,0.7,170+,0.14,3.7,235.0,1.0,3.03086256386927,1.0,0.6000000000000001,0.8000000000000003,0.09999999999999964,-1.2000000000000002,0.13676324172794452,0.18414373187104438,0.46705587925000325,-1.263095610902901,0.0,0.0,0.0,0.0,0.0,0.5999999999999943,1.9000000000000057,0.0,0.0,0.0,0.0,0.0,0.0,0.0,0.0,0.0,0.0,0.0,0.0,0.0,-18.329818958406122,-38.738584470954436,6.398167003341996,19.62990175142542,-0.0,-0.0,-0.0,-0.0,-0.0,0.0,0.0,1,0
raw_xgb_lgb_production,Raw_Forecast_MWH,2026-07-03 18:00:00-07:00,2026-07-03,198,9,Summer,7,18,Peak,258.786541,226.62387865442759,226.62387865442759,238.3612176645366,238.3612176645366,238.3612176645366,238.3612176645366,229.82931518554688,226.48310878633805,225.92924943824846,244.70268836480375,32.162662345572414,32.162662345572414,12.428259298682931,93.3,93.5,4.0,0.0,Clear/Low,2.6010818616011733,Medium-Low,None,0.0,0.0,0.0,other,0.7,170+,0.18,5.2,198.0,1.0,1.6068883707497268,0.0,0.5,1.1000000000000005,0.7999999999999998,3.2,0.3904388587678793,0.1375797776139953,-0.25718204468653716,1.9431050278721484,0.20000000000000284,0.20000000000000284,0.10000000000000853,0.0,1.2000000000000028,4.200000000000003,9.899999999999991,1.0,0.0,0.0,0.0,0.0,0.0,0.0,0.0,0.0,0.0,0.0,0.0,0.0,-14.225309323002818,-33.263434512375284,11.05950889057462,23.049504300890163,-14.225309323002818,-33.263434512375284,-11.05950889057462,-23.049504300890163,-0.0,0.0,0.0,0,1
raw_xgb_lgb_production,Raw_Forecast_MWH,2026-08-05 19:00:00-07:00,2026-08-05,991,42,Summer,8,19,Peak,307.779,275.6709231923266,275.6709231923266,287.91034755162025,287.91034755162025,287.91034755162025,287.91034755162025,280.9881896972656,279.4784063581806,268.16851635885916,358.5581398488839,32.1080768076734,32.1080768076734,10.432185694174521,97.1,98.7,5.0,0.0,Clear/Low,0.3143286851235735,Low,None,0.0,0.0,0.0,other,1.0,170+,0.19,5.6,195.0,1.0,1.4493866525741161,0.0,2.0999999999999996,2.6999999999999997,2.4000000000000004,2.9000000000000004,0.9018660249333079,0.17811032688579154,1.2867744940312345,-1.4493866525741161,1.6000000000000085,1.6000000000000085,1.5,1.1000000000000085,4.799999999999997,10.899999999999991,17.099999999999994,1.0,1.0,0.0,1.6000000000000085,17.099999999999994,1.4493866525741161,0.17811032688579154,0.0,0.0,1.0,27.103530403135977,18.700000000000003,23.5,-3.782017783170545,-16.42789575703972,-5.854651924232542,2.870026113152619,-3.782017783170545,-16.42789575703972,5.854651924232542,-2.870026113152619,-2.870026113152619,0.0,0.0,0,0
raw_xgb_lgb_production,Raw_Forecast_MWH,2026-07-19 15:00:00-07:00,2026-07-19,579,25,Summer,7,15,Midday,244.279441,212.3713422326431,212.3713422326431,227.13192820095477,227.13192820095477,227.9884054554894,231.0382477578805,215.8393096923828,215.8831543935786,205.86193241981874,253.24445050183726,31.908098767356904,31.908098767356904,13.062130254079346,95.4,96.7,5.0,0.63,Mostly Cloudy,13.063409505113468,Medium-High,None,0.0,0.8564772545346465,2.109549888016371,weekend_highload_solar_loss,0.40599999999999997,170+,0.17,2.3,270.0,1.0,2.3,0.0,-0.6000000000000001,0.6999999999999997,-0.3999999999999999,1.4000000000000004,-0.5929357457534903,0.7038975195842809,-0.7628677106875998,1.3977460599706548,1.2999999999999972,0.0,0.0,0.0,0.0,0.0,0.0,0.0,0.0,0.0,0.0,0.0,0.0,0.0,0.0,0.0,0.0,0.0,0.0,0.0,-19.870219044078254,-37.12212398383534,-5.27218121369836,-47.67041642248557,-0.0,-0.0,0.0,0.0,0.0,0.0,0.0,1,0
raw_xgb_lgb_production,Raw_Forecast_MWH,2026-08-08 19:00:00-07:00,2026-08-08,1063,45,Summer,8,19,Peak,305.854,273.9626716836816,273.9626716836816,286.23800741136694,286.23800741136694,286.23800741136694,286.23800741136694,278.3495178222656,275.2576638006489,270.6742994602804,366.68601952273576,31.89132831631838,31.89132831631838,10.426977680958359,98.1,103.90336716817387,6.0,0.0,Clear/Low,0.2457805148732554,Low,None,0.0,0.0,0.0,other,1.0,170+,0.21,6.0,190.0,1.0,1.0418890660015825,0.0,1.5999999999999996,0.7000000000000002,2.5999999999999996,1.5999999999999996,0.05210442688857675,-4.1422932178875875,1.6156570856229655,-1.0418890660015825,5.803367168173878,1.6000000000000085,5.803367168173878,5.318174356835669,5.799999999999997,9.952870965487975,15.5,1.0,1.0,1.0,5.803367168173878,15.5,1.0418890660015825,0.0,0.0,0.0,1.0,22.19574532153746,21.303367168173878,27.103367168173875,-3.211727094231435,-14.497563331741048,4.314824190571869,-3.406743437511068,-3.211727094231435,-14.497563331741048,-4.314824190571869,3.406743437511068,3.406743437511068,3.406743437511068,0.0,1,0
raw_xgb_lgb_production,Raw_Forecast_MWH,2026-07-20 17:00:00-07:00,2026-07-20,605,26,Summer,7,17,Peak,287.973175,256.09323560147726,256.09323560147726,267.6034282113877,267.6034282113877,267.6034282113877,267.6034282113877,261.16650390625,257.9477313492669,251.7295227678726,288.5766462713005,31.879939398522765,31.879939398522765,11.070454530538395,95.1,98.0,5.0,0.42,Partly Cloudy,4.94605665735223,Medium-Low,None,0.0,0.0,0.0,other,0.7,170+,0.11,6.3,238.0,1.0,5.342703005785483,1.0,0.0,2.6999999999999997,-1.7000000000000002,-2.5,1.2095311231452879,2.753079724566339,-2.2055105494979905,-5.342703005785483,2.9000000000000057,2.9000000000000057,2.0,0.0,0.29999999999999716,3.1999999999999886,5.0,0.0,0.0,0.0,0.0,0.0,0.0,0.0,0.0,0.0,0.0,0.0,0.0,0.0,-15.22597922724151,-36.232565993589446,2.9692734865137425,-16.8462269063715,-0.0,-0.0,-0.0,0.0,0.0,0.0,0.0,0,0
raw_xgb_lgb_production,Raw_Forecast_MWH,2026-07-31 16:00:00-07:00,2026-07-31,868,37,Summer,7,16,Peak,294.554,262.68748609515745,262.68748609515745,275.4453960258829,275.4453960258829,275.4453960258829,275.4453960258829,265.6375427246094,266.75304718787135,255.4558739124779,309.71446928589194,31.86651390484252,31.86651390484252,10.818564305642607,98.9,98.9,5.0,0.0,Clear/Low,8.332635202966099,Medium-Low,None,0.0,0.0,0.0,other,0.7,170+,0.16,2.3,219.0,1.0,1.447436899414626,0.0,0.2999999999999998,-0.10000000000000009,-0.09999999999999964,0.6000000000000001,0.0834401792896291,-0.542253274717474,-0.004107035635509959,-0.7950788418174178,0.0,0.0,0.0,0.0,0.20000000000000284,0.4000000000000057,1.6000000000000085,0.0,0.0,0.0,0.0,0.0,0.0,0.0,0.0,0.0,0.0,0.0,0.0,0.0,-19.663433288458975,-40.54464342394894,-13.222747563618043,-1.7339105450847683,-0.0,-0.0,0.0,0.0,0.0,0.0,0.0,0,0
raw_xgb_lgb_production,Raw_Forecast_MWH,2026-07-04 14:00:00-07:00,2026-07-04,218,10,Summer,7,14,Midday,208.981133,177.18023848927902,177.18023848927902,191.01691372710928,191.01691372710928,191.44899131575863,196.4639211598826,178.6358642578125,178.3920037622473,174.86014284074784,200.18766782730745,31.80089451072098,31.80089451072098,15.217112690608763,92.4,95.5,5.0,0.96,Overcast,18.59599738522771,High,None,0.0,0.43207758864934787,1.1870263424432634,weekend_core_highload_solar_loss,0.364,170+,0.24,4.1,197.0,1.0,1.1987239893632207,0.0,0.5999999999999996,0.39999999999999947,1.3000000000000007,2.8000000000000007,0.17542302283364197,0.3036129756444502,0.016011704093650048,1.7173420166476057,3.0999999999999943,0.0,0.0,0.0,0.0,0.0,0.0,0.0,0.0,0.0,0.0,0.0,0.0,0.0,0.0,0.0,0.0,0.0,0.0,0.0,-17.1548084447262,-32.03991725460594,-9.68756523598256,-1.0472339281957659,-0.0,-0.0,0.0,0.0,0.0,0.0,0.0,1,0
raw_xgb_lgb_production,Raw_Forecast_MWH,2026-08-04 15:00:00-07:00,2026-08-04,963,41,Summer,8,15,Midday,303.568,271.9138875302774,271.9138875302774,284.48274010820387,284.48274010820387,284.48274010820387,289.96170899958526,273.35919189453125,275.6073410866019,265.6969449805521,345.99129113184847,31.654112469722577,31.654112469722577,10.427354816621836,100.2,102.1,6.0,0.0,Clear/Low,10.810907849071336,Medium-High,Medium,0.6572167696260518,0.0,0.0,other,0.7,170+,0.21,3.5,197.0,1.0,1.0233009665295787,0.0,-0.20000000000000018,-1.5,0.7000000000000002,2.2,-0.24217356377539612,-0.01625748755921852,0.13437592790181774,0.06431030711672725,1.8999999999999915,0.0,0.0,0.0,0.0,0.0,0.0,0.0,0.0,0.0,0.0,0.0,0.0,0.0,0.0,0.0,0.0,0.0,0.0,0.0,-19.44574477650542,-38.0599074747162,-36.13223351968648,-1.904385381167998,-0.0,-0.0,0.0,0.0,0.0,0.0,0.0,0,0
raw_xgb_lgb_production,Raw_Forecast_MWH,2026-07-03 16:00:00-07:00,2026-07-03,196,9,Summer,7,16,Peak,239.601433,208.05698405368963,208.05698405368963,219.10618203500863,219.10618203500863,219.10618203500863,219.10618203500863,209.61892700195312,211.38899645228375,202.37469515639503,220.7659188597405,31.544448946310354,31.544448946310354,13.165384092803132,93.4,93.5,4.0,0.0,Clear/Low,11.626429571706025,Medium-High,None,0.0,0.0,0.0,other,0.7,170+,0.19,4.5,193.0,1.0,1.0122797445473921,0.0,0.40000000000000036,1.4,0.20000000000000018,1.5,-0.45702884858833936,-1.2176736365024268,0.20416976743445536,0.3374265815157975,0.09999999999999432,0.0,0.0,0.0,0.0,0.10000000000000853,1.3000000000000114,0.0,0.0,0.0,0.0,0.0,0.0,0.0,0.0,0.0,0.0,0.0,0.0,0.0,-18.85154655852665,-35.70277437389814,-8.907288129365554,3.2543577743361425,-0.0,-0.0,0.0,-0.0,-0.0,0.0,0.0,0,1
raw_xgb_lgb_production,Raw_Forecast_MWH,2026-07-21 15:00:00-07:00,2026-07-21,627,27,Summer,7,15,Midday,306.584566,275.099883238012,275.099883238012,287.64653660141164,287.64653660141164,287.64653660141164,292.8828337797638,279.1656188964844,278.12541468475405,269.18383791928227,314.1065474306564,31.484682761987983,31.484682761987983,10.26949372330373,100.4,101.2,6.0,0.01,Clear/Low,12.118205003595692,Medium-High,None,0.0,0.0,0.0,other,0.7,170+,0.15,1.8,288.0,1.0,1.7119017293312764,0.0,-0.09999999999999987,-1.2,1.0999999999999999,4.5,-0.061901081013406856,0.034323018919036,1.1810340164222137,3.0427686260721876,0.7999999999999972,0.0,0.0,0.0,0.0,0.0,0.4000000000000057,0.0,0.0,0.0,0.0,0.0,0.0,0.0,0.0,0.0,0.0,0.0,0.0,0.0,-17.123198105594213,-35.83389706832065,25.0689480070003,18.83429965620212,-0.0,-0.0,-0.0,-0.0,-0.0,0.0,0.0,0,0
raw_xgb_lgb_production,Raw_Forecast_MWH,2026-08-03 13:00:00-07:00,2026-08-03,937,40,Summer,8,13,Midday,286.183,254.71274374687727,254.71274374687727,268.04904325386025,268.04904325386025,269.98931140698517,275.59153269564496,257.61578369140625,258.2422589901826,248.3369226661033,300.98527337495193,31.470256253122727,31.470256253122727,10.996549848566382,99.2,105.1,7.0,0.0,Clear/Low,14.74866363723891,Medium-High,Extreme,6.6971801004691685,1.9402681531249146,2.771811647321307,solar_loss_general,0.7,170+,0.21,3.2,284.0,1.0,3.1049463240831887,1.0,-0.09999999999999964,2.5,-0.20000000000000018,-0.30000000000000027,0.04523960401279048,2.8886344280207257,-0.12138063797836907,-0.4984435898156043,5.8999999999999915,0.0,0.0,0.0,0.0,0.0,0.0,0.0,0.0,0.0,0.0,0.0,0.0,0.0,0.0,0.0,0.0,0.0,0.0,0.0,-23.649122029859484,-44.533007322123524,-2.189719139689771,28.07441901122388,-0.0,-0.0,0.0,-0.0,-0.0,0.0,0.0,0,0
raw_xgb_lgb_production,Raw_Forecast_MWH,2026-07-21 20:00:00-07:00,2026-07-21,632,27,Summer,7,20,Peak,309.511641,278.1819082172554,278.1819082172554,289.79341532358023,289.79341532358023,289.79341532358023,289.79341532358023,284.19586181640625,281.8171716126582,270.7510789961507,331.75053987188323,31.3297327827446,31.3297327827446,10.122311613715556,96.3,101.2,6.0,0.09,Clear/Low,0.063848248823186,Low,None,0.0,0.0,0.0,other,1.0,170+,0.2,6.9,199.0,1.0,2.2464202657543817,0.0,1.0,0.9000000000000004,0.5999999999999996,1.5,-0.9669500408342784,-2.727805169575869,0.563129184864958,1.9535797342456194,4.900000000000006,2.200000000000003,3.700000000000003,4.6000000000000085,3.3999999999999915,6.8999999999999915,11.399999999999991,1.0,1.0,1.0,4.900000000000006,11.399999999999991,2.2464202657543817,0.0,0.0,0.0,1.0,36.616650331796414,16.299999999999997,19.69999999999999,5.376558332825709,4.89557594565855,57.86984090601578,43.125727333965386,5.376558332825709,4.89557594565855,-57.86984090601578,-43.125727333965386,-43.125727333965386,5.376558332825709,0.0,0,0
raw_xgb_lgb_production,Raw_Forecast_MWH,2026-07-09 13:00:00-07:00,2026-07-09,337,15,Summer,7,13,Midday,204.060758,172.83776089829757,172.83776089829757,186.4755329906155,186.4755329906155,187.84495766311252,193.5051428701529,173.351318359375,172.95169291826787,172.51199416375073,212.6359915928735,31.22299710170242,31.22299710170242,15.3008336378435,90.7,98.2,5.0,0.0,Clear/Low,20.97055920557278,High,Medium,1.3160342681530892,1.3694246724970107,1.9563209607100154,solar_loss_general,0.7,170+,0.26,3.5,295.0,1.0,3.1720772546282747,1.0,0.5,-0.2999999999999998,-0.2999999999999998,0.10000000000000009,0.17938510384880235,1.446913355617997,-0.27189233611099484,0.2108161802009958,7.5,0.0,0.0,0.0,0.0,0.0,0.0,0.0,0.0,0.0,0.0,0.0,0.0,0.0,0.0,0.0,0.0,0.0,0.0,0.0,-14.713504575525064,-24.216728182794498,12.793626680661731,4.8378568267865205,-0.0,-0.0,-0.0,-0.0,-0.0,0.0,0.0,0,0
raw_xgb_lgb_production,Raw_Forecast_MWH,2026-07-03 17:00:00-07:00,2026-07-03,197,9,Summer,7,17,Peak,253.455275,222.28229337669245,222.28229337669245,233.9685957376403,233.9685957376403,233.9685957376403,233.9685957376403,220.62460327148438,225.1676007695487,218.2218646465492,229.82657113926163,31.17298162330755,31.17298162330755,12.299204119270176,93.5,93.5,4.0,0.0,Clear/Low,6.115497620144586,Medium-Low,None,0.0,0.0,0.0,other,0.7,170+,0.18,4.7,195.0,1.0,1.2164495119818475,0.0,0.20000000000000018,1.5,0.5,3.6000000000000005,0.20416976743445536,-0.6644632953540666,0.3904388587678793,2.5516716358563913,0.0,0.0,0.0,0.0,0.20000000000000284,1.4000000000000057,4.400000000000006,0.0,0.0,0.0,0.0,0.0,0.0,0.0,0.0,0.0,0.0,0.0,0.0,0.0,-19.038125189372465,-37.889671747899115,-0.2346329104642848,11.86468878322583,-0.0,-0.0,0.0,-0.0,-0.0,0.0,0.0,0,1
raw_xgb_lgb_production,Raw_Forecast_MWH,2026-07-14 16:00:00-07:00,2026-07-14,460,20,Summer,7,16,Peak,326.864091,295.7472828227237,295.7472828227237,308.6615705441955,308.6615705441955,308.6615705441955,308.6615705441955,298.23388671875,298.85347199352077,290.1556701554638,335.6095932231305,31.116808177276255,31.116808177276255,9.51980013530341,103.4,103.8,6.0,0.0,Clear/Low,7.142811616719698,Medium-Low,None,0.0,0.0,0.0,other,0.7,170+,0.15,3.9,285.0,1.0,3.767110722527366,1.0,-0.5000000000000004,1.1999999999999997,2.3000000000000003,0.30000000000000027,-0.5660433907263491,1.2142105684092104,2.4092964056414563,-1.0674027618439008,0.3999999999999915,0.0,0.0,0.0,0.0,0.0,1.0,0.0,0.0,0.0,0.0,0.0,0.0,0.0,0.0,0.0,0.0,0.0,0.0,0.0,-14.0962731000526,-29.219589896836624,24.600476531653896,60.73417241493294,-0.0,-0.0,-0.0,-0.0,-0.0,0.0,0.0,0,0
raw_xgb_lgb_production,Raw_Forecast_MWH,2026-08-03 19:00:00-07:00,2026-08-03,943,40,Summer,8,19,Peak,335.89,304.79130429203013,304.79130429203013,315.04459443247964,315.04459443247964,315.04459443247964,315.04459443247964,310.68817138671875,308.2048732605213,297.7423053144901,393.00999274778803,31.098695707969853,31.098695707969853,9.25859528654317,103.1,105.1,7.0,0.0,Clear/Low,0.2329960416865628,Low,None,0.0,0.0,0.0,other,1.0,170+,0.11,1.2,214.0,1.0,0.6710314841648961,0.0,0.0,-1.7,0.30000000000000004,6.2,-0.5289685158351038,-1.9354712501026883,-0.6710314841648961,2.3388196745960252,2.0,1.1000000000000085,1.4000000000000057,2.0,4.0,7.199999999999989,12.0,1.0,1.0,1.0,2.0,12.0,0.6710314841648961,0.0,0.0,0.0,1.0,9.394440778308546,14.0,18.0,-0.15942651490775006,-10.251949401539264,21.080879349672216,46.75853106257284,-0.15942651490775006,-10.251949401539264,-21.080879349672216,-46.75853106257284,-46.75853106257284,0.0,0.0,0,0
raw_xgb_lgb_production,Raw_Forecast_MWH,2026-07-30 18:00:00-07:00,2026-07-30,846,36,Summer,7,18,Peak,301.239675,270.16727761421964,270.16727761421964,282.87850485387673,282.87850485387673,282.87850485387673,282.87850485387673,274.0256042480469,273.57404082594337,263.71141352898894,331.26422808614376,31.072397385780334,31.072397385780334,10.314842288214637,97.0,97.7,5.0,0.0,Clear/Low,1.962684979636047,Low,None,0.0,0.0,0.0,other,0.7,170+,0.16,6.0,178.0,1.0,0.0,0.0,1.5,3.5,1.5999999999999996,1.7000000000000002,0.0,-1.469463130731183,0.0,0.0,0.7000000000000028,0.5,0.7000000000000028,0.0,2.0,6.799999999999997,11.900000000000006,1.0,1.0,0.0,0.7000000000000028,11.900000000000006,0.0,0.0,0.0,0.0,1.0,0.0,12.600000000000009,14.600000000000009,-9.380189420743761,-24.364291206641298,-1.2216988774047763,11.885585909875488,-9.380189420743761,-24.364291206641298,1.2216988774047763,-11.885585909875488,-11.885585909875488,0.0,0.0,0,0
raw_xgb_lgb_production,Raw_Forecast_MWH,2026-08-01 18:00:00-07:00,2026-08-01,894,38,Summer,8,18,Peak,313.313,282.4087228540246,282.4087228540246,293.76860590295195,293.76860590295195,293.76860590295195,293.76860590295195,286.4168701171875,286.3096282838984,275.1335436747478,357.6875990903767,30.904277145975414,30.904277145975414,9.863707265889195,101.1,101.3,6.0,0.3,Some Clouds,1.4588023267965518,Low,None,0.0,0.0,0.0,other,0.7,170+,0.13,2.1,264.0,1.0,2.088495980273374,0.0,-0.7999999999999998,0.0,-0.10000000000000009,4.4,-0.8044397654801161,0.0,-1.1805149807942805,-1.5219836524135961,0.20000000000000284,0.20000000000000284,0.20000000000000284,0.0,1.0999999999999943,4.299999999999997,7.099999999999994,1.0,0.0,0.0,0.0,0.0,0.0,0.0,0.0,0.0,0.0,0.0,0.0,0.0,-11.073378783557416,-24.65390734708177,3.6062081130094157,15.99473738436268,-11.073378783557416,-24.65390734708177,-3.6062081130094157,-15.99473738436268,-0.0,0.0,0.0,1,0
raw_xgb_lgb_production,Raw_Forecast_MWH,2026-07-14 15:00:00-07:00,2026-07-14,459,20,Summer,7,15,Midday,312.803175,282.1183664847719,282.1183664847719,294.66501984817154,294.66501984817154,294.66501984817154,296.34873285558604,284.85107421875,287.17141876408255,273.39708212186144,316.7906526406876,30.6848085152281,30.6848085152281,9.809621822165997,102.7,103.8,6.0,0.0,Clear/Low,11.742731649106751,Medium-High,Low,0.13802507693841193,0.0,0.0,other,0.7,170+,0.16,4.4,280.0,1.0,4.333154113253715,1.0,0.7000000000000002,1.4000000000000004,-0.5000000000000004,0.8999999999999995,0.6354080532830606,2.2118337696940724,-0.5660433907263491,0.7862527660783467,1.0999999999999943,0.0,0.0,0.0,0.0,0.0,0.0,0.0,0.0,0.0,0.0,0.0,0.0,0.0,0.0,0.0,0.0,0.0,0.0,0.0,-15.123316796784025,-30.523059740660244,21.923547317804037,64.16461769405942,-0.0,-0.0,-0.0,-0.0,-0.0,0.0,0.0,0,0
raw_xgb_lgb_production,Raw_Forecast_MWH,2026-07-09 19:00:00-07:00,2026-07-09,343,15,Summer,7,19,Peak,286.146825,255.5844714696489,255.5844714696489,267.5942769388751,267.5942769388751,267.5942769388751,267.5942769388751,258.77374267578125,256.9782863876703,252.48297053957737,312.9367755533721,30.56235353035109,30.56235353035109,10.680654426394943,96.4,98.2,5.0,0.0,Clear/Low,0.4581021337721649,Low,None,0.0,0.0,0.0,other,1.0,170+,0.21,7.5,205.0,1.0,3.169636963055246,0.0,3.0,3.9,1.5999999999999996,0.09999999999999964,0.5885429994755387,-0.21325647177402463,0.23928303702955267,-3.169636963055246,1.7999999999999972,1.3999999999999915,1.5,1.7999999999999972,4.800000000000011,9.100000000000009,12.5,1.0,1.0,0.0,1.7999999999999972,12.5,3.169636963055246,0.0,0.0,0.0,1.0,45.325808571690004,14.299999999999997,19.10000000000001,-5.468251243478903,-21.649838044713363,35.06928160385911,41.35778213436245,-5.468251243478903,-21.649838044713363,-35.06928160385911,-41.35778213436245,-41.35778213436245,0.0,0.0,0,0
raw_xgb_lgb_production,Raw_Forecast_MWH,2026-08-05 15:00:00-07:00,2026-08-05,987,42,Summer,8,15,Midday,277.124,246.56664253951368,246.56664253951368,259.77573250304334,259.77573250304334,259.77573250304334,265.5583030957278,248.6898193359375,249.11301199400145,241.9585828834833,306.35685122065337,30.557357460486344,30.557357460486344,11.02660089363835,96.2,98.7,5.0,0.0,Clear/Low,12.075608541178614,Medium-High,None,0.0,0.0,0.0,other,0.7,170+,0.24,2.7,210.0,1.0,1.3500000000000003,0.0,0.10000000000000009,-0.7999999999999998,0.19999999999999973,0.7999999999999998,-0.10390154902394144,-0.12916391609244782,-0.0787236743116757,-0.8024793723591921,2.5,0.0,0.0,0.0,0.0,0.0,0.0,0.0,0.0,0.0,0.0,0.0,0.0,0.0,0.0,0.0,0.0,0.0,0.0,0.0,-20.83810153574487,-38.94672666811087,-46.88618393789673,-36.13683839382216,-0.0,-0.0,0.0,0.0,0.0,0.0,0.0,0,0
raw_xgb_lgb_production,Raw_Forecast_MWH,2026-07-20 13:00:00-07:00,2026-07-20,601,26,Summer,7,13,Midday,224.427916,193.88394139571494,193.88394139571494,206.9462943774388,206.9462943774388,208.60539888928378,212.25709297504517,193.77720642089844,194.6218761384597,192.7548253642065,225.33606594542303,30.54397460428507,30.54397460428507,13.609703796512134,90.8,98.0,5.0,0.44,Partly Cloudy,17.66868000551701,Medium-High,Extreme,4.325626865196927,1.659104511844992,2.3701493026357032,solar_loss_general,0.7,170+,0.22,3.3,222.0,1.0,2.208131000984232,0.0,-0.20000000000000018,-2.7,0.30000000000000027,3.0,0.4054977387990426,2.208131000984232,0.38149228023491233,1.9250408816559634,7.200000000000003,0.0,0.0,0.0,0.0,0.0,0.0,0.0,0.0,0.0,0.0,0.0,0.0,0.0,0.0,0.0,0.0,0.0,0.0,0.0,-12.562353493844768,-22.812346405317783,7.751465017155255,-32.24677524334328,-0.0,-0.0,-0.0,0.0,0.0,0.0,0.0,0,0
raw_xgb_lgb_production,Raw_Forecast_MWH,2026-07-14 17:00:00-07:00,2026-07-14,461,20,Summer,7,17,Peak,335.208975,304.6942917235389,304.6942917235389,317.9843327838284,317.9843327838284,317.9843327838284,317.9843327838284,302.9120178222656,308.35916483546225,299.4444265194518,346.1855653454426,30.514683276461085,30.514683276461085,9.1031820602241,103.8,103.8,6.0,0.0,Clear/Low,3.981304866812968,Medium-Low,None,0.0,0.0,0.0,other,0.7,170+,0.14,6.2,275.0,1.0,6.176407128168822,1.0,2.3000000000000003,2.5,-0.9000000000000004,-1.2999999999999998,2.4092964056414563,2.478661068198168,-1.0570002488367605,-6.176407128168822,0.0,0.0,0.0,0.0,0.29999999999999716,1.3999999999999915,5.099999999999994,0.0,0.0,0.0,0.0,0.0,0.0,0.0,0.0,0.0,0.0,0.0,0.0,0.0,-13.628916337951807,-27.725189438004406,32.71573006180171,62.11373502618102,-0.0,-0.0,-0.0,-0.0,-0.0,0.0,0.0,0,0
raw_xgb_lgb_production,Raw_Forecast_MWH,2026-07-04 15:00:00-07:00,2026-07-04,219,10,Summer,7,15,Midday,226.946575,196.4922092947673,196.4922092947673,211.18464841337143,211.18464841337143,211.99303192742778,217.66419342195775,197.67893981933594,198.82008914682157,192.49504652023387,209.2924926662942,30.454365705232703,30.454365705232703,13.419178370606696,94.6,95.5,5.0,0.91,Overcast,15.026269143638398,Medium-High,None,0.0,0.808383514056338,1.991092399153542,weekend_highload_solar_loss,0.40599999999999997,170+,0.19,5.4,193.0,1.0,1.2147356934568707,0.0,1.3000000000000007,1.7000000000000002,1.0999999999999996,1.6999999999999993,0.016011704093650048,0.31962467973810027,0.5769071193536239,2.118512402322954,0.9000000000000057,0.0,0.0,0.0,0.0,0.0,0.0,0.0,0.0,0.0,0.0,0.0,0.0,0.0,0.0,0.0,0.0,0.0,0.0,0.0,-16.700491419471064,-33.855299864197264,-11.838620375038147,0.5688759576025575,-0.0,-0.0,0.0,-0.0,-0.0,0.0,0.0,1,0
raw_xgb_lgb_production,Raw_Forecast_MWH,2026-07-20 16:00:00-07:00,2026-07-20,604,26,Summer,7,16,Peak,280.644866,250.1998440427767,250.1998440427767,262.9577539735022,262.9577539735022,262.9577539735022,262.9577539735022,250.7462158203125,251.9338872367222,247.31881280156637,292.5892893672422,30.445021957223275,30.445021957223275,10.84823762898384,98.0,98.0,5.0,0.04,Clear/Low,9.98666968670494,Medium-High,None,0.0,0.0,0.0,other,0.7,170+,0.12,6.3,221.0,1.0,4.1331718826401955,0.0,2.5,3.0,0.0,-1.7999999999999998,2.0082388494513577,1.9250408816559634,1.2095311231452879,-2.2313897048070483,0.0,0.0,0.0,0.0,2.9000000000000057,3.200000000000003,6.099999999999994,0.0,0.0,0.0,0.0,0.0,0.0,0.0,0.0,0.0,0.0,0.0,0.0,0.0,-21.006586766347937,-41.08992341982025,1.0625038825091906,-22.8470276923955,-0.0,-0.0,-0.0,0.0,0.0,0.0,0.0,0,0
raw_xgb_lgb_production,Raw_Forecast_MWH,2026-07-03 19:00:00-07:00,2026-07-03,199,9,Summer,7,19,Peak,253.638541,223.26328329037926,223.26328329037926,234.40265442357054,234.40265442357054,234.40265442357054,234.40265442357054,222.13478088378906,224.72220948536764,221.2931142429947,248.71067608428405,30.37525770962074,30.37525770962074,11.975805250204754,92.1,93.5,4.0,0.0,Clear/Low,0.6738970217641655,Low,None,0.0,0.0,0.0,other,1.0,170+,0.19,6.0,193.0,1.0,1.3497063260631896,0.0,0.7999999999999998,1.5,2.3000000000000007,0.5999999999999996,-0.25718204468653716,0.3374265815157975,2.418414821775049,-0.6598184684966768,1.4000000000000057,1.2000000000000028,1.4000000000000057,1.3000000000000114,3.0,8.699999999999989,12.399999999999991,1.0,0.0,0.0,0.0,0.0,0.0,0.0,0.0,0.0,0.0,0.0,0.0,0.0,-4.341585277735135,-18.566894600737953,19.058599779887118,31.300386618998942,-4.341585277735135,-18.566894600737953,-19.058599779887118,-31.300386618998942,-0.0,0.0,0.0,0,1
raw_xgb_lgb_production,Raw_Forecast_MWH,2026-08-09 13:00:00-07:00,2026-08-09,1081,46,Summer,8,13,Midday,254.48819166666667,224.3467016664652,224.3467016664652,237.4081242615074,237.4081242615074,238.31239109365566,244.30006513954373,223.84912109375,227.5480979804669,219.45810190809544,331.5569412352445,30.141490000201458,30.141490000201458,11.843964076604912,100.96368821520925,100.96368821520925,6.0,0.0,Clear/Low,14.990951237527227,Medium-High,Extreme,6.166291765435055,0.9042668321482658,2.484249538868862,weekend_core_highload_solar_loss,0.364,170+,0.17,4.3,231.0,1.0,3.341727634264975,1.0,-0.6000000000000005,-2.0,0.0,0.0,1.3487180831935537,3.341727634264975,0.0,0.0,0.0,0.0,0.0,0.0,,,,0.0,0.0,0.0,0.0,0.0,0.0,0.0,0.0,0.0,0.0,0.0,0.0,0.0,-19.953478495314016,-38.44664775854886,1.7144686025744988,-20.12836074368056,-0.0,-0.0,-0.0,0.0,0.0,0.0,0.0,1,0
raw_xgb_lgb_production,Raw_Forecast_MWH,2026-07-29 16:00:00-07:00,2026-07-29,820,35,Summer,7,16,Peak,291.236675,261.1148391776141,261.1148391776141,273.8727491083396,273.8727491083396,273.8727491083396,273.8727491083396,266.2430419921875,264.95003439702634,253.62290302865958,304.29211796360767,30.12183582238589,30.12183582238589,10.342734417767229,98.0,98.1,5.0,0.0,Clear/Low,8.590753818933097,Medium-Low,None,0.0,0.0,0.0,other,0.7,170+,0.17,4.9,206.0,1.0,2.14801861926648,0.0,0.20000000000000018,0.0,-0.8000000000000007,1.6999999999999993,0.014263270490609603,-0.227548519940572,-1.0179054604167834,-0.439812921589843,0.09999999999999432,0.0,0.0,0.0,0.0,0.5999999999999943,2.0999999999999943,0.0,0.0,0.0,0.0,0.0,0.0,0.0,0.0,0.0,0.0,0.0,0.0,0.0,-22.282671003083493,-43.73213846915121,-3.542093528330838,4.894032291935815,-0.0,-0.0,0.0,-0.0,-0.0,0.0,0.0,0,0
raw_xgb_lgb_production,Raw_Forecast_MWH,2026-07-27 18:00:00-07:00,2026-07-27,774,33,Summer,7,18,Peak,283.920308,254.07712737795254,254.07712737795254,266.7883546176096,266.7883546176096,266.7883546176096,266.7883546176096,257.33935546875,256.63570867611503,249.12443445489788,285.31297931606616,29.84318062204744,29.84318062204744,10.511111668013351,94.4,95.5,5.0,0.0,Clear/Low,2.349316832365316,Medium-Low,None,0.0,0.0,0.0,other,0.7,170+,0.16,4.5,198.0,1.0,1.3905764746872635,0.0,0.7999999999999998,1.2999999999999998,1.2000000000000002,3.2,-0.05512870072304921,-0.9113108863964205,0.08469208239710468,-0.8534516268574992,1.0999999999999943,0.29999999999999716,1.0999999999999943,0.0,1.9000000000000057,6.5,11.200000000000003,1.0,1.0,0.0,1.0999999999999943,11.200000000000003,1.3905764746872635,0.0,0.0,0.0,1.0,17.104090638653336,12.299999999999997,14.200000000000003,-9.567790427122532,-27.773891352955104,3.0027777076724647,-2.7002419512587608,-9.567790427122532,-27.773891352955104,-3.0027777076724647,2.7002419512587608,2.7002419512587608,2.7002419512587608,0.0,0,0
raw_xgb_lgb_production,Raw_Forecast_MWH,2026-07-19 17:00:00-07:00,2026-07-19,581,25,Summer,7,17,Peak,276.879733,247.23057055626296,247.23057055626296,258.77297528100866,258.77297528100866,258.77297528100866,258.77297528100866,251.0537872314453,250.32131271476726,241.2813423999898,286.1560049987953,29.649162443737026,29.649162443737026,10.708318056539381,96.7,96.7,5.0,0.22,Some Clouds,4.422778793244849,Medium-Low,None,0.0,0.0,0.0,other,0.7,170+,0.16,3.1,266.0,1.0,3.092448555805455,1.0,1.2000000000000002,0.20000000000000018,0.6000000000000001,3.4999999999999996,1.555316266493055,0.19951281005196497,0.6052975041651996,1.1499496681257044,0.0,0.0,0.0,0.0,0.6000000000000085,2.1000000000000085,4.200000000000003,0.0,0.0,0.0,0.0,0.0,0.0,0.0,0.0,0.0,0.0,0.0,0.0,0.0,-21.540018700382916,-43.651499736156126,4.977417531828337,-27.469095758286755,-0.0,-0.0,-0.0,0.0,0.0,0.0,0.0,1,0
raw_xgb_lgb_production,Raw_Forecast_MWH,2026-07-04 13:00:00-07:00,2026-07-04,217,10,Summer,7,13,Midday,190.068458,160.47974706980796,160.47974706980796,173.49779921475198,173.49779921475198,174.07900478091048,179.18307637907859,160.5951690673828,160.8831526220958,159.8128463454771,192.3417139158297,29.588710930192036,29.588710930192036,15.567396737754372,89.1,95.5,5.0,0.62,Mostly Cloudy,21.80899837382286,High,Medium,0.5666996981292378,0.5812055661585035,1.596718588347537,weekend_core_highload_solar_loss,0.364,170+,0.3,3.5,197.0,1.0,1.0233009665295787,0.0,-0.20000000000000018,0.6000000000000001,0.5999999999999996,3.0,0.12818995281080825,0.9220924260923256,0.17542302283364197,0.768341846280916,6.400000000000006,0.0,0.0,0.0,0.0,0.0,0.0,0.0,0.0,0.0,0.0,0.0,0.0,0.0,0.0,0.0,0.0,0.0,0.0,0.0,-14.885108809879739,-24.584897839639552,-9.991145865337273,-4.544694141620909,-0.0,-0.0,0.0,0.0,0.0,0.0,0.0,1,0
raw_xgb_lgb_production,Raw_Forecast_MWH,2026-07-23 20:00:00-07:00,2026-07-23,680,29,Summer,7,20,Peak,260.521791,231.13876940312505,231.13876940312505,241.4617278969485,241.4617278969485,241.4617278969485,241.4617278969485,233.5615997314453,234.42487337977022,225.28265448887683,275.14154872683423,29.383021596874954,29.383021596874954,11.278527406129706,89.6,94.6,4.0,0.0,Clear/Low,0.0743470164164413,Low,None,0.0,0.0,0.0,other,1.0,170+,0.28,7.5,203.0,1.0,2.9304834636695527,0.0,3.6,4.4,0.40000000000000036,0.6999999999999993,0.9218349715203416,-0.16762810008964424,-1.5586628601008023,-2.9304834636695527,5.0,3.9000000000000057,5.0,4.800000000000011,6.099999999999994,10.099999999999994,13.799999999999997,1.0,0.0,0.0,0.0,0.0,0.0,0.0,0.0,0.0,0.0,0.0,0.0,0.0,6.071924028085306,6.551515227308954,34.98160582701166,9.989939391320348,6.071924028085306,6.551515227308954,-34.98160582701166,-9.989939391320348,-0.0,0.0,0.0,0,0
raw_xgb_lgb_production,Raw_Forecast_MWH,2026-07-03 15:00:00-07:00,2026-07-03,195,9,Summer,7,15,Midday,218.395275,189.01885886431717,189.01885886431717,200.8947605796325,200.8947605796325,200.8947605796325,203.80414554597866,189.3291015625,189.95109239034392,187.4652796953657,201.30682998095335,29.37641613568283,29.37641613568283,13.451030996747907,91.9,93.5,4.0,0.0,Clear/Low,17.117358531971828,Medium-High,None,0.0,0.0,0.0,other,0.7,170+,0.22,4.1,201.0,1.0,1.4693085931357315,0.0,0.8999999999999995,0.7999999999999998,0.40000000000000036,1.1000000000000005,-0.41160421420018256,-0.7388224078485006,-0.45702884858833936,0.1375797776139953,1.5999999999999943,0.0,0.0,0.0,0.0,0.0,0.0,0.0,0.0,0.0,0.0,0.0,0.0,0.0,0.0,0.0,0.0,0.0,0.0,0.0,-16.851227815371487,-31.26992750919817,-11.421616996437393,-1.5137198870863529,-0.0,-0.0,0.0,0.0,0.0,0.0,0.0,0,1
raw_xgb_lgb_production,Raw_Forecast_MWH,2026-08-08 20:00:00-07:00,2026-08-08,1064,45,Summer,8,20,Peak,286.025,256.6612123419595,256.6612123419595,268.1463639116793,268.1463639116793,268.1463639116793,268.1463639116793,256.943603515625,259.54862039922546,252.04317363092292,325.8071103354618,29.36378765804045,29.36378765804045,10.266161229976559,92.3,103.90336716817387,6.0,0.0,Clear/Low,0.0,None,None,0.0,0.0,0.0,other,1.0,170+,0.27,8.6,198.0,1.0,2.657546151624548,0.0,2.5999999999999996,3.5,-1.3999999999999995,0.3000000000000007,1.6156570856229655,-1.8030143547863697,-2.0300248038414095,-2.657546151624548,11.603367168173875,5.799999999999997,7.400000000000006,11.603367168173875,4.152870965487978,9.700000000000003,12.07928065270687,1.0,1.0,1.0,11.603367168173875,12.07928065270687,2.657546151624548,0.0,0.0,0.0,1.0,62.93772957666111,23.682647820880746,27.835518786368723,8.342637955175746,5.1309108609443115,13.56059265185695,3.7549558474181595,8.342637955175746,5.1309108609443115,-13.56059265185695,-3.7549558474181595,-3.7549558474181595,8.342637955175746,0.0,1,0
raw_xgb_lgb_production,Raw_Forecast_MWH,2026-07-30 16:00:00-07:00,2026-07-30,844,36,Summer,7,16,Peak,289.990633,260.6696957224848,260.6696957224848,273.42760565321026,273.42760565321026,273.42760565321026,273.42760565321026,264.7044982910156,264.6330398838496,253.2887827350454,307.0134424457591,29.320937277515213,29.320937277515213,10.110994611855347,97.7,97.7,5.0,0.0,Clear/Low,8.843613690389901,Medium-Low,None,0.0,0.0,0.0,other,0.7,170+,0.18,3.5,187.0,1.0,0.42654270191801624,0.0,1.0,-1.2000000000000002,1.0,4.1,-1.0429204288131668,-2.467066232112578,-0.42654270191801624,-0.42654270191801624,0.0,0.0,0.0,0.0,0.20000000000000284,0.7000000000000028,2.700000000000003,0.0,0.0,0.0,0.0,0.0,0.0,0.0,0.0,0.0,0.0,0.0,0.0,0.0,-20.27209097085202,-41.93049172393765,-15.429245241026848,-0.5898841328154276,-0.0,-0.0,0.0,0.0,0.0,0.0,0.0,0,0
raw_xgb_lgb_production,Raw_Forecast_MWH,2026-07-19 14:00:00-07:00,2026-07-19,578,25,Summer,7,14,Midday,219.5707,190.25986119686988,190.25986119686988,201.9697112837683,201.9697112837683,201.9697112837683,204.34319932801296,190.72853088378906,191.83232986205073,187.65493338389447,213.35617438072916,29.31083880313011,29.31083880313011,13.3491576076089,93.2,96.7,5.0,0.28,Some Clouds,19.076548101288537,High,None,0.0,0.0,0.0,other,0.7,170+,0.2,2.9,266.0,1.0,2.89293574575349,0.0,1.0999999999999999,-0.10000000000000009,-0.6000000000000001,0.20000000000000018,1.126006815547695,0.11138418205312783,-0.5929357457534903,0.19951281005196497,3.5,0.0,0.0,0.0,0.0,0.0,0.0,0.0,0.0,0.0,0.0,0.0,0.0,0.0,0.0,0.0,0.0,0.0,0.0,0.0,-17.251904939757083,-31.826759313084125,-5.286485713651956,-52.71218296358026,-0.0,-0.0,0.0,0.0,0.0,0.0,0.0,1,0
raw_xgb_lgb_production,Raw_Forecast_MWH,2026-07-21 21:00:00-07:00,2026-07-21,633,27,Summer,7,21,LateEvening,285.750908,256.66329995598363,256.66329995598363,268.9268070457437,268.9268070457437,268.9268070457437,274.3679542096848,257.8031005859375,260.6960580013364,250.0004514190138,293.30469843072984,29.08760804401635,29.08760804401635,10.179358045650147,92.9,101.2,6.0,0.02,Clear/Low,0.0,None,None,0.0,0.0,0.0,other,1.0,170+,0.25,7.5,202.0,1.0,2.8095494506193397,0.0,0.5999999999999996,1.2000000000000002,2.0,0.0,0.563129184864958,-1.9451209047841242,1.7961419417208626,0.0,8.299999999999997,3.3999999999999915,5.599999999999994,7.099999999999994,3.5,8.0,,1.0,1.0,1.0,8.299999999999997,0.0,2.8095494506193397,0.0,0.0,0.0,1.0,23.31926044014051,8.299999999999997,11.799999999999997,12.415236046761663,17.791794379587373,62.89290362339051,52.23647035269775,12.415236046761663,17.791794379587373,-62.89290362339051,-52.23647035269775,-52.23647035269775,12.415236046761663,0.0,0,0
raw_xgb_lgb_production,Raw_Forecast_MWH,2026-07-31 19:00:00-07:00,2026-07-31,871,37,Summer,7,19,Peak,298.247,269.18745182613947,269.18745182613947,281.19725729536566,281.19725729536566,281.19725729536566,281.19725729536566,271.85699462890625,271.3493700790966,265.02742519927347,336.08034832743124,29.05954817386055,29.05954817386055,9.74345028579015,97.3,98.9,5.0,0.0,Clear/Low,0.3809023081099791,Low,None,0.0,0.0,0.0,other,1.0,170+,0.16,2.9,193.0,1.0,0.6523580575972082,0.0,0.5,0.6000000000000001,0.7000000000000002,3.6999999999999997,-0.5837333221869218,-0.7950788418174178,-0.6523580575972082,0.3801094116683158,1.6000000000000085,1.2000000000000028,1.4000000000000057,1.6000000000000085,3.200000000000003,7.200000000000003,11.799999999999997,1.0,1.0,0.0,1.6000000000000085,11.799999999999997,0.6523580575972082,0.0,0.0,0.0,1.0,8.741597971802594,13.400000000000006,16.60000000000001,-3.6396974424753807,-12.454334050155637,14.57691407436198,22.057224443066673,-3.6396974424753807,-12.454334050155637,-14.57691407436198,-22.057224443066673,-22.057224443066673,0.0,0.0,0,0
raw_xgb_lgb_production,Raw_Forecast_MWH,2026-07-15 14:00:00-07:00,2026-07-15,482,21,Summer,7,14,Midday,305.026375,276.02426256651563,276.02426256651563,289.8741805094059,289.8741805094059,292.1396845165032,294.9992217956895,279.4468078613281,280.1748054367365,268.5241108290793,314.8397965370871,29.002112433484342,29.002112433484342,9.50806710845393,103.1,105.1,7.0,0.0,Clear/Low,14.021094287177808,Medium-High,Extreme,3.7786497217480157,2.2655040070973396,3.2364342958533423,solar_loss_general,0.7,170+,0.16,5.0,253.0,1.0,4.781523779815177,1.0,0.7000000000000002,0.5999999999999996,0.40000000000000036,1.0,0.6280427267721835,0.8268299760988413,-0.10498659937920785,-0.18525712110130854,2.0,0.0,0.0,0.0,0.0,0.0,0.0,0.0,0.0,0.0,0.0,0.0,0.0,0.0,0.0,0.0,0.0,0.0,0.0,0.0,-17.509350644722787,-36.55438839193869,-9.22999562857143,56.9499795770362,-0.0,-0.0,0.0,-0.0,-0.0,0.0,0.0,0,0
raw_xgb_lgb_production,Raw_Forecast_MWH,2026-07-12 14:00:00-07:00,2026-07-12,410,18,Summer,7,14,Midday,193.221008,164.29347776384498,164.29347776384498,176.76633975045183,176.76633975045183,177.4936164835251,181.57092265548462,162.0700225830078,164.1076025627953,165.22084027430503,214.31688803202098,28.927530236155036,28.927530236155036,14.971213811365189,86.0,91.5,4.0,1.0,Overcast,9.1017833275348,Medium-Low,Extreme,8.75953810761666,0.7272767330732554,1.998013002948504,weekend_core_highload_solar_loss,0.364,170+,0.33,3.1,123.0,1.0,0.0,0.0,-0.8999999999999999,-1.9999999999999996,2.8000000000000003,-0.5,0.0,-1.992728755295296,0.0,0.0,5.5,0.0,0.0,0.0,0.0,0.0,0.0,0.0,0.0,0.0,0.0,0.0,0.0,0.0,0.0,0.0,0.0,0.0,0.0,0.0,-7.4579411995314615,-13.205403481575786,-36.40262853235228,-23.4819486356659,-0.0,-0.0,0.0,0.0,0.0,0.0,0.0,1,0
raw_xgb_lgb_production,Raw_Forecast_MWH,2026-08-07 19:00:00-07:00,2026-08-07,1039,44,Summer,8,19,Peak,306.886,277.9904854482855,277.9904854482855,290.2658211759708,290.2658211759708,290.2658211759708,290.2658211759708,280.5535888671875,281.31504297591863,272.0338654994614,370.8798752192743,28.89551455171454,28.89551455171454,9.415716113382345,98.0,102.18406933818633,6.0,0.01,Clear/Low,0.2843611208148977,Low,None,0.0,0.0,0.0,other,1.0,170+,0.19,7.7,176.0,1.0,0.0,0.0,2.7,1.9000000000000004,1.7000000000000002,1.3999999999999995,-0.26167978121471985,-5.1210960385817765,0.16405262051046582,0.0,4.184069338186333,3.200000000000003,4.0,4.184069338186333,7.0,10.633064595912415,17.299999999999997,1.0,1.0,1.0,4.184069338186333,17.299999999999997,0.0,0.0,0.0,0.0,1.0,0.0,21.48406933818633,28.48406933818633,0.726315916803685,-9.389720884376516,7.353561336124471,2.9754259057176,0.726315916803685,-9.389720884376516,-7.353561336124471,-2.9754259057176,-2.9754259057176,0.726315916803685,0.0,0,0
raw_xgb_lgb_production,Raw_Forecast_MWH,2026-08-04 20:00:00-07:00,2026-08-04,968,41,Summer,8,20,Peak,300.216,271.39401476005156,271.39401476005156,282.87916632977135,282.87916632977135,282.87916632977135,282.87916632977135,276.05035400390625,276.0241833436143,262.7876529162088,324.7102282672919,28.821985239948447,28.821985239948447,9.600416113714275,93.2,102.1,6.0,0.0,Clear/Low,0.0586602483307395,Low,None,0.0,0.0,0.0,other,1.0,170+,0.22,7.5,186.0,1.0,0.7839634745074009,0.0,0.5,2.7,0.5,1.8000000000000007,-0.4315737691611119,-0.5390958334141951,-0.7839634745074009,-0.7839634745074009,8.899999999999991,5.299999999999997,8.0,8.899999999999991,5.400000000000006,11.200000000000003,15.700000000000003,1.0,1.0,1.0,8.899999999999991,15.700000000000003,0.7839634745074009,0.0,0.0,0.0,1.0,19.285501472882057,24.599999999999994,30.0,7.950944845408401,8.83329386694578,-4.130206275486728,27.093807603293385,7.950944845408401,8.83329386694578,4.130206275486728,-27.093807603293385,-27.093807603293385,7.950944845408401,0.0,0,0
raw_xgb_lgb_production,Raw_Forecast_MWH,2026-07-22 15:00:00-07:00,2026-07-22,651,28,Summer,7,15,Midday,242.80185,214.01262929564058,214.01262929564058,225.33563740901974,225.33563740901974,225.33563740901974,231.27462654440012,214.73193359375,213.93277987103906,213.932591449126,227.79277965856303,28.789220704359423,28.789220704359423,11.857084575080224,88.9,89.7,3.0,0.0,Clear/Low,17.802957384294906,High,None,0.0,0.0,0.0,other,0.7,170+,0.33,7.0,212.0,1.0,3.7094348496324345,0.0,0.20000000000000018,-0.20000000000000018,0.0,-0.7999999999999998,0.005889411530250577,0.10943484963243355,-0.20943484963243364,-0.6094348496324336,0.7999999999999972,0.0,0.0,0.0,0.0,0.0,0.4000000000000057,0.0,0.0,0.0,0.0,0.0,0.0,0.0,0.0,0.0,0.0,0.0,0.0,0.0,-7.738425824704763,-16.368058221927555,-69.20847793193434,-34.31446739643286,-0.0,-0.0,0.0,0.0,0.0,0.0,0.0,0,0
raw_xgb_lgb_production,Raw_Forecast_MWH,2026-07-29 20:00:00-07:00,2026-07-29,824,35,Summer,7,20,Peak,277.13025,248.35286742207762,248.35286742207762,259.326998899868,259.326998899868,259.326998899868,259.326998899868,250.27655029296875,251.5940013517311,242.71003328379607,295.9261247091428,28.777382577922367,28.777382577922367,10.384064019688347,91.6,98.1,5.0,0.0,Clear/Low,0.0662899835970124,Low,None,0.0,0.0,0.0,other,1.0,170+,0.25,7.5,195.0,1.0,1.9411428382689055,0.0,0.9000000000000004,3.4000000000000004,-0.2999999999999998,-0.40000000000000036,0.23293714059226867,0.8110296794192091,-1.5643239533197089,-1.9411428382689055,6.5,4.300000000000011,5.800000000000011,6.5,4.5,7.799999999999997,11.099999999999994,1.0,1.0,0.0,6.5,11.099999999999994,1.9411428382689055,0.8110296794192091,0.0,0.0,1.0,34.16411395353273,17.599999999999994,22.099999999999994,9.271006998150654,8.270525308485617,19.226374032788385,30.92788336015235,9.271006998150654,8.270525308485617,-19.226374032788385,-30.92788336015235,-30.92788336015235,9.271006998150654,0.0,0,0
raw_xgb_lgb_production,Raw_Forecast_MWH,2026-07-22 20:00:00-07:00,2026-07-22,656,28,Summer,7,20,Peak,237.180016,208.58960568423328,208.58960568423328,222.9523856892877,222.9523856892877,222.9523856892877,230.29127372319812,208.97372436523438,208.93529744292664,207.93662758314332,240.46507284785088,28.590410315766718,28.590410315766718,12.05430828361472,83.2,89.7,3.0,0.0,Clear/Low,0.114530033573823,Low,None,0.0,0.0,0.0,other,1.0,170+,0.36,7.6,208.0,1.0,3.5679838771727703,0.0,0.8999999999999995,0.7999999999999998,0.5,-0.1999999999999993,0.4225244065073013,-0.428955838416047,-0.6652034858558373,-3.5679838771727703,6.5,3.5999999999999943,5.299999999999997,6.0,4.299999999999997,8.200000000000003,10.900000000000006,1.0,0.0,0.0,0.0,0.0,0.0,0.0,0.0,0.0,0.0,0.0,0.0,0.0,6.333944655576602,7.090929747147925,-58.34182710289275,-25.58398686551027,6.333944655576602,7.090929747147925,58.34182710289275,25.58398686551027,0.0,0.0,0.0,0,0
raw_xgb_lgb_production,Raw_Forecast_MWH,2026-08-08 23:00:00-07:00,2026-08-08,1067,45,Summer,8,23,LateEvening,204.195,175.64870403755336,175.64870403755336,186.81951035800046,186.81951035800046,186.81951035800046,194.17835429156494,178.03485107421875,176.6057614027795,173.4630004531507,233.0243002599196,28.546295962446635,28.546295962446635,13.979919176496308,80.22071934729313,103.90336716817387,6.0,0.0,Clear/Low,0.0,None,None,0.0,0.0,0.0,other,1.0,170+,0.32,8.9,162.0,1.0,0.0,0.0,1.3000000000000007,0.3000000000000007,0.0,0.0,0.0,-2.657546151624548,0.0,0.0,23.682647820880746,2.3792806527068677,7.926409687218893,12.07928065270687,,,,1.0,1.0,1.0,23.682647820880746,0.0,0.0,0.0,0.0,0.0,1.0,0.0,23.682647820880746,23.682647820880746,30.76551699084237,53.72582594506858,28.640415450673316,15.173075802889741,30.76551699084237,53.72582594506858,-28.640415450673316,-15.173075802889741,-15.173075802889741,30.76551699084237,0.0,1,0
